solid exported
	facet normal 0.1205379586213602 0 0.9927087188754793
		outer loop
			vertex -0.009823258966207504 0.027544643729925156 -0.013956412672996521
			vertex -0.009464285336434841 0.024544643238186836 -0.014000000432133675
			vertex -0.009464285336434841 0.027544643729925156 -0.014000000432133675
		endloop
	endfacet
	facet normal 0.1205379586213602 0 0.9927087188754793
		outer loop
			vertex -0.009823258966207504 0.027544643729925156 -0.013956412672996521
			vertex -0.009823258966207504 0.024544643238186836 -0.013956412672996521
			vertex -0.009464285336434841 0.024544643238186836 -0.014000000432133675
		endloop
	endfacet
	facet normal 0.3546039231812923 0 0.9350166082291994
		outer loop
			vertex -0.010161370038986206 0.027544643729925156 -0.013828184455633163
			vertex -0.010161370038986206 0.024544643238186836 -0.013828184455633163
			vertex -0.009823258966207504 0.024544643238186836 -0.013956412672996521
		endloop
	endfacet
	facet normal 0.3546039231812923 0 0.9350166082291994
		outer loop
			vertex -0.010161370038986206 0.027544643729925156 -0.013828184455633163
			vertex -0.009823258966207504 0.024544643238186836 -0.013956412672996521
			vertex -0.009823258966207504 0.027544643729925156 -0.013956412672996521
		endloop
	endfacet
	facet normal 0.5680647676524936 0 0.8229838514526994
		outer loop
			vertex -0.01045896951109171 0.027544643729925156 -0.013622766360640526
			vertex -0.01045896951109171 0.024544643238186836 -0.013622766360640526
			vertex -0.010161370038986206 0.024544643238186836 -0.013828184455633163
		endloop
	endfacet
	facet normal 0.5680647676524936 0 0.8229838514526994
		outer loop
			vertex -0.01045896951109171 0.027544643729925156 -0.013622766360640526
			vertex -0.010161370038986206 0.024544643238186836 -0.013828184455633163
			vertex -0.010161370038986206 0.027544643729925156 -0.013828184455633163
		endloop
	endfacet
	facet normal 0.7485105264162675 0 0.6631229085501739
		outer loop
			vertex -0.01069876179099083 0.027544643729925156 -0.013352097012102604
			vertex -0.01069876179099083 0.024544643238186836 -0.013352097012102604
			vertex -0.01045896951109171 0.024544643238186836 -0.013622766360640526
		endloop
	endfacet
	facet normal 0.7485105264162675 0 0.6631229085501739
		outer loop
			vertex -0.01069876179099083 0.027544643729925156 -0.013352097012102604
			vertex -0.01045896951109171 0.024544643238186836 -0.013622766360640526
			vertex -0.01045896951109171 0.027544643729925156 -0.013622766360640526
		endloop
	endfacet
	facet normal 0.8854567509715209 0 0.4647217900625688
		outer loop
			vertex -0.010866809636354446 0.027544643729925156 -0.013031907379627228
			vertex -0.010866809636354446 0.024544643238186836 -0.013031907379627228
			vertex -0.01069876179099083 0.024544643238186836 -0.013352097012102604
		endloop
	endfacet
	facet normal 0.8854567509715209 0 0.4647217900625688
		outer loop
			vertex -0.010866809636354446 0.027544643729925156 -0.013031907379627228
			vertex -0.01069876179099083 0.024544643238186836 -0.013352097012102604
			vertex -0.01069876179099083 0.027544643729925156 -0.013352097012102604
		endloop
	endfacet
	facet normal 0.9709414757238609 0 0.23931705062358422
		outer loop
			vertex -0.010953349061310291 0.027544643729925156 -0.012680805288255215
			vertex -0.010953349061310291 0.024544643238186836 -0.012680805288255215
			vertex -0.010866809636354446 0.024544643238186836 -0.013031907379627228
		endloop
	endfacet
	facet normal 0.9709414757238609 0 0.23931705062358422
		outer loop
			vertex -0.010953349061310291 0.027544643729925156 -0.012680805288255215
			vertex -0.010866809636354446 0.024544643238186836 -0.013031907379627228
			vertex -0.010866809636354446 0.027544643729925156 -0.013031907379627228
		endloop
	endfacet
	facet normal 1 0 0
		outer loop
			vertex -0.010953349061310291 0.027544643729925156 -0.012319195084273815
			vertex -0.010953349061310291 0.024544643238186836 -0.012319195084273815
			vertex -0.010953349061310291 0.024544643238186836 -0.012680805288255215
		endloop
	endfacet
	facet normal 1 0 0
		outer loop
			vertex -0.010953349061310291 0.027544643729925156 -0.012319195084273815
			vertex -0.010953349061310291 0.024544643238186836 -0.012680805288255215
			vertex -0.010953349061310291 0.027544643729925156 -0.012680805288255215
		endloop
	endfacet
	facet normal 0.9709414757238609 0 -0.23931705062358422
		outer loop
			vertex -0.010866809636354446 0.027544643729925156 -0.011968092992901802
			vertex -0.010866809636354446 0.024544643238186836 -0.011968092992901802
			vertex -0.010953349061310291 0.024544643238186836 -0.012319195084273815
		endloop
	endfacet
	facet normal 0.9709414757238609 0 -0.23931705062358422
		outer loop
			vertex -0.010866809636354446 0.027544643729925156 -0.011968092992901802
			vertex -0.010953349061310291 0.024544643238186836 -0.012319195084273815
			vertex -0.010953349061310291 0.027544643729925156 -0.012319195084273815
		endloop
	endfacet
	facet normal 0.885457307189221 0 -0.464720730272724
		outer loop
			vertex -0.01069876179099083 0.027544643729925156 -0.011647902429103851
			vertex -0.01069876179099083 0.024544643238186836 -0.011647902429103851
			vertex -0.010866809636354446 0.024544643238186836 -0.011968092992901802
		endloop
	endfacet
	facet normal 0.885457307189221 0 -0.464720730272724
		outer loop
			vertex -0.01069876179099083 0.027544643729925156 -0.011647902429103851
			vertex -0.010866809636354446 0.024544643238186836 -0.011968092992901802
			vertex -0.010866809636354446 0.027544643729925156 -0.011968092992901802
		endloop
	endfacet
	facet normal 0.7485093938900004 0 -0.6631241869050052
		outer loop
			vertex -0.01045896951109171 0.027544643729925156 -0.011377234011888504
			vertex -0.01045896951109171 0.024544643238186836 -0.011377234011888504
			vertex -0.01069876179099083 0.024544643238186836 -0.011647902429103851
		endloop
	endfacet
	facet normal 0.7485093938900004 0 -0.6631241869050052
		outer loop
			vertex -0.01045896951109171 0.027544643729925156 -0.011377234011888504
			vertex -0.01069876179099083 0.024544643238186836 -0.011647902429103851
			vertex -0.01069876179099083 0.027544643729925156 -0.011647902429103851
		endloop
	endfacet
	facet normal 0.5680647676524936 0 -0.8229838514526994
		outer loop
			vertex -0.010161370038986206 0.027544643729925156 -0.011171815916895866
			vertex -0.010161370038986206 0.024544643238186836 -0.011171815916895866
			vertex -0.01045896951109171 0.024544643238186836 -0.011377234011888504
		endloop
	endfacet
	facet normal 0.5680647676524936 0 -0.8229838514526994
		outer loop
			vertex -0.010161370038986206 0.027544643729925156 -0.011171815916895866
			vertex -0.01045896951109171 0.024544643238186836 -0.011377234011888504
			vertex -0.01045896951109171 0.027544643729925156 -0.011377234011888504
		endloop
	endfacet
	facet normal 0.3546039231812923 0 -0.9350166082291994
		outer loop
			vertex -0.009823258966207504 0.027544643729925156 -0.011043587699532509
			vertex -0.009823258966207504 0.024544643238186836 -0.011043587699532509
			vertex -0.010161370038986206 0.024544643238186836 -0.011171815916895866
		endloop
	endfacet
	facet normal 0.3546039231812923 0 -0.9350166082291994
		outer loop
			vertex -0.009823258966207504 0.027544643729925156 -0.011043587699532509
			vertex -0.010161370038986206 0.024544643238186836 -0.011171815916895866
			vertex -0.010161370038986206 0.027544643729925156 -0.011171815916895866
		endloop
	endfacet
	facet normal 0.1205379586213602 0 -0.9927087188754793
		outer loop
			vertex -0.009464285336434841 0.027544643729925156 -0.010999999940395355
			vertex -0.009464285336434841 0.024544643238186836 -0.010999999940395355
			vertex -0.009823258966207504 0.024544643238186836 -0.011043587699532509
		endloop
	endfacet
	facet normal 0.1205379586213602 0 -0.9927087188754793
		outer loop
			vertex -0.009464285336434841 0.027544643729925156 -0.010999999940395355
			vertex -0.009823258966207504 0.024544643238186836 -0.011043587699532509
			vertex -0.009823258966207504 0.027544643729925156 -0.011043587699532509
		endloop
	endfacet
	facet normal 0.12053765044168992 0 0.9927087562956202
		outer loop
			vertex -0.025823259726166725 0.027544643729925156 -0.013956412672996521
			vertex -0.025464285165071487 0.024544643238186836 -0.014000000432133675
			vertex -0.025464285165071487 0.027544643729925156 -0.014000000432133675
		endloop
	endfacet
	facet normal 0.12053765044168992 0 0.9927087562956202
		outer loop
			vertex -0.025823259726166725 0.027544643729925156 -0.013956412672996521
			vertex -0.025823259726166725 0.024544643238186836 -0.013956412672996521
			vertex -0.025464285165071487 0.024544643238186836 -0.014000000432133675
		endloop
	endfacet
	facet normal 0.3546039231812923 0 0.9350166082291994
		outer loop
			vertex -0.026161370798945427 0.027544643729925156 -0.013828184455633163
			vertex -0.026161370798945427 0.024544643238186836 -0.013828184455633163
			vertex -0.025823259726166725 0.024544643238186836 -0.013956412672996521
		endloop
	endfacet
	facet normal 0.3546039231812923 0 0.9350166082291994
		outer loop
			vertex -0.026161370798945427 0.027544643729925156 -0.013828184455633163
			vertex -0.025823259726166725 0.024544643238186836 -0.013956412672996521
			vertex -0.025823259726166725 0.027544643729925156 -0.013956412672996521
		endloop
	endfacet
	facet normal 0.5680659717153421 0 0.8229830203467773
		outer loop
			vertex -0.026458969339728355 0.027544643729925156 -0.013622766360640526
			vertex -0.026458969339728355 0.024544643238186836 -0.013622766360640526
			vertex -0.026161370798945427 0.024544643238186836 -0.013828184455633163
		endloop
	endfacet
	facet normal 0.5680659717153421 0 0.8229830203467773
		outer loop
			vertex -0.026458969339728355 0.027544643729925156 -0.013622766360640526
			vertex -0.026161370798945427 0.024544643238186836 -0.013828184455633163
			vertex -0.026161370798945427 0.027544643729925156 -0.013828184455633163
		endloop
	endfacet
	facet normal 0.748511804770394 0 0.6631214655848261
		outer loop
			vertex -0.0266987606883049 0.027544643729925156 -0.013352097012102604
			vertex -0.0266987606883049 0.024544643238186836 -0.013352097012102604
			vertex -0.026458969339728355 0.024544643238186836 -0.013622766360640526
		endloop
	endfacet
	facet normal 0.748511804770394 0 0.6631214655848261
		outer loop
			vertex -0.0266987606883049 0.027544643729925156 -0.013352097012102604
			vertex -0.026458969339728355 0.024544643238186836 -0.013622766360640526
			vertex -0.026458969339728355 0.027544643729925156 -0.013622766360640526
		endloop
	endfacet
	facet normal 0.885454631383527 0 0.46472582859301276
		outer loop
			vertex -0.026866810396313667 0.027544643729925156 -0.013031907379627228
			vertex -0.026866810396313667 0.024544643238186836 -0.013031907379627228
			vertex -0.0266987606883049 0.024544643238186836 -0.013352097012102604
		endloop
	endfacet
	facet normal 0.885454631383527 0 0.46472582859301276
		outer loop
			vertex -0.026866810396313667 0.027544643729925156 -0.013031907379627228
			vertex -0.0266987606883049 0.024544643238186836 -0.013352097012102604
			vertex -0.0266987606883049 0.027544643729925156 -0.013352097012102604
		endloop
	endfacet
	facet normal 0.9709420741692522 0 0.23931462263704342
		outer loop
			vertex -0.026953348889946938 0.027544643729925156 -0.012680805288255215
			vertex -0.026953348889946938 0.024544643238186836 -0.012680805288255215
			vertex -0.026866810396313667 0.024544643238186836 -0.013031907379627228
		endloop
	endfacet
	facet normal 0.9709420741692522 0 0.23931462263704342
		outer loop
			vertex -0.026953348889946938 0.027544643729925156 -0.012680805288255215
			vertex -0.026866810396313667 0.024544643238186836 -0.013031907379627228
			vertex -0.026866810396313667 0.027544643729925156 -0.013031907379627228
		endloop
	endfacet
	facet normal 1 0 0
		outer loop
			vertex -0.026953348889946938 0.027544643729925156 -0.012319195084273815
			vertex -0.026953348889946938 0.024544643238186836 -0.012319195084273815
			vertex -0.026953348889946938 0.024544643238186836 -0.012680805288255215
		endloop
	endfacet
	facet normal 1 0 0
		outer loop
			vertex -0.026953348889946938 0.027544643729925156 -0.012319195084273815
			vertex -0.026953348889946938 0.024544643238186836 -0.012680805288255215
			vertex -0.026953348889946938 0.027544643729925156 -0.012680805288255215
		endloop
	endfacet
	facet normal 0.9709420741692522 0 -0.23931462263704342
		outer loop
			vertex -0.026866810396313667 0.027544643729925156 -0.011968092992901802
			vertex -0.026866810396313667 0.024544643238186836 -0.011968092992901802
			vertex -0.026953348889946938 0.024544643238186836 -0.012319195084273815
		endloop
	endfacet
	facet normal 0.9709420741692522 0 -0.23931462263704342
		outer loop
			vertex -0.026866810396313667 0.027544643729925156 -0.011968092992901802
			vertex -0.026953348889946938 0.024544643238186836 -0.012319195084273815
			vertex -0.026953348889946938 0.027544643729925156 -0.012319195084273815
		endloop
	endfacet
	facet normal 0.885455187609563 0 -0.4647247687990319
		outer loop
			vertex -0.0266987606883049 0.027544643729925156 -0.011647902429103851
			vertex -0.0266987606883049 0.024544643238186836 -0.011647902429103851
			vertex -0.026866810396313667 0.024544643238186836 -0.011968092992901802
		endloop
	endfacet
	facet normal 0.885455187609563 0 -0.4647247687990319
		outer loop
			vertex -0.0266987606883049 0.027544643729925156 -0.011647902429103851
			vertex -0.026866810396313667 0.024544643238186836 -0.011968092992901802
			vertex -0.026866810396313667 0.027544643729925156 -0.011968092992901802
		endloop
	endfacet
	facet normal 0.7485106722471215 0 -0.6631227439412423
		outer loop
			vertex -0.026458969339728355 0.027544643729925156 -0.011377234011888504
			vertex -0.026458969339728355 0.024544643238186836 -0.011377234011888504
			vertex -0.0266987606883049 0.024544643238186836 -0.011647902429103851
		endloop
	endfacet
	facet normal 0.7485106722471215 0 -0.6631227439412423
		outer loop
			vertex -0.026458969339728355 0.027544643729925156 -0.011377234011888504
			vertex -0.0266987606883049 0.024544643238186836 -0.011647902429103851
			vertex -0.0266987606883049 0.027544643729925156 -0.011647902429103851
		endloop
	endfacet
	facet normal 0.5680659717153421 0 -0.8229830203467773
		outer loop
			vertex -0.026161370798945427 0.027544643729925156 -0.011171815916895866
			vertex -0.026161370798945427 0.024544643238186836 -0.011171815916895866
			vertex -0.026458969339728355 0.024544643238186836 -0.011377234011888504
		endloop
	endfacet
	facet normal 0.5680659717153421 0 -0.8229830203467773
		outer loop
			vertex -0.026161370798945427 0.027544643729925156 -0.011171815916895866
			vertex -0.026458969339728355 0.024544643238186836 -0.011377234011888504
			vertex -0.026458969339728355 0.027544643729925156 -0.011377234011888504
		endloop
	endfacet
	facet normal 0.3546039231812923 0 -0.9350166082291994
		outer loop
			vertex -0.025823259726166725 0.027544643729925156 -0.011043587699532509
			vertex -0.025823259726166725 0.024544643238186836 -0.011043587699532509
			vertex -0.026161370798945427 0.024544643238186836 -0.011171815916895866
		endloop
	endfacet
	facet normal 0.3546039231812923 0 -0.9350166082291994
		outer loop
			vertex -0.025823259726166725 0.027544643729925156 -0.011043587699532509
			vertex -0.026161370798945427 0.024544643238186836 -0.011171815916895866
			vertex -0.026161370798945427 0.027544643729925156 -0.011171815916895866
		endloop
	endfacet
	facet normal 0.12053765044168992 0 -0.9927087562956202
		outer loop
			vertex -0.025464285165071487 0.027544643729925156 -0.010999999940395355
			vertex -0.025464285165071487 0.024544643238186836 -0.010999999940395355
			vertex -0.025823259726166725 0.024544643238186836 -0.011043587699532509
		endloop
	endfacet
	facet normal 0.12053765044168992 0 -0.9927087562956202
		outer loop
			vertex -0.025464285165071487 0.027544643729925156 -0.010999999940395355
			vertex -0.025823259726166725 0.024544643238186836 -0.011043587699532509
			vertex -0.025823259726166725 0.027544643729925156 -0.011043587699532509
		endloop
	endfacet
	facet normal 0.12053826680259472 0 0.9927086814550514
		outer loop
			vertex -0.01782325841486454 0.027544643729925156 -0.013956412672996521
			vertex -0.01746428571641445 0.024544643238186836 -0.014000000432133675
			vertex -0.01746428571641445 0.027544643729925156 -0.014000000432133675
		endloop
	endfacet
	facet normal 0.12053826680259472 0 0.9927086814550514
		outer loop
			vertex -0.01782325841486454 0.027544643729925156 -0.013956412672996521
			vertex -0.01782325841486454 0.024544643238186836 -0.013956412672996521
			vertex -0.01746428571641445 0.024544643238186836 -0.014000000432133675
		endloop
	endfacet
	facet normal 0.35460221532636466 0 0.9350172559293409
		outer loop
			vertex -0.01816137135028839 0.027544643729925156 -0.013828184455633163
			vertex -0.01816137135028839 0.024544643238186836 -0.013828184455633163
			vertex -0.01782325841486454 0.024544643238186836 -0.013956412672996521
		endloop
	endfacet
	facet normal 0.35460221532636466 0 0.9350172559293409
		outer loop
			vertex -0.01816137135028839 0.027544643729925156 -0.013828184455633163
			vertex -0.01782325841486454 0.024544643238186836 -0.013956412672996521
			vertex -0.01782325841486454 0.027544643729925156 -0.013956412672996521
		endloop
	endfacet
	facet normal 0.5680659717153421 0 0.8229830203467773
		outer loop
			vertex -0.01845896989107132 0.027544643729925156 -0.013622766360640526
			vertex -0.01845896989107132 0.024544643238186836 -0.013622766360640526
			vertex -0.01816137135028839 0.024544643238186836 -0.013828184455633163
		endloop
	endfacet
	facet normal 0.5680659717153421 0 0.8229830203467773
		outer loop
			vertex -0.01845896989107132 0.027544643729925156 -0.013622766360640526
			vertex -0.01816137135028839 0.024544643238186836 -0.013828184455633163
			vertex -0.01816137135028839 0.027544643729925156 -0.013828184455633163
		endloop
	endfacet
	facet normal 0.748511804770394 0 0.6631214655848261
		outer loop
			vertex -0.018698761239647865 0.027544643729925156 -0.013352097012102604
			vertex -0.018698761239647865 0.024544643238186836 -0.013352097012102604
			vertex -0.01845896989107132 0.024544643238186836 -0.013622766360640526
		endloop
	endfacet
	facet normal 0.748511804770394 0 0.6631214655848261
		outer loop
			vertex -0.018698761239647865 0.027544643729925156 -0.013352097012102604
			vertex -0.01845896989107132 0.024544643238186836 -0.013622766360640526
			vertex -0.01845896989107132 0.027544643729925156 -0.013622766360640526
		endloop
	endfacet
	facet normal 0.885454631383527 0 0.46472582859301276
		outer loop
			vertex -0.01886681094765663 0.027544643729925156 -0.013031907379627228
			vertex -0.01886681094765663 0.024544643238186836 -0.013031907379627228
			vertex -0.018698761239647865 0.024544643238186836 -0.013352097012102604
		endloop
	endfacet
	facet normal 0.885454631383527 0 0.46472582859301276
		outer loop
			vertex -0.01886681094765663 0.027544643729925156 -0.013031907379627228
			vertex -0.018698761239647865 0.024544643238186836 -0.013352097012102604
			vertex -0.018698761239647865 0.027544643729925156 -0.013352097012102604
		endloop
	endfacet
	facet normal 0.9709420741692522 0 0.23931462263704342
		outer loop
			vertex -0.0189533494412899 0.027544643729925156 -0.012680805288255215
			vertex -0.0189533494412899 0.024544643238186836 -0.012680805288255215
			vertex -0.01886681094765663 0.024544643238186836 -0.013031907379627228
		endloop
	endfacet
	facet normal 0.9709420741692522 0 0.23931462263704342
		outer loop
			vertex -0.0189533494412899 0.027544643729925156 -0.012680805288255215
			vertex -0.01886681094765663 0.024544643238186836 -0.013031907379627228
			vertex -0.01886681094765663 0.027544643729925156 -0.013031907379627228
		endloop
	endfacet
	facet normal 1 0 0
		outer loop
			vertex -0.0189533494412899 0.027544643729925156 -0.012319195084273815
			vertex -0.0189533494412899 0.024544643238186836 -0.012319195084273815
			vertex -0.0189533494412899 0.024544643238186836 -0.012680805288255215
		endloop
	endfacet
	facet normal 1 0 0
		outer loop
			vertex -0.0189533494412899 0.027544643729925156 -0.012319195084273815
			vertex -0.0189533494412899 0.024544643238186836 -0.012680805288255215
			vertex -0.0189533494412899 0.027544643729925156 -0.012680805288255215
		endloop
	endfacet
	facet normal 0.9709420741692522 0 -0.23931462263704342
		outer loop
			vertex -0.01886681094765663 0.027544643729925156 -0.011968092992901802
			vertex -0.01886681094765663 0.024544643238186836 -0.011968092992901802
			vertex -0.0189533494412899 0.024544643238186836 -0.012319195084273815
		endloop
	endfacet
	facet normal 0.9709420741692522 0 -0.23931462263704342
		outer loop
			vertex -0.01886681094765663 0.027544643729925156 -0.011968092992901802
			vertex -0.0189533494412899 0.024544643238186836 -0.012319195084273815
			vertex -0.0189533494412899 0.027544643729925156 -0.012319195084273815
		endloop
	endfacet
	facet normal 0.885455187609563 0 -0.4647247687990319
		outer loop
			vertex -0.018698761239647865 0.027544643729925156 -0.011647902429103851
			vertex -0.018698761239647865 0.024544643238186836 -0.011647902429103851
			vertex -0.01886681094765663 0.024544643238186836 -0.011968092992901802
		endloop
	endfacet
	facet normal 0.885455187609563 0 -0.4647247687990319
		outer loop
			vertex -0.018698761239647865 0.027544643729925156 -0.011647902429103851
			vertex -0.01886681094765663 0.024544643238186836 -0.011968092992901802
			vertex -0.01886681094765663 0.027544643729925156 -0.011968092992901802
		endloop
	endfacet
	facet normal 0.7485106722471215 0 -0.6631227439412423
		outer loop
			vertex -0.01845896989107132 0.027544643729925156 -0.011377234011888504
			vertex -0.01845896989107132 0.024544643238186836 -0.011377234011888504
			vertex -0.018698761239647865 0.024544643238186836 -0.011647902429103851
		endloop
	endfacet
	facet normal 0.7485106722471215 0 -0.6631227439412423
		outer loop
			vertex -0.01845896989107132 0.027544643729925156 -0.011377234011888504
			vertex -0.018698761239647865 0.024544643238186836 -0.011647902429103851
			vertex -0.018698761239647865 0.027544643729925156 -0.011647902429103851
		endloop
	endfacet
	facet normal 0.5680659717153421 0 -0.8229830203467773
		outer loop
			vertex -0.01816137135028839 0.027544643729925156 -0.011171815916895866
			vertex -0.01816137135028839 0.024544643238186836 -0.011171815916895866
			vertex -0.01845896989107132 0.024544643238186836 -0.011377234011888504
		endloop
	endfacet
	facet normal 0.5680659717153421 0 -0.8229830203467773
		outer loop
			vertex -0.01816137135028839 0.027544643729925156 -0.011171815916895866
			vertex -0.01845896989107132 0.024544643238186836 -0.011377234011888504
			vertex -0.01845896989107132 0.027544643729925156 -0.011377234011888504
		endloop
	endfacet
	facet normal 0.35460221532636466 0 -0.9350172559293409
		outer loop
			vertex -0.01782325841486454 0.027544643729925156 -0.011043587699532509
			vertex -0.01782325841486454 0.024544643238186836 -0.011043587699532509
			vertex -0.01816137135028839 0.024544643238186836 -0.011171815916895866
		endloop
	endfacet
	facet normal 0.35460221532636466 0 -0.9350172559293409
		outer loop
			vertex -0.01782325841486454 0.027544643729925156 -0.011043587699532509
			vertex -0.01816137135028839 0.024544643238186836 -0.011171815916895866
			vertex -0.01816137135028839 0.027544643729925156 -0.011171815916895866
		endloop
	endfacet
	facet normal 0.12053826680259472 0 -0.9927086814550514
		outer loop
			vertex -0.01746428571641445 0.027544643729925156 -0.010999999940395355
			vertex -0.01746428571641445 0.024544643238186836 -0.010999999940395355
			vertex -0.01782325841486454 0.024544643238186836 -0.011043587699532509
		endloop
	endfacet
	facet normal 0.12053826680259472 0 -0.9927086814550514
		outer loop
			vertex -0.01746428571641445 0.027544643729925156 -0.010999999940395355
			vertex -0.01782325841486454 0.024544643238186836 -0.011043587699532509
			vertex -0.01782325841486454 0.027544643729925156 -0.011043587699532509
		endloop
	endfacet
	facet normal -0.9927091481344209 0.12053442334135248 0
		outer loop
			vertex -0.03769334405660629 0.08237853646278381 0
			vertex -0.03766428679227829 0.082617849111557 0.003000000026077032
			vertex -0.03766428679227829 0.082617849111557 0
		endloop
	endfacet
	facet normal -0.9927091481344209 0.12053442334135248 0
		outer loop
			vertex -0.03769334405660629 0.08237853646278381 0
			vertex -0.03769334405660629 0.08237853646278381 0.003000000026077032
			vertex -0.03766428679227829 0.082617849111557 0.003000000026077032
		endloop
	endfacet
	facet normal -0.9350196114444252 0.3545960042277918 0
		outer loop
			vertex -0.0377788282930851 0.08215312659740448 0
			vertex -0.0377788282930851 0.08215312659740448 0.003000000026077032
			vertex -0.03769334405660629 0.08237853646278381 0.003000000026077032
		endloop
	endfacet
	facet normal -0.9350196114444252 0.3545960042277918 0
		outer loop
			vertex -0.0377788282930851 0.08215312659740448 0
			vertex -0.03769334405660629 0.08237853646278381 0.003000000026077032
			vertex -0.03769334405660629 0.08237853646278381 0
		endloop
	endfacet
	facet normal -0.8229863447387565 0.5680611554872775 0
		outer loop
			vertex -0.03791577368974686 0.081954725086689 0
			vertex -0.03791577368974686 0.081954725086689 0.003000000026077032
			vertex -0.0377788282930851 0.08215312659740448 0.003000000026077032
		endloop
	endfacet
	facet normal -0.8229863447387565 0.5680611554872775 0
		outer loop
			vertex -0.03791577368974686 0.081954725086689 0
			vertex -0.0377788282930851 0.08215312659740448 0.003000000026077032
			vertex -0.0377788282930851 0.08215312659740448 0
		endloop
	endfacet
	facet normal -0.6631198579915368 0.748513228966118 0
		outer loop
			vertex -0.038096219301223755 0.0817948654294014 0
			vertex -0.038096219301223755 0.0817948654294014 0.003000000026077032
			vertex -0.03791577368974686 0.081954725086689 0.003000000026077032
		endloop
	endfacet
	facet normal -0.6631198579915368 0.748513228966118 0
		outer loop
			vertex -0.038096219301223755 0.0817948654294014 0
			vertex -0.03791577368974686 0.081954725086689 0.003000000026077032
			vertex -0.03791577368974686 0.081954725086689 0
		endloop
	endfacet
	facet normal -0.46472456814554997 0.8854552929210667 0
		outer loop
			vertex -0.03830968216061592 0.08168283104896545 0
			vertex -0.03830968216061592 0.08168283104896545 0.003000000026077032
			vertex -0.038096219301223755 0.0817948654294014 0.003000000026077032
		endloop
	endfacet
	facet normal -0.46472456814554997 0.8854552929210667 0
		outer loop
			vertex -0.03830968216061592 0.08168283104896545 0
			vertex -0.038096219301223755 0.0817948654294014 0.003000000026077032
			vertex -0.038096219301223755 0.0817948654294014 0
		endloop
	endfacet
	facet normal -0.2393055090688253 0.9709443204063304 0
		outer loop
			vertex -0.03854374960064888 0.08162514120340347 0
			vertex -0.03854374960064888 0.08162514120340347 0.003000000026077032
			vertex -0.03830968216061592 0.08168283104896545 0.003000000026077032
		endloop
	endfacet
	facet normal -0.2393055090688253 0.9709443204063304 0
		outer loop
			vertex -0.03854374960064888 0.08162514120340347 0
			vertex -0.03830968216061592 0.08168283104896545 0.003000000026077032
			vertex -0.03830968216061592 0.08168283104896545 0
		endloop
	endfacet
	facet normal 0 1 0
		outer loop
			vertex -0.03878482058644295 0.08162514120340347 0
			vertex -0.03878482058644295 0.08162514120340347 0.003000000026077032
			vertex -0.03854374960064888 0.08162514120340347 0.003000000026077032
		endloop
	endfacet
	facet normal 0 1 0
		outer loop
			vertex -0.03878482058644295 0.08162514120340347 0
			vertex -0.03854374960064888 0.08162514120340347 0.003000000026077032
			vertex -0.03854374960064888 0.08162514120340347 0
		endloop
	endfacet
	facet normal 0.2393019185753172 0.9709452053366205 0
		outer loop
			vertex -0.039018891751766205 0.08168283104896545 0
			vertex -0.039018891751766205 0.08168283104896545 0.003000000026077032
			vertex -0.03878482058644295 0.08162514120340347 0.003000000026077032
		endloop
	endfacet
	facet normal 0.2393019185753172 0.9709452053366205 0
		outer loop
			vertex -0.039018891751766205 0.08168283104896545 0
			vertex -0.03878482058644295 0.08162514120340347 0.003000000026077032
			vertex -0.03878482058644295 0.08162514120340347 0
		endloop
	endfacet
	facet normal 0.4647309268967393 0.8854519555490843 0
		outer loop
			vertex -0.03923235088586807 0.0817948654294014 0
			vertex -0.03923235088586807 0.0817948654294014 0.003000000026077032
			vertex -0.039018891751766205 0.08168283104896545 0.003000000026077032
		endloop
	endfacet
	facet normal 0.4647309268967393 0.8854519555490843 0
		outer loop
			vertex -0.03923235088586807 0.0817948654294014 0
			vertex -0.039018891751766205 0.08168283104896545 0.003000000026077032
			vertex -0.039018891751766205 0.08168283104896545 0
		endloop
	endfacet
	facet normal 0.6631198579915368 0.748513228966118 0
		outer loop
			vertex -0.03941279649734497 0.081954725086689 0
			vertex -0.03941279649734497 0.081954725086689 0.003000000026077032
			vertex -0.03923235088586807 0.0817948654294014 0.003000000026077032
		endloop
	endfacet
	facet normal 0.6631198579915368 0.748513228966118 0
		outer loop
			vertex -0.03941279649734497 0.081954725086689 0
			vertex -0.03923235088586807 0.0817948654294014 0.003000000026077032
			vertex -0.03923235088586807 0.0817948654294014 0
		endloop
	endfacet
	facet normal 0.8229863447387565 0.5680611554872775 0
		outer loop
			vertex -0.03954974189400673 0.08215312659740448 0
			vertex -0.03954974189400673 0.08215312659740448 0.003000000026077032
			vertex -0.03941279649734497 0.081954725086689 0.003000000026077032
		endloop
	endfacet
	facet normal 0.8229863447387565 0.5680611554872775 0
		outer loop
			vertex -0.03954974189400673 0.08215312659740448 0
			vertex -0.03941279649734497 0.081954725086689 0.003000000026077032
			vertex -0.03941279649734497 0.081954725086689 0
		endloop
	endfacet
	facet normal 0.9350196114444252 0.3545960042277918 0
		outer loop
			vertex -0.039635226130485535 0.08237853646278381 0
			vertex -0.039635226130485535 0.08237853646278381 0.003000000026077032
			vertex -0.03954974189400673 0.08215312659740448 0.003000000026077032
		endloop
	endfacet
	facet normal 0.9350196114444252 0.3545960042277918 0
		outer loop
			vertex -0.039635226130485535 0.08237853646278381 0
			vertex -0.03954974189400673 0.08215312659740448 0.003000000026077032
			vertex -0.03954974189400673 0.08215312659740448 0
		endloop
	endfacet
	facet normal 0.9927072989669914 0.12054965191845424 0
		outer loop
			vertex -0.039664287120103836 0.082617849111557 0
			vertex -0.039664287120103836 0.082617849111557 0.003000000026077032
			vertex -0.039635226130485535 0.08237853646278381 0.003000000026077032
		endloop
	endfacet
	facet normal 0.9927072989669914 0.12054965191845424 0
		outer loop
			vertex -0.039664287120103836 0.082617849111557 0
			vertex -0.039635226130485535 0.08237853646278381 0.003000000026077032
			vertex -0.039635226130485535 0.08237853646278381 0
		endloop
	endfacet
	facet normal -0.9927095971368494 0.12053072534583956 0
		outer loop
			vertex -0.03769334405660629 0.06457853317260742 0
			vertex -0.03766428679227829 0.06481785327196121 0.003000000026077032
			vertex -0.03766428679227829 0.06481785327196121 0
		endloop
	endfacet
	facet normal -0.9927095971368494 0.12053072534583956 0
		outer loop
			vertex -0.03769334405660629 0.06457853317260742 0
			vertex -0.03769334405660629 0.06457853317260742 0.003000000026077032
			vertex -0.03766428679227829 0.06481785327196121 0.003000000026077032
		endloop
	endfacet
	facet normal -0.9350157252509562 0.35460625140207075 0
		outer loop
			vertex -0.0377788282930851 0.06435313075780869 0
			vertex -0.0377788282930851 0.06435313075780869 0.003000000026077032
			vertex -0.03769334405660629 0.06457853317260742 0.003000000026077032
		endloop
	endfacet
	facet normal -0.9350157252509562 0.35460625140207075 0
		outer loop
			vertex -0.0377788282930851 0.06435313075780869 0
			vertex -0.03769334405660629 0.06457853317260742 0.003000000026077032
			vertex -0.03769334405660629 0.06457853317260742 0
		endloop
	endfacet
	facet normal -0.8229863447387565 0.5680611554872775 0
		outer loop
			vertex -0.03791577368974686 0.0641547292470932 0
			vertex -0.03791577368974686 0.0641547292470932 0.003000000026077032
			vertex -0.0377788282930851 0.06435313075780869 0.003000000026077032
		endloop
	endfacet
	facet normal -0.8229863447387565 0.5680611554872775 0
		outer loop
			vertex -0.03791577368974686 0.0641547292470932 0
			vertex -0.0377788282930851 0.06435313075780869 0.003000000026077032
			vertex -0.0377788282930851 0.06435313075780869 0
		endloop
	endfacet
	facet normal -0.6631198579915368 0.748513228966118 0
		outer loop
			vertex -0.038096219301223755 0.0639948695898056 0
			vertex -0.038096219301223755 0.0639948695898056 0.003000000026077032
			vertex -0.03791577368974686 0.0641547292470932 0.003000000026077032
		endloop
	endfacet
	facet normal -0.6631198579915368 0.748513228966118 0
		outer loop
			vertex -0.038096219301223755 0.0639948695898056 0
			vertex -0.03791577368974686 0.0641547292470932 0.003000000026077032
			vertex -0.03791577368974686 0.0641547292470932 0
		endloop
	endfacet
	facet normal -0.46472456814554997 0.8854552929210667 0
		outer loop
			vertex -0.03830968216061592 0.06388283520936966 0
			vertex -0.03830968216061592 0.06388283520936966 0.003000000026077032
			vertex -0.038096219301223755 0.0639948695898056 0.003000000026077032
		endloop
	endfacet
	facet normal -0.46472456814554997 0.8854552929210667 0
		outer loop
			vertex -0.03830968216061592 0.06388283520936966 0
			vertex -0.038096219301223755 0.0639948695898056 0.003000000026077032
			vertex -0.038096219301223755 0.0639948695898056 0
		endloop
	endfacet
	facet normal -0.2393055090688253 0.9709443204063304 0
		outer loop
			vertex -0.03854374960064888 0.06382514536380768 0
			vertex -0.03854374960064888 0.06382514536380768 0.003000000026077032
			vertex -0.03830968216061592 0.06388283520936966 0.003000000026077032
		endloop
	endfacet
	facet normal -0.2393055090688253 0.9709443204063304 0
		outer loop
			vertex -0.03854374960064888 0.06382514536380768 0
			vertex -0.03830968216061592 0.06388283520936966 0.003000000026077032
			vertex -0.03830968216061592 0.06388283520936966 0
		endloop
	endfacet
	facet normal 0 1 0
		outer loop
			vertex -0.03878482058644295 0.06382514536380768 0
			vertex -0.03878482058644295 0.06382514536380768 0.003000000026077032
			vertex -0.03854374960064888 0.06382514536380768 0.003000000026077032
		endloop
	endfacet
	facet normal 0 1 0
		outer loop
			vertex -0.03878482058644295 0.06382514536380768 0
			vertex -0.03854374960064888 0.06382514536380768 0.003000000026077032
			vertex -0.03854374960064888 0.06382514536380768 0
		endloop
	endfacet
	facet normal 0.2393019185753172 0.9709452053366205 0
		outer loop
			vertex -0.039018891751766205 0.06388283520936966 0
			vertex -0.039018891751766205 0.06388283520936966 0.003000000026077032
			vertex -0.03878482058644295 0.06382514536380768 0.003000000026077032
		endloop
	endfacet
	facet normal 0.2393019185753172 0.9709452053366205 0
		outer loop
			vertex -0.039018891751766205 0.06388283520936966 0
			vertex -0.03878482058644295 0.06382514536380768 0.003000000026077032
			vertex -0.03878482058644295 0.06382514536380768 0
		endloop
	endfacet
	facet normal 0.4647309268967393 0.8854519555490843 0
		outer loop
			vertex -0.03923235088586807 0.0639948695898056 0
			vertex -0.03923235088586807 0.0639948695898056 0.003000000026077032
			vertex -0.039018891751766205 0.06388283520936966 0.003000000026077032
		endloop
	endfacet
	facet normal 0.4647309268967393 0.8854519555490843 0
		outer loop
			vertex -0.03923235088586807 0.0639948695898056 0
			vertex -0.039018891751766205 0.06388283520936966 0.003000000026077032
			vertex -0.039018891751766205 0.06388283520936966 0
		endloop
	endfacet
	facet normal 0.6631198579915368 0.748513228966118 0
		outer loop
			vertex -0.03941279649734497 0.0641547292470932 0
			vertex -0.03941279649734497 0.0641547292470932 0.003000000026077032
			vertex -0.03923235088586807 0.0639948695898056 0.003000000026077032
		endloop
	endfacet
	facet normal 0.6631198579915368 0.748513228966118 0
		outer loop
			vertex -0.03941279649734497 0.0641547292470932 0
			vertex -0.03923235088586807 0.0639948695898056 0.003000000026077032
			vertex -0.03923235088586807 0.0639948695898056 0
		endloop
	endfacet
	facet normal 0.8229863447387565 0.5680611554872775 0
		outer loop
			vertex -0.03954974189400673 0.06435313075780869 0
			vertex -0.03954974189400673 0.06435313075780869 0.003000000026077032
			vertex -0.03941279649734497 0.0641547292470932 0.003000000026077032
		endloop
	endfacet
	facet normal 0.8229863447387565 0.5680611554872775 0
		outer loop
			vertex -0.03954974189400673 0.06435313075780869 0
			vertex -0.03941279649734497 0.0641547292470932 0.003000000026077032
			vertex -0.03941279649734497 0.0641547292470932 0
		endloop
	endfacet
	facet normal 0.9350157252509562 0.35460625140207075 0
		outer loop
			vertex -0.039635226130485535 0.06457853317260742 0
			vertex -0.039635226130485535 0.06457853317260742 0.003000000026077032
			vertex -0.03954974189400673 0.06435313075780869 0.003000000026077032
		endloop
	endfacet
	facet normal 0.9350157252509562 0.35460625140207075 0
		outer loop
			vertex -0.039635226130485535 0.06457853317260742 0
			vertex -0.03954974189400673 0.06435313075780869 0.003000000026077032
			vertex -0.03954974189400673 0.06435313075780869 0
		endloop
	endfacet
	facet normal 0.9927077480820464 0.12054595346950663 0
		outer loop
			vertex -0.039664287120103836 0.06481785327196121 0
			vertex -0.039664287120103836 0.06481785327196121 0.003000000026077032
			vertex -0.039635226130485535 0.06457853317260742 0.003000000026077032
		endloop
	endfacet
	facet normal 0.9927077480820464 0.12054595346950663 0
		outer loop
			vertex -0.039664287120103836 0.06481785327196121 0
			vertex -0.039635226130485535 0.06457853317260742 0.003000000026077032
			vertex -0.039635226130485535 0.06457853317260742 0
		endloop
	endfacet
	facet normal -0.9927086858638191 0.1205382304936061 0
		outer loop
			vertex 0.004706656094640493 0.08237853646278381 0
			vertex 0.004735714290291071 0.082617849111557 0.003000000026077032
			vertex 0.004735714290291071 0.082617849111557 0
		endloop
	endfacet
	facet normal -0.9927086858638191 0.1205382304936061 0
		outer loop
			vertex 0.004706656094640493 0.08237853646278381 0
			vertex 0.004706656094640493 0.08237853646278381 0.003000000026077032
			vertex 0.004735714290291071 0.082617849111557 0.003000000026077032
		endloop
	endfacet
	facet normal -0.9350176901410001 0.35460107039233374 0
		outer loop
			vertex 0.004621170461177826 0.08215312659740448 0
			vertex 0.004621170461177826 0.08215312659740448 0.003000000026077032
			vertex 0.004706656094640493 0.08237853646278381 0.003000000026077032
		endloop
	endfacet
	facet normal -0.9350176901410001 0.35460107039233374 0
		outer loop
			vertex 0.004621170461177826 0.08215312659740448 0
			vertex 0.004706656094640493 0.08237853646278381 0.003000000026077032
			vertex 0.004706656094640493 0.08237853646278381 0
		endloop
	endfacet
	facet normal -0.8229863447387565 0.5680611554872775 0
		outer loop
			vertex 0.0044842250645160675 0.081954725086689 0
			vertex 0.0044842250645160675 0.081954725086689 0.003000000026077032
			vertex 0.004621170461177826 0.08215312659740448 0.003000000026077032
		endloop
	endfacet
	facet normal -0.8229863447387565 0.5680611554872775 0
		outer loop
			vertex 0.0044842250645160675 0.081954725086689 0
			vertex 0.004621170461177826 0.08215312659740448 0.003000000026077032
			vertex 0.004621170461177826 0.08215312659740448 0
		endloop
	endfacet
	facet normal -0.6631188992215667 0.7485140783546945 0
		outer loop
			vertex 0.004303778987377882 0.0817948654294014 0
			vertex 0.004303778987377882 0.0817948654294014 0.003000000026077032
			vertex 0.0044842250645160675 0.081954725086689 0.003000000026077032
		endloop
	endfacet
	facet normal -0.6631188992215667 0.7485140783546945 0
		outer loop
			vertex 0.004303778987377882 0.0817948654294014 0
			vertex 0.0044842250645160675 0.081954725086689 0.003000000026077032
			vertex 0.0044842250645160675 0.081954725086689 0
		endloop
	endfacet
	facet normal -0.4647301320446351 0.885452372728074 0
		outer loop
			vertex 0.004090319387614727 0.08168283104896545 0
			vertex 0.004090319387614727 0.08168283104896545 0.003000000026077032
			vertex 0.004303778987377882 0.0817948654294014 0.003000000026077032
		endloop
	endfacet
	facet normal -0.4647301320446351 0.885452372728074 0
		outer loop
			vertex 0.004090319387614727 0.08168283104896545 0
			vertex 0.004303778987377882 0.0817948654294014 0.003000000026077032
			vertex 0.004303778987377882 0.0817948654294014 0
		endloop
	endfacet
	facet normal -0.23930461143565412 0.9709445416426372 0
		outer loop
			vertex 0.0038562510162591934 0.08162514120340347 0
			vertex 0.0038562510162591934 0.08162514120340347 0.003000000026077032
			vertex 0.004090319387614727 0.08168283104896545 0.003000000026077032
		endloop
	endfacet
	facet normal -0.23930461143565412 0.9709445416426372 0
		outer loop
			vertex 0.0038562510162591934 0.08162514120340347 0
			vertex 0.004090319387614727 0.08168283104896545 0.003000000026077032
			vertex 0.004090319387614727 0.08168283104896545 0
		endloop
	endfacet
	facet normal 0 1 0
		outer loop
			vertex 0.0036151777021586895 0.08162514120340347 0
			vertex 0.0036151777021586895 0.08162514120340347 0.003000000026077032
			vertex 0.0038562510162591934 0.08162514120340347 0.003000000026077032
		endloop
	endfacet
	facet normal 0 1 0
		outer loop
			vertex 0.0036151777021586895 0.08162514120340347 0
			vertex 0.0038562510162591934 0.08162514120340347 0.003000000026077032
			vertex 0.0038562510162591934 0.08162514120340347 0
		endloop
	endfacet
	facet normal 0.23930461143565412 0.9709445416426372 0
		outer loop
			vertex 0.003381109330803156 0.08168283104896545 0
			vertex 0.003381109330803156 0.08168283104896545 0.003000000026077032
			vertex 0.0036151777021586895 0.08162514120340347 0.003000000026077032
		endloop
	endfacet
	facet normal 0.23930461143565412 0.9709445416426372 0
		outer loop
			vertex 0.003381109330803156 0.08168283104896545 0
			vertex 0.0036151777021586895 0.08162514120340347 0.003000000026077032
			vertex 0.0036151777021586895 0.08162514120340347 0
		endloop
	endfacet
	facet normal 0.4647297346194622 0.8854525813167662 0
		outer loop
			vertex 0.0031676494982093573 0.0817948654294014 0
			vertex 0.0031676494982093573 0.0817948654294014 0.003000000026077032
			vertex 0.003381109330803156 0.08168283104896545 0.003000000026077032
		endloop
	endfacet
	facet normal 0.4647297346194622 0.8854525813167662 0
		outer loop
			vertex 0.0031676494982093573 0.0817948654294014 0
			vertex 0.003381109330803156 0.08168283104896545 0.003000000026077032
			vertex 0.003381109330803156 0.08168283104896545 0
		endloop
	endfacet
	facet normal 0.6631193786063412 0.7485136536608668 0
		outer loop
			vertex 0.0029872036539018154 0.081954725086689 0
			vertex 0.0029872036539018154 0.081954725086689 0.003000000026077032
			vertex 0.0031676494982093573 0.0817948654294014 0.003000000026077032
		endloop
	endfacet
	facet normal 0.6631193786063412 0.7485136536608668 0
		outer loop
			vertex 0.0029872036539018154 0.081954725086689 0
			vertex 0.0031676494982093573 0.0817948654294014 0.003000000026077032
			vertex 0.0031676494982093573 0.0817948654294014 0
		endloop
	endfacet
	facet normal 0.8229863447387565 0.5680611554872775 0
		outer loop
			vertex 0.002850258257240057 0.08215312659740448 0
			vertex 0.002850258257240057 0.08215312659740448 0.003000000026077032
			vertex 0.0029872036539018154 0.081954725086689 0.003000000026077032
		endloop
	endfacet
	facet normal 0.8229863447387565 0.5680611554872775 0
		outer loop
			vertex 0.002850258257240057 0.08215312659740448 0
			vertex 0.0029872036539018154 0.081954725086689 0.003000000026077032
			vertex 0.0029872036539018154 0.081954725086689 0
		endloop
	endfacet
	facet normal 0.9350173699218616 0.3546019147500545 0
		outer loop
			vertex 0.002764772390946746 0.08237853646278381 0
			vertex 0.002764772390946746 0.08237853646278381 0.003000000026077032
			vertex 0.002850258257240057 0.08215312659740448 0.003000000026077032
		endloop
	endfacet
	facet normal 0.9350173699218616 0.3546019147500545 0
		outer loop
			vertex 0.002764772390946746 0.08237853646278381 0
			vertex 0.002850258257240057 0.08215312659740448 0.003000000026077032
			vertex 0.002850258257240057 0.08215312659740448 0
		endloop
	endfacet
	facet normal 0.9927086858638191 0.1205382304936061 0
		outer loop
			vertex 0.0027357141952961683 0.082617849111557 0
			vertex 0.0027357141952961683 0.082617849111557 0.003000000026077032
			vertex 0.002764772390946746 0.08237853646278381 0.003000000026077032
		endloop
	endfacet
	facet normal 0.9927086858638191 0.1205382304936061 0
		outer loop
			vertex 0.0027357141952961683 0.082617849111557 0
			vertex 0.002764772390946746 0.08237853646278381 0.003000000026077032
			vertex 0.002764772390946746 0.08237853646278381 0
		endloop
	endfacet
	facet normal -0.9927091348944029 0.12053453238473376 0
		outer loop
			vertex 0.004706656094640493 0.06457853317260742 0
			vertex 0.004735714290291071 0.06481785327196121 0.003000000026077032
			vertex 0.004735714290291071 0.06481785327196121 0
		endloop
	endfacet
	facet normal -0.9927091348944029 0.12053453238473376 0
		outer loop
			vertex 0.004706656094640493 0.06457853317260742 0
			vertex 0.004706656094640493 0.06457853317260742 0.003000000026077032
			vertex 0.004735714290291071 0.06481785327196121 0.003000000026077032
		endloop
	endfacet
	facet normal -0.9350138038444714 0.3546113176709008 0
		outer loop
			vertex 0.004621170461177826 0.06435313075780869 0
			vertex 0.004621170461177826 0.06435313075780869 0.003000000026077032
			vertex 0.004706656094640493 0.06457853317260742 0.003000000026077032
		endloop
	endfacet
	facet normal -0.9350138038444714 0.3546113176709008 0
		outer loop
			vertex 0.004621170461177826 0.06435313075780869 0
			vertex 0.004706656094640493 0.06457853317260742 0.003000000026077032
			vertex 0.004706656094640493 0.06457853317260742 0
		endloop
	endfacet
	facet normal -0.8229863447387565 0.5680611554872775 0
		outer loop
			vertex 0.0044842250645160675 0.0641547292470932 0
			vertex 0.0044842250645160675 0.0641547292470932 0.003000000026077032
			vertex 0.004621170461177826 0.06435313075780869 0.003000000026077032
		endloop
	endfacet
	facet normal -0.8229863447387565 0.5680611554872775 0
		outer loop
			vertex 0.0044842250645160675 0.0641547292470932 0
			vertex 0.004621170461177826 0.06435313075780869 0.003000000026077032
			vertex 0.004621170461177826 0.06435313075780869 0
		endloop
	endfacet
	facet normal -0.6631188992215667 0.7485140783546945 0
		outer loop
			vertex 0.004303778987377882 0.0639948695898056 0
			vertex 0.004303778987377882 0.0639948695898056 0.003000000026077032
			vertex 0.0044842250645160675 0.0641547292470932 0.003000000026077032
		endloop
	endfacet
	facet normal -0.6631188992215667 0.7485140783546945 0
		outer loop
			vertex 0.004303778987377882 0.0639948695898056 0
			vertex 0.0044842250645160675 0.0641547292470932 0.003000000026077032
			vertex 0.0044842250645160675 0.0641547292470932 0
		endloop
	endfacet
	facet normal -0.4647301320446351 0.885452372728074 0
		outer loop
			vertex 0.004090319387614727 0.06388283520936966 0
			vertex 0.004090319387614727 0.06388283520936966 0.003000000026077032
			vertex 0.004303778987377882 0.0639948695898056 0.003000000026077032
		endloop
	endfacet
	facet normal -0.4647301320446351 0.885452372728074 0
		outer loop
			vertex 0.004090319387614727 0.06388283520936966 0
			vertex 0.004303778987377882 0.0639948695898056 0.003000000026077032
			vertex 0.004303778987377882 0.0639948695898056 0
		endloop
	endfacet
	facet normal -0.23930461143565412 0.9709445416426372 0
		outer loop
			vertex 0.0038562510162591934 0.06382514536380768 0
			vertex 0.0038562510162591934 0.06382514536380768 0.003000000026077032
			vertex 0.004090319387614727 0.06388283520936966 0.003000000026077032
		endloop
	endfacet
	facet normal -0.23930461143565412 0.9709445416426372 0
		outer loop
			vertex 0.0038562510162591934 0.06382514536380768 0
			vertex 0.004090319387614727 0.06388283520936966 0.003000000026077032
			vertex 0.004090319387614727 0.06388283520936966 0
		endloop
	endfacet
	facet normal 0 1 0
		outer loop
			vertex 0.0036151777021586895 0.06382514536380768 0
			vertex 0.0036151777021586895 0.06382514536380768 0.003000000026077032
			vertex 0.0038562510162591934 0.06382514536380768 0.003000000026077032
		endloop
	endfacet
	facet normal 0 1 0
		outer loop
			vertex 0.0036151777021586895 0.06382514536380768 0
			vertex 0.0038562510162591934 0.06382514536380768 0.003000000026077032
			vertex 0.0038562510162591934 0.06382514536380768 0
		endloop
	endfacet
	facet normal 0.23930461143565412 0.9709445416426372 0
		outer loop
			vertex 0.003381109330803156 0.06388283520936966 0
			vertex 0.003381109330803156 0.06388283520936966 0.003000000026077032
			vertex 0.0036151777021586895 0.06382514536380768 0.003000000026077032
		endloop
	endfacet
	facet normal 0.23930461143565412 0.9709445416426372 0
		outer loop
			vertex 0.003381109330803156 0.06388283520936966 0
			vertex 0.0036151777021586895 0.06382514536380768 0.003000000026077032
			vertex 0.0036151777021586895 0.06382514536380768 0
		endloop
	endfacet
	facet normal 0.4647297346194622 0.8854525813167662 0
		outer loop
			vertex 0.0031676494982093573 0.0639948695898056 0
			vertex 0.0031676494982093573 0.0639948695898056 0.003000000026077032
			vertex 0.003381109330803156 0.06388283520936966 0.003000000026077032
		endloop
	endfacet
	facet normal 0.4647297346194622 0.8854525813167662 0
		outer loop
			vertex 0.0031676494982093573 0.0639948695898056 0
			vertex 0.003381109330803156 0.06388283520936966 0.003000000026077032
			vertex 0.003381109330803156 0.06388283520936966 0
		endloop
	endfacet
	facet normal 0.6631193786063412 0.7485136536608668 0
		outer loop
			vertex 0.0029872036539018154 0.0641547292470932 0
			vertex 0.0029872036539018154 0.0641547292470932 0.003000000026077032
			vertex 0.0031676494982093573 0.0639948695898056 0.003000000026077032
		endloop
	endfacet
	facet normal 0.6631193786063412 0.7485136536608668 0
		outer loop
			vertex 0.0029872036539018154 0.0641547292470932 0
			vertex 0.0031676494982093573 0.0639948695898056 0.003000000026077032
			vertex 0.0031676494982093573 0.0639948695898056 0
		endloop
	endfacet
	facet normal 0.8229863447387565 0.5680611554872775 0
		outer loop
			vertex 0.002850258257240057 0.06435313075780869 0
			vertex 0.002850258257240057 0.06435313075780869 0.003000000026077032
			vertex 0.0029872036539018154 0.0641547292470932 0.003000000026077032
		endloop
	endfacet
	facet normal 0.8229863447387565 0.5680611554872775 0
		outer loop
			vertex 0.002850258257240057 0.06435313075780869 0
			vertex 0.0029872036539018154 0.0641547292470932 0.003000000026077032
			vertex 0.0029872036539018154 0.0641547292470932 0
		endloop
	endfacet
	facet normal 0.9350134836081562 0.35461216204600265 0
		outer loop
			vertex 0.002764772390946746 0.06457853317260742 0
			vertex 0.002764772390946746 0.06457853317260742 0.003000000026077032
			vertex 0.002850258257240057 0.06435313075780869 0.003000000026077032
		endloop
	endfacet
	facet normal 0.9350134836081562 0.35461216204600265 0
		outer loop
			vertex 0.002764772390946746 0.06457853317260742 0
			vertex 0.002850258257240057 0.06435313075780869 0.003000000026077032
			vertex 0.002850258257240057 0.06435313075780869 0
		endloop
	endfacet
	facet normal 0.9927091348944029 0.12053453238473376 0
		outer loop
			vertex 0.0027357141952961683 0.06481785327196121 0
			vertex 0.0027357141952961683 0.06481785327196121 0.003000000026077032
			vertex 0.002764772390946746 0.06457853317260742 0.003000000026077032
		endloop
	endfacet
	facet normal 0.9927091348944029 0.12053453238473376 0
		outer loop
			vertex 0.0027357141952961683 0.06481785327196121 0
			vertex 0.002764772390946746 0.06457853317260742 0.003000000026077032
			vertex 0.002764772390946746 0.06457853317260742 0
		endloop
	endfacet
	facet normal 0.9968368902215808 -0.07947461414419195 0
		outer loop
			vertex -0.03816322609782219 0.07498542219400406 0
			vertex -0.038264285773038864 0.07371784746646881 0.003000000026077032
			vertex -0.038264285773038864 0.07371784746646881 0
		endloop
	endfacet
	facet normal 0.9968368902215808 -0.07947461414419195 0
		outer loop
			vertex -0.03816322609782219 0.07498542219400406 0
			vertex -0.03816322609782219 0.07498542219400406 0.003000000026077032
			vertex -0.038264285773038864 0.07371784746646881 0.003000000026077032
		endloop
	endfacet
	facet normal 0.9716518172819707 -0.236416467219701 0
		outer loop
			vertex -0.03786260262131691 0.07622095942497253 0
			vertex -0.03786260262131691 0.07622095942497253 0.003000000026077032
			vertex -0.03816322609782219 0.07498542219400406 0.003000000026077032
		endloop
	endfacet
	facet normal 0.9716518172819707 -0.236416467219701 0
		outer loop
			vertex -0.03786260262131691 0.07622095942497253 0
			vertex -0.03816322609782219 0.07498542219400406 0.003000000026077032
			vertex -0.03816322609782219 0.07498542219400406 0
		endloop
	endfacet
	facet normal 0.9219192952133022 -0.3873819989537565 0
		outer loop
			vertex -0.03737001121044159 0.07739326357841492 0
			vertex -0.03737001121044159 0.07739326357841492 0.003000000026077032
			vertex -0.03786260262131691 0.07622095942497253 0.003000000026077032
		endloop
	endfacet
	facet normal 0.9219192952133022 -0.3873819989537565 0
		outer loop
			vertex -0.03737001121044159 0.07739326357841492 0
			vertex -0.03786260262131691 0.07622095942497253 0.003000000026077032
			vertex -0.03786260262131691 0.07622095942497253 0
		endloop
	endfacet
	facet normal 0.8488940815303713 -0.5285629937317854 0
		outer loop
			vertex -0.03669789433479309 0.07847271114587784 0
			vertex -0.03669789433479309 0.07847271114587784 0.003000000026077032
			vertex -0.03737001121044159 0.07739326357841492 0.003000000026077032
		endloop
	endfacet
	facet normal 0.8488940815303713 -0.5285629937317854 0
		outer loop
			vertex -0.03669789433479309 0.07847271114587784 0
			vertex -0.03737001121044159 0.07739326357841492 0.003000000026077032
			vertex -0.03737001121044159 0.07739326357841492 0
		endloop
	endfacet
	facet normal 0.7544201276715148 -0.6563918577832114 0
		outer loop
			vertex -0.035863231867551804 0.07943202555179596 0
			vertex -0.035863231867551804 0.07943202555179596 0.003000000026077032
			vertex -0.03669789433479309 0.07847271114587784 0.003000000026077032
		endloop
	endfacet
	facet normal 0.7544201276715148 -0.6563918577832114 0
		outer loop
			vertex -0.035863231867551804 0.07943202555179596 0
			vertex -0.03669789433479309 0.07847271114587784 0.003000000026077032
			vertex -0.03669789433479309 0.07847271114587784 0
		endloop
	endfacet
	facet normal 0.6408872442501143 -0.7676350305695372 0
		outer loop
			vertex -0.03488711640238762 0.08024697005748749 0
			vertex -0.03488711640238762 0.08024697005748749 0.003000000026077032
			vertex -0.035863231867551804 0.07943202555179596 0.003000000026077032
		endloop
	endfacet
	facet normal 0.6408872442501143 -0.7676350305695372 0
		outer loop
			vertex -0.03488711640238762 0.08024697005748749 0
			vertex -0.035863231867551804 0.07943202555179596 0.003000000026077032
			vertex -0.035863231867551804 0.07943202555179596 0
		endloop
	endfacet
	facet normal 0.5111667632896311 -0.8594815530934927 0
		outer loop
			vertex -0.033794205635786057 0.08089696615934372 0
			vertex -0.033794205635786057 0.08089696615934372 0.003000000026077032
			vertex -0.03488711640238762 0.08024697005748749 0.003000000026077032
		endloop
	endfacet
	facet normal 0.5111667632896311 -0.8594815530934927 0
		outer loop
			vertex -0.033794205635786057 0.08089696615934372 0
			vertex -0.03488711640238762 0.08024697005748749 0.003000000026077032
			vertex -0.03488711640238762 0.08024697005748749 0
		endloop
	endfacet
	facet normal 0.36852393283190593 -0.9296182608630842 0
		outer loop
			vertex -0.032612111419439316 0.08136557787656784 0
			vertex -0.032612111419439316 0.08136557787656784 0.003000000026077032
			vertex -0.033794205635786057 0.08089696615934372 0.003000000026077032
		endloop
	endfacet
	facet normal 0.36852393283190593 -0.9296182608630842 0
		outer loop
			vertex -0.032612111419439316 0.08136557787656784 0
			vertex -0.033794205635786057 0.08089696615934372 0.003000000026077032
			vertex -0.033794205635786057 0.08089696615934372 0
		endloop
	endfacet
	facet normal 0.21657619896114752 -0.9762657169252343 0
		outer loop
			vertex -0.031370703130960464 0.08164097368717194 0
			vertex -0.031370703130960464 0.08164097368717194 0.003000000026077032
			vertex -0.032612111419439316 0.08136557787656784 0.003000000026077032
		endloop
	endfacet
	facet normal 0.21657619896114752 -0.9762657169252343 0
		outer loop
			vertex -0.031370703130960464 0.08164097368717194 0
			vertex -0.032612111419439316 0.08136557787656784 0.003000000026077032
			vertex -0.032612111419439316 0.08136557787656784 0
		endloop
	endfacet
	facet normal 0.059155050819077355 -0.998248806642208 0
		outer loop
			vertex -0.030101338401436806 0.08171619474887848 0
			vertex -0.030101338401436806 0.08171619474887848 0.003000000026077032
			vertex -0.031370703130960464 0.08164097368717194 0.003000000026077032
		endloop
	endfacet
	facet normal 0.059155050819077355 -0.998248806642208 0
		outer loop
			vertex -0.030101338401436806 0.08171619474887848 0
			vertex -0.031370703130960464 0.08164097368717194 0.003000000026077032
			vertex -0.031370703130960464 0.08164097368717194 0
		endloop
	endfacet
	facet normal -0.09976564195695488 -0.9950109630978529 0
		outer loop
			vertex -0.028836091980338097 0.08158933371305466 0
			vertex -0.028836091980338097 0.08158933371305466 0.003000000026077032
			vertex -0.030101338401436806 0.08171619474887848 0.003000000026077032
		endloop
	endfacet
	facet normal -0.09976564195695488 -0.9950109630978529 0
		outer loop
			vertex -0.028836091980338097 0.08158933371305466 0
			vertex -0.030101338401436806 0.08171619474887848 0.003000000026077032
			vertex -0.030101338401436806 0.08171619474887848 0
		endloop
	endfacet
	facet normal -0.2561554600257835 -0.9666355985059619 0
		outer loop
			vertex -0.02760692872107029 0.08126360923051834 0
			vertex -0.02760692872107029 0.08126360923051834 0.003000000026077032
			vertex -0.028836091980338097 0.08158933371305466 0.003000000026077032
		endloop
	endfacet
	facet normal -0.2561554600257835 -0.9666355985059619 0
		outer loop
			vertex -0.02760692872107029 0.08126360923051834 0
			vertex -0.028836091980338097 0.08158933371305466 0.003000000026077032
			vertex -0.028836091980338097 0.08158933371305466 0
		endloop
	endfacet
	facet normal -0.4060813828485994 -0.9138369167984893 0
		outer loop
			vertex -0.026444900780916214 0.08074723929166794 0
			vertex -0.026444900780916214 0.08074723929166794 0.003000000026077032
			vertex -0.02760692872107029 0.08126360923051834 0.003000000026077032
		endloop
	endfacet
	facet normal -0.4060813828485994 -0.9138369167984893 0
		outer loop
			vertex -0.026444900780916214 0.08074723929166794 0
			vertex -0.02760692872107029 0.08126360923051834 0.003000000026077032
			vertex -0.02760692872107029 0.08126360923051834 0
		endloop
	endfacet
	facet normal -0.5457441705740707 -0.837951848428309 0
		outer loop
			vertex -0.025379370898008347 0.08005327731370926 0
			vertex -0.025379370898008347 0.08005327731370926 0.003000000026077032
			vertex -0.026444900780916214 0.08074723929166794 0.003000000026077032
		endloop
	endfacet
	facet normal -0.5457441705740707 -0.837951848428309 0
		outer loop
			vertex -0.025379370898008347 0.08005327731370926 0
			vertex -0.026444900780916214 0.08074723929166794 0.003000000026077032
			vertex -0.026444900780916214 0.08074723929166794 0
		endloop
	endfacet
	facet normal -0.6716225159247212 -0.740893511985999 0
		outer loop
			vertex -0.024437256157398224 0.07919924706220627 0
			vertex -0.024437256157398224 0.07919924706220627 0.003000000026077032
			vertex -0.025379370898008347 0.08005327731370926 0.003000000026077032
		endloop
	endfacet
	facet normal -0.6716225159247212 -0.740893511985999 0
		outer loop
			vertex -0.024437256157398224 0.07919924706220627 0
			vertex -0.025379370898008347 0.08005327731370926 0.003000000026077032
			vertex -0.025379370898008347 0.08005327731370926 0
		endloop
	endfacet
	facet normal 0 0 -1
		outer loop
			vertex -0.022401941940188408 0.04026208817958832 0
			vertex -0.02946428582072258 0.030544642359018326 0
			vertex -0.022739995270967484 0.040561579167842865 0
		endloop
	endfacet
	facet normal 0 0 -1
		outer loop
			vertex -0.022996552288532257 0.040933266282081604 0
			vertex -0.02946428582072258 0.030544642359018326 0
			vertex -0.02946428582072258 0.04436607286334038 0
		endloop
	endfacet
	facet normal 0 0 -1
		outer loop
			vertex -0.022996552288532257 0.040933266282081604 0
			vertex -0.022739995270967484 0.040561579167842865 0
			vertex -0.02946428582072258 0.030544642359018326 0
		endloop
	endfacet
	facet normal 0 0 -1
		outer loop
			vertex 0.0031676494982093573 0.0817948654294014 0
			vertex 0.0009346617734991014 0.07943202555179596 0
			vertex 0.0029872036539018154 0.081954725086689 0
		endloop
	endfacet
	facet normal 0 0 -1
		outer loop
			vertex 0.002850258257240057 0.08215312659740448 0
			vertex 0.0029872036539018154 0.081954725086689 0
			vertex 0.0009346617734991014 0.07943202555179596 0
		endloop
	endfacet
	facet normal 0 0 -1
		outer loop
			vertex 0.002850258257240057 0.08215312659740448 0
			vertex 0.0009346617734991014 0.07943202555179596 0
			vertex -0.000041454422898823395 0.08024697005748749 0
		endloop
	endfacet
	facet normal 0 0 -1
		outer loop
			vertex -0.022002041339874268 0.040052205324172974 0
			vertex -0.02946428582072258 0.030544642359018326 0
			vertex -0.022401941940188408 0.04026208817958832 0
		endloop
	endfacet
	facet normal 0 0 -1
		outer loop
			vertex -0.023156702518463135 0.04135555028915405 0
			vertex -0.022996552288532257 0.040933266282081604 0
			vertex -0.02946428582072258 0.04436607286334038 0
		endloop
	endfacet
	facet normal 0 0 -1
		outer loop
			vertex -0.02156352996826172 0.0399441234767437 0
			vertex -0.02946428582072258 0.030544642359018326 0
			vertex -0.022002041339874268 0.040052205324172974 0
		endloop
	endfacet
	facet normal 0 0 -1
		outer loop
			vertex -0.023211142048239708 0.04180389270186424 0
			vertex -0.023156702518463135 0.04135555028915405 0
			vertex -0.02946428582072258 0.04436607286334038 0
		endloop
	endfacet
	facet normal 0 0 -1
		outer loop
			vertex 0.003381109330803156 0.08168283104896545 0
			vertex 0.0017693220870569348 0.07847271114587784 0
			vertex 0.0009346617734991014 0.07943202555179596 0
		endloop
	endfacet
	facet normal 0 0 -1
		outer loop
			vertex 0.003381109330803156 0.08168283104896545 0
			vertex 0.0009346617734991014 0.07943202555179596 0
			vertex 0.0031676494982093573 0.0817948654294014 0
		endloop
	endfacet
	facet normal 0 0 -1
		outer loop
			vertex 0.002764772390946746 0.08237853646278381 0
			vertex 0.002850258257240057 0.08215312659740448 0
			vertex -0.000041454422898823395 0.08024697005748749 0
		endloop
	endfacet
	facet normal 0 0 -1
		outer loop
			vertex 0.0036151777021586895 0.08162514120340347 0
			vertex 0.0017693220870569348 0.07847271114587784 0
			vertex 0.003381109330803156 0.08168283104896545 0
		endloop
	endfacet
	facet normal 0 0 -1
		outer loop
			vertex -0.021111896261572838 0.0399441234767437 0
			vertex -0.02946428582072258 0.030544642359018326 0
			vertex -0.02156352996826172 0.0399441234767437 0
		endloop
	endfacet
	facet normal 0 0 -1
		outer loop
			vertex -0.020673386752605438 0.040052205324172974 0
			vertex -0.02946428582072258 0.030544642359018326 0
			vertex -0.021111896261572838 0.0399441234767437 0
		endloop
	endfacet
	facet normal 0 0 -1
		outer loop
			vertex 0.0027357141952961683 0.082617849111557 0
			vertex 0.002764772390946746 0.08237853646278381 0
			vertex -0.000041454422898823395 0.08024697005748749 0
		endloop
	endfacet
	facet normal 0 0 -1
		outer loop
			vertex 0.0027357141952961683 0.082617849111557 0
			vertex -0.000041454422898823395 0.08024697005748749 0
			vertex -0.0011343652149662375 0.08089696615934372 0
		endloop
	endfacet
	facet normal 0 0 -1
		outer loop
			vertex 0.0038562510162591934 0.08162514120340347 0
			vertex 0.002441439079120755 0.07739326357841492 0
			vertex 0.0017693220870569348 0.07847271114587784 0
		endloop
	endfacet
	facet normal 0 0 -1
		outer loop
			vertex 0.0038562510162591934 0.08162514120340347 0
			vertex 0.0017693220870569348 0.07847271114587784 0
			vertex 0.0036151777021586895 0.08162514120340347 0
		endloop
	endfacet
	facet normal 0 0 -1
		outer loop
			vertex 0.002764772390946746 0.0828571692109108 0
			vertex 0.0027357141952961683 0.082617849111557 0
			vertex -0.0011343652149662375 0.08089696615934372 0
		endloop
	endfacet
	facet normal 0 0 -1
		outer loop
			vertex 0.004090319387614727 0.08168283104896545 0
			vertex 0.002441439079120755 0.07739326357841492 0
			vertex 0.0038562510162591934 0.08162514120340347 0
		endloop
	endfacet
	facet normal 0 0 -1
		outer loop
			vertex 0.002850258257240057 0.08308257162570953 0
			vertex -0.0011343652149662375 0.08089696615934372 0
			vertex -0.002316458383575082 0.08136557787656784 0
		endloop
	endfacet
	facet normal 0 0 -1
		outer loop
			vertex 0.002850258257240057 0.08308257162570953 0
			vertex 0.002764772390946746 0.0828571692109108 0
			vertex -0.0011343652149662375 0.08089696615934372 0
		endloop
	endfacet
	facet normal 0 0 -1
		outer loop
			vertex 0.004303778987377882 0.0817948654294014 0
			vertex 0.0029340318869799376 0.07622095942497253 0
			vertex 0.002441439079120755 0.07739326357841492 0
		endloop
	endfacet
	facet normal 0 0 -1
		outer loop
			vertex 0.004303778987377882 0.0817948654294014 0
			vertex 0.002441439079120755 0.07739326357841492 0
			vertex 0.004090319387614727 0.08168283104896545 0
		endloop
	endfacet
	facet normal 0 0 -1
		outer loop
			vertex 0.0029872036539018154 0.08328097313642502 0
			vertex 0.002850258257240057 0.08308257162570953 0
			vertex -0.002316458383575082 0.08136557787656784 0
		endloop
	endfacet
	facet normal 0 0 -1
		outer loop
			vertex -0.03923235088586807 0.0639948695898056 0
			vertex -0.04546428471803665 0.06054464355111122 0
			vertex -0.03941279649734497 0.0641547292470932 0
		endloop
	endfacet
	facet normal 0 0 -1
		outer loop
			vertex -0.03954974189400673 0.06435313075780869 0
			vertex -0.03941279649734497 0.0641547292470932 0
			vertex -0.04546428471803665 0.06054464355111122 0
		endloop
	endfacet
	facet normal 0 0 -1
		outer loop
			vertex -0.039018891751766205 0.06388283520936966 0
			vertex -0.04546428471803665 0.06054464355111122 0
			vertex -0.03923235088586807 0.0639948695898056 0
		endloop
	endfacet
	facet normal 0 0 -1
		outer loop
			vertex -0.039635226130485535 0.06457853317260742 0
			vertex -0.03954974189400673 0.06435313075780869 0
			vertex -0.04546428471803665 0.06054464355111122 0
		endloop
	endfacet
	facet normal 0 0 -1
		outer loop
			vertex -0.03878482058644295 0.06382514536380768 0
			vertex -0.04546428471803665 0.06054464355111122 0
			vertex -0.039018891751766205 0.06388283520936966 0
		endloop
	endfacet
	facet normal 0 0 -1
		outer loop
			vertex -0.039664287120103836 0.06481785327196121 0
			vertex -0.039635226130485535 0.06457853317260742 0
			vertex -0.04546428471803665 0.06054464355111122 0
		endloop
	endfacet
	facet normal 0 0 -1
		outer loop
			vertex -0.03854374960064888 0.06382514536380768 0
			vertex -0.02946428582072258 0.04436607286334038 0
			vertex -0.04546428471803665 0.06054464355111122 0
		endloop
	endfacet
	facet normal 0 0 -1
		outer loop
			vertex -0.03854374960064888 0.06382514536380768 0
			vertex -0.04546428471803665 0.06054464355111122 0
			vertex -0.03878482058644295 0.06382514536380768 0
		endloop
	endfacet
	facet normal 0 0 -1
		outer loop
			vertex -0.039635226130485535 0.0650571659207344 0
			vertex -0.039664287120103836 0.06481785327196121 0
			vertex -0.04546428471803665 0.06054464355111122 0
		endloop
	endfacet
	facet normal 0 0 -1
		outer loop
			vertex -0.03830968216061592 0.06388283520936966 0
			vertex -0.02946428582072258 0.04436607286334038 0
			vertex -0.03854374960064888 0.06382514536380768 0
		endloop
	endfacet
	facet normal 0 0 -1
		outer loop
			vertex -0.01465508621186018 0.04026208817958832 0
			vertex -0.020273486152291298 0.04026208817958832 0
			vertex -0.019935432821512222 0.040561579167842865 0
		endloop
	endfacet
	facet normal 0 0 -1
		outer loop
			vertex -0.01465508621186018 0.04026208817958832 0
			vertex -0.019935432821512222 0.040561579167842865 0
			vertex -0.014993138611316681 0.040561579167842865 0
		endloop
	endfacet
	facet normal 0 0 -1
		outer loop
			vertex -0.015249695628881454 0.040933266282081604 0
			vertex -0.019935432821512222 0.040561579167842865 0
			vertex -0.01967887580394745 0.040933266282081604 0
		endloop
	endfacet
	facet normal 0 0 -1
		outer loop
			vertex -0.015249695628881454 0.040933266282081604 0
			vertex -0.014993138611316681 0.040561579167842865 0
			vertex -0.019935432821512222 0.040561579167842865 0
		endloop
	endfacet
	facet normal 0 0 -1
		outer loop
			vertex -0.03954974189400673 0.06528257578611374 0
			vertex -0.039635226130485535 0.0650571659207344 0
			vertex -0.04546428471803665 0.06054464355111122 0
		endloop
	endfacet
	facet normal 0 0 -1
		outer loop
			vertex -0.014255184680223465 0.040052205324172974 0
			vertex -0.005464285612106323 0.030544642359018326 0
			vertex -0.02946428582072258 0.030544642359018326 0
		endloop
	endfacet
	facet normal 0 0 -1
		outer loop
			vertex -0.014255184680223465 0.040052205324172974 0
			vertex -0.020673386752605438 0.040052205324172974 0
			vertex -0.020273486152291298 0.04026208817958832 0
		endloop
	endfacet
	facet normal 0 0 -1
		outer loop
			vertex -0.014255184680223465 0.040052205324172974 0
			vertex -0.020273486152291298 0.04026208817958832 0
			vertex -0.01465508621186018 0.04026208817958832 0
		endloop
	endfacet
	facet normal 0 0 -1
		outer loop
			vertex -0.014255184680223465 0.040052205324172974 0
			vertex -0.02946428582072258 0.030544642359018326 0
			vertex -0.020673386752605438 0.040052205324172974 0
		endloop
	endfacet
	facet normal 0 0 -1
		outer loop
			vertex -0.015409847721457481 0.04135555028915405 0
			vertex -0.01967887580394745 0.040933266282081604 0
			vertex -0.019518723711371422 0.04135555028915405 0
		endloop
	endfacet
	facet normal 0 0 -1
		outer loop
			vertex -0.015409847721457481 0.04135555028915405 0
			vertex -0.015249695628881454 0.040933266282081604 0
			vertex -0.01967887580394745 0.040933266282081604 0
		endloop
	endfacet
	facet normal 0 0 -1
		outer loop
			vertex -0.01381667423993349 0.0399441234767437 0
			vertex -0.005464285612106323 0.030544642359018326 0
			vertex -0.014255184680223465 0.040052205324172974 0
		endloop
	endfacet
	facet normal 0 0 -1
		outer loop
			vertex -0.015464285388588905 0.04180389270186424 0
			vertex -0.019518723711371422 0.04135555028915405 0
			vertex -0.019464286044239998 0.04180389270186424 0
		endloop
	endfacet
	facet normal 0 0 -1
		outer loop
			vertex -0.015464285388588905 0.04180389270186424 0
			vertex -0.015409847721457481 0.04135555028915405 0
			vertex -0.019518723711371422 0.04135555028915405 0
		endloop
	endfacet
	facet normal 0 0 -1
		outer loop
			vertex 0.010535714216530323 0.08054464310407639 0
			vertex 0.010535714216530323 0.06054464355111122 0
			vertex 0.004621170461177826 0.06528257578611374 0
		endloop
	endfacet
	facet normal 0 0 -1
		outer loop
			vertex -0.01336504053324461 0.0399441234767437 0
			vertex -0.005464285612106323 0.030544642359018326 0
			vertex -0.01381667423993349 0.0399441234767437 0
		endloop
	endfacet
	facet normal 0 0 -1
		outer loop
			vertex 0.010535714216530323 0.08054464310407639 0
			vertex 0.003234655363485217 0.07245028018951416 0
			vertex 0.003335714340209961 0.07371784746646881 0
		endloop
	endfacet
	facet normal 0 0 -1
		outer loop
			vertex 0.010535714216530323 0.08054464310407639 0
			vertex 0.003335714340209961 0.07371784746646881 0
			vertex 0.003234655363485217 0.07498542219400406 0
		endloop
	endfacet
	facet normal 0 0 -1
		outer loop
			vertex 0.010535714216530323 0.08054464310407639 0
			vertex 0.003234655363485217 0.07498542219400406 0
			vertex 0.0029340318869799376 0.07622095942497253 0
		endloop
	endfacet
	facet normal 0 0 -1
		outer loop
			vertex 0.010535714216530323 0.08054464310407639 0
			vertex 0.0029340318869799376 0.07622095942497253 0
			vertex 0.004303778987377882 0.0817948654294014 0
		endloop
	endfacet
	facet normal 0 0 -1
		outer loop
			vertex 0.010535714216530323 0.08054464310407639 0
			vertex 0.004735714290291071 0.082617849111557 0
			vertex 0.004706656094640493 0.0828571692109108 0
		endloop
	endfacet
	facet normal 0 0 -1
		outer loop
			vertex 0.010535714216530323 0.08054464310407639 0
			vertex 0.004706656094640493 0.0828571692109108 0
			vertex 0.004621170461177826 0.08308257162570953 0
		endloop
	endfacet
	facet normal 0 0 -1
		outer loop
			vertex 0.010535714216530323 0.08054464310407639 0
			vertex 0.004621170461177826 0.08308257162570953 0
			vertex 0.0044842250645160675 0.08328097313642502 0
		endloop
	endfacet
	facet normal 0 0 -1
		outer loop
			vertex 0.010535714216530323 0.08054464310407639 0
			vertex 0.0044842250645160675 0.08328097313642502 0
			vertex 0.004303778987377882 0.08344083279371262 0
		endloop
	endfacet
	facet normal 0 0 -1
		outer loop
			vertex 0.010535714216530323 0.08054464310407639 0
			vertex 0.004303778987377882 0.0817948654294014 0
			vertex 0.0044842250645160675 0.081954725086689 0
		endloop
	endfacet
	facet normal 0 0 -1
		outer loop
			vertex 0.010535714216530323 0.08054464310407639 0
			vertex 0.0044842250645160675 0.081954725086689 0
			vertex 0.004621170461177826 0.08215312659740448 0
		endloop
	endfacet
	facet normal 0 0 -1
		outer loop
			vertex 0.010535714216530323 0.08054464310407639 0
			vertex 0.004621170461177826 0.08215312659740448 0
			vertex 0.004706656094640493 0.08237853646278381 0
		endloop
	endfacet
	facet normal 0 0 -1
		outer loop
			vertex 0.010535714216530323 0.08054464310407639 0
			vertex 0.004706656094640493 0.08237853646278381 0
			vertex 0.004735714290291071 0.082617849111557 0
		endloop
	endfacet
	facet normal 0 0 -1
		outer loop
			vertex 0.010535714216530323 0.08054464310407639 0
			vertex 0.004621170461177826 0.06528257578611374 0
			vertex 0.003234655363485217 0.07245028018951416 0
		endloop
	endfacet
	facet normal 0 0 -1
		outer loop
			vertex -0.0014642857713624835 0.09254464507102966 0
			vertex -0.006092479452490807 0.08158933371305466 0
			vertex -0.012328027747571468 0.0833406150341034 0
		endloop
	endfacet
	facet normal 0 0 -1
		outer loop
			vertex -0.0014642857713624835 0.09254464507102966 0
			vertex -0.002316458383575082 0.08136557787656784 0
			vertex -0.003557868767529726 0.08164097368717194 0
		endloop
	endfacet
	facet normal 0 0 -1
		outer loop
			vertex -0.0014642857713624835 0.09254464507102966 0
			vertex -0.003557868767529726 0.08164097368717194 0
			vertex -0.00482723256573081 0.08171619474887848 0
		endloop
	endfacet
	facet normal 0 0 -1
		outer loop
			vertex -0.0014642857713624835 0.09254464507102966 0
			vertex -0.00482723256573081 0.08171619474887848 0
			vertex -0.006092479452490807 0.08158933371305466 0
		endloop
	endfacet
	facet normal 0 0 -1
		outer loop
			vertex -0.0014642857713624835 0.09254464507102966 0
			vertex 0.0029872036539018154 0.08328097313642502 0
			vertex -0.002316458383575082 0.08136557787656784 0
		endloop
	endfacet
	facet normal 0 0 -1
		outer loop
			vertex -0.0014642857713624835 0.09254464507102966 0
			vertex -0.01746428571641445 0.08558468520641327 0
			vertex -0.03346428647637367 0.09254464507102966 0
		endloop
	endfacet
	facet normal 0 0 -1
		outer loop
			vertex -0.0014642857713624835 0.09254464507102966 0
			vertex 0.010535714216530323 0.08054464310407639 0
			vertex 0.004303778987377882 0.08344083279371262 0
		endloop
	endfacet
	facet normal 0 0 -1
		outer loop
			vertex -0.0014642857713624835 0.09254464507102966 0
			vertex 0.004303778987377882 0.08344083279371262 0
			vertex 0.004090319387614727 0.08355286717414856 0
		endloop
	endfacet
	facet normal 0 0 -1
		outer loop
			vertex -0.0014642857713624835 0.09254464507102966 0
			vertex 0.004090319387614727 0.08355286717414856 0
			vertex 0.0038562510162591934 0.08361055701971054 0
		endloop
	endfacet
	facet normal 0 0 -1
		outer loop
			vertex -0.0014642857713624835 0.09254464507102966 0
			vertex 0.0038562510162591934 0.08361055701971054 0
			vertex 0.0036151777021586895 0.08361055701971054 0
		endloop
	endfacet
	facet normal 0 0 -1
		outer loop
			vertex -0.0014642857713624835 0.09254464507102966 0
			vertex 0.0036151777021586895 0.08361055701971054 0
			vertex 0.003381109330803156 0.08355286717414856 0
		endloop
	endfacet
	facet normal 0 0 -1
		outer loop
			vertex -0.0014642857713624835 0.09254464507102966 0
			vertex 0.003381109330803156 0.08355286717414856 0
			vertex 0.0031676494982093573 0.08344083279371262 0
		endloop
	endfacet
	facet normal 0 0 -1
		outer loop
			vertex -0.0014642857713624835 0.09254464507102966 0
			vertex 0.0031676494982093573 0.08344083279371262 0
			vertex 0.0029872036539018154 0.08328097313642502 0
		endloop
	endfacet
	facet normal 0 0 -1
		outer loop
			vertex -0.0014642857713624835 0.09254464507102966 0
			vertex -0.012328027747571468 0.0833406150341034 0
			vertex -0.013177660293877125 0.08411865681409836 0
		endloop
	endfacet
	facet normal 0 0 -1
		outer loop
			vertex -0.0014642857713624835 0.09254464507102966 0
			vertex -0.013177660293877125 0.08411865681409836 0
			vertex -0.014143401756882668 0.08474680036306381 0
		endloop
	endfacet
	facet normal 0 0 -1
		outer loop
			vertex -0.0014642857713624835 0.09254464507102966 0
			vertex -0.014143401756882668 0.08474680036306381 0
			vertex -0.015199093148112297 0.08520804345607758 0
		endloop
	endfacet
	facet normal 0 0 -1
		outer loop
			vertex -0.0014642857713624835 0.09254464507102966 0
			vertex -0.015199093148112297 0.08520804345607758 0
			vertex -0.016316140070557594 0.08548988401889801 0
		endloop
	endfacet
	facet normal 0 0 -1
		outer loop
			vertex -0.0014642857713624835 0.09254464507102966 0
			vertex -0.016316140070557594 0.08548988401889801 0
			vertex -0.01746428571641445 0.08558468520641327 0
		endloop
	endfacet
	facet normal 0 0 -1
		outer loop
			vertex -0.01292653102427721 0.040052205324172974 0
			vertex -0.005464285612106323 0.030544642359018326 0
			vertex -0.01336504053324461 0.0399441234767437 0
		endloop
	endfacet
	facet normal 0 0 -1
		outer loop
			vertex -0.012526629492640495 0.04026208817958832 0
			vertex -0.005464285612106323 0.030544642359018326 0
			vertex -0.01292653102427721 0.040052205324172974 0
		endloop
	endfacet
	facet normal 0 0 -1
		outer loop
			vertex -0.012188577093183994 0.040561579167842865 0
			vertex -0.005464285612106323 0.030544642359018326 0
			vertex -0.012526629492640495 0.04026208817958832 0
		endloop
	endfacet
	facet normal 0 0 -1
		outer loop
			vertex -0.01193202007561922 0.040933266282081604 0
			vertex -0.005464285612106323 0.030544642359018326 0
			vertex -0.012188577093183994 0.040561579167842865 0
		endloop
	endfacet
	facet normal 0 0 -1
		outer loop
			vertex -0.023211142048239708 0.05325848236680031 0
			vertex -0.02946428582072258 0.04436607286334038 0
			vertex -0.03830968216061592 0.06388283520936966 0
		endloop
	endfacet
	facet normal 0 0 -1
		outer loop
			vertex -0.023211142048239708 0.05325848236680031 0
			vertex -0.023211142048239708 0.04180389270186424 0
			vertex -0.02946428582072258 0.04436607286334038 0
		endloop
	endfacet
	facet normal 0 0 -1
		outer loop
			vertex -0.023156702518463135 0.0537068210542202 0
			vertex -0.03830968216061592 0.06388283520936966 0
			vertex -0.038096219301223755 0.0639948695898056 0
		endloop
	endfacet
	facet normal 0 0 -1
		outer loop
			vertex -0.023156702518463135 0.0537068210542202 0
			vertex -0.023211142048239708 0.05325848236680031 0
			vertex -0.03830968216061592 0.06388283520936966 0
		endloop
	endfacet
	facet normal 0 0 -1
		outer loop
			vertex -0.035863231867551804 0.06800367683172226 0
			vertex -0.0377788282930851 0.06528257578611374 0
			vertex -0.03791577368974686 0.06548096984624863 0
		endloop
	endfacet
	facet normal 0 0 -1
		outer loop
			vertex -0.035863231867551804 0.06800367683172226 0
			vertex -0.03791577368974686 0.06548096984624863 0
			vertex -0.038096219301223755 0.06564083695411682 0
		endloop
	endfacet
	facet normal 0 0 -1
		outer loop
			vertex -0.035863231867551804 0.06800367683172226 0
			vertex -0.038096219301223755 0.06564083695411682 0
			vertex -0.03830968216061592 0.06575286388397217 0
		endloop
	endfacet
	facet normal 0 0 -1
		outer loop
			vertex -0.03669789433479309 0.06896299123764038 0
			vertex -0.035863231867551804 0.06800367683172226 0
			vertex -0.03830968216061592 0.06575286388397217 0
		endloop
	endfacet
	facet normal 0 0 -1
		outer loop
			vertex -0.03669789433479309 0.06896299123764038 0
			vertex -0.03830968216061592 0.06575286388397217 0
			vertex -0.03854374960064888 0.06581056118011475 0
		endloop
	endfacet
	facet normal 0 0 -1
		outer loop
			vertex -0.03669789433479309 0.06896299123764038 0
			vertex -0.03854374960064888 0.06581056118011475 0
			vertex -0.03878482058644295 0.06581056118011475 0
		endloop
	endfacet
	facet normal 0 0 -1
		outer loop
			vertex -0.03488711640238762 0.06718873232603073 0
			vertex -0.0377788282930851 0.06528257578611374 0
			vertex -0.035863231867551804 0.06800367683172226 0
		endloop
	endfacet
	facet normal 0 0 -1
		outer loop
			vertex -0.03488711640238762 0.06718873232603073 0
			vertex -0.03766428679227829 0.06481785327196121 0
			vertex -0.03769334405660629 0.0650571659207344 0
		endloop
	endfacet
	facet normal 0 0 -1
		outer loop
			vertex -0.03488711640238762 0.06718873232603073 0
			vertex -0.03769334405660629 0.0650571659207344 0
			vertex -0.0377788282930851 0.06528257578611374 0
		endloop
	endfacet
	facet normal 0 0 -1
		outer loop
			vertex -0.03737001121044159 0.0700424388051033 0
			vertex -0.03669789433479309 0.06896299123764038 0
			vertex -0.03878482058644295 0.06581056118011475 0
		endloop
	endfacet
	facet normal 0 0 -1
		outer loop
			vertex -0.03737001121044159 0.0700424388051033 0
			vertex -0.03878482058644295 0.06581056118011475 0
			vertex -0.039018891751766205 0.06575286388397217 0
		endloop
	endfacet
	facet normal 0 0 -1
		outer loop
			vertex -0.03737001121044159 0.0700424388051033 0
			vertex -0.039018891751766205 0.06575286388397217 0
			vertex -0.03923235088586807 0.06564083695411682 0
		endloop
	endfacet
	facet normal 0 0 -1
		outer loop
			vertex -0.033794205635786057 0.0665387362241745 0
			vertex -0.0377788282930851 0.06435313075780869 0
			vertex -0.03769334405660629 0.06457853317260742 0
		endloop
	endfacet
	facet normal 0 0 -1
		outer loop
			vertex -0.033794205635786057 0.0665387362241745 0
			vertex -0.03769334405660629 0.06457853317260742 0
			vertex -0.03766428679227829 0.06481785327196121 0
		endloop
	endfacet
	facet normal 0 0 -1
		outer loop
			vertex -0.033794205635786057 0.0665387362241745 0
			vertex -0.03766428679227829 0.06481785327196121 0
			vertex -0.03488711640238762 0.06718873232603073 0
		endloop
	endfacet
	facet normal 0 0 -1
		outer loop
			vertex -0.03786260262131691 0.07121473550796509 0
			vertex -0.03737001121044159 0.0700424388051033 0
			vertex -0.03923235088586807 0.06564083695411682 0
		endloop
	endfacet
	facet normal 0 0 -1
		outer loop
			vertex -0.03786260262131691 0.07121473550796509 0
			vertex -0.03923235088586807 0.06564083695411682 0
			vertex -0.03941279649734497 0.06548096984624863 0
		endloop
	endfacet
	facet normal 0 0 -1
		outer loop
			vertex -0.032612111419439316 0.06607012450695038 0
			vertex -0.03791577368974686 0.0641547292470932 0
			vertex -0.0377788282930851 0.06435313075780869 0
		endloop
	endfacet
	facet normal 0 0 -1
		outer loop
			vertex -0.032612111419439316 0.06607012450695038 0
			vertex -0.0377788282930851 0.06435313075780869 0
			vertex -0.033794205635786057 0.0665387362241745 0
		endloop
	endfacet
	facet normal 0 0 -1
		outer loop
			vertex -0.03816322609782219 0.07245028018951416 0
			vertex -0.03941279649734497 0.06548096984624863 0
			vertex -0.03954974189400673 0.06528257578611374 0
		endloop
	endfacet
	facet normal 0 0 -1
		outer loop
			vertex -0.03816322609782219 0.07245028018951416 0
			vertex -0.03786260262131691 0.07121473550796509 0
			vertex -0.03941279649734497 0.06548096984624863 0
		endloop
	endfacet
	facet normal 0 0 -1
		outer loop
			vertex -0.031370703130960464 0.06579472869634628 0
			vertex -0.038096219301223755 0.0639948695898056 0
			vertex -0.03791577368974686 0.0641547292470932 0
		endloop
	endfacet
	facet normal 0 0 -1
		outer loop
			vertex -0.031370703130960464 0.06579472869634628 0
			vertex -0.022996552288532257 0.05412910506129265 0
			vertex -0.023156702518463135 0.0537068210542202 0
		endloop
	endfacet
	facet normal 0 0 -1
		outer loop
			vertex -0.031370703130960464 0.06579472869634628 0
			vertex -0.03791577368974686 0.0641547292470932 0
			vertex -0.032612111419439316 0.06607012450695038 0
		endloop
	endfacet
	facet normal 0 0 -1
		outer loop
			vertex -0.031370703130960464 0.06579472869634628 0
			vertex -0.023156702518463135 0.0537068210542202 0
			vertex -0.038096219301223755 0.0639948695898056 0
		endloop
	endfacet
	facet normal 0 0 -1
		outer loop
			vertex -0.04546428471803665 0.08054464310407639 0
			vertex -0.03816322609782219 0.07245028018951416 0
			vertex -0.03954974189400673 0.06528257578611374 0
		endloop
	endfacet
	facet normal 0 0 -1
		outer loop
			vertex -0.04546428471803665 0.08054464310407639 0
			vertex -0.03954974189400673 0.06528257578611374 0
			vertex -0.04546428471803665 0.06054464355111122 0
		endloop
	endfacet
	facet normal 0 0 -1
		outer loop
			vertex -0.038264285773038864 0.07371784746646881 0
			vertex -0.03816322609782219 0.07245028018951416 0
			vertex -0.04546428471803665 0.08054464310407639 0
		endloop
	endfacet
	facet normal 0 0 -1
		outer loop
			vertex -0.030101338401436806 0.06571950763463974 0
			vertex -0.022739995270967484 0.05450079217553139 0
			vertex -0.022996552288532257 0.05412910506129265 0
		endloop
	endfacet
	facet normal 0 0 -1
		outer loop
			vertex -0.030101338401436806 0.06571950763463974 0
			vertex -0.022996552288532257 0.05412910506129265 0
			vertex -0.031370703130960464 0.06579472869634628 0
		endloop
	endfacet
	facet normal 0 0 -1
		outer loop
			vertex -0.03816322609782219 0.07498542219400406 0
			vertex -0.038264285773038864 0.07371784746646881 0
			vertex -0.04546428471803665 0.08054464310407639 0
		endloop
	endfacet
	facet normal 0 0 -1
		outer loop
			vertex -0.028836091980338097 0.06584636867046356 0
			vertex -0.022739995270967484 0.05450079217553139 0
			vertex -0.030101338401436806 0.06571950763463974 0
		endloop
	endfacet
	facet normal 0 0 -1
		outer loop
			vertex -0.015464285388588905 0.05325848236680031 0
			vertex -0.019464286044239998 0.04180389270186424 0
			vertex -0.019464286044239998 0.05325848236680031 0
		endloop
	endfacet
	facet normal 0 0 -1
		outer loop
			vertex -0.015464285388588905 0.05325848236680031 0
			vertex -0.015464285388588905 0.04180389270186424 0
			vertex -0.019464286044239998 0.04180389270186424 0
		endloop
	endfacet
	facet normal 0 0 -1
		outer loop
			vertex -0.015409847721457481 0.0537068210542202 0
			vertex -0.019464286044239998 0.05325848236680031 0
			vertex -0.019518723711371422 0.0537068210542202 0
		endloop
	endfacet
	facet normal 0 0 -1
		outer loop
			vertex -0.015409847721457481 0.0537068210542202 0
			vertex -0.015464285388588905 0.05325848236680031 0
			vertex -0.019464286044239998 0.05325848236680031 0
		endloop
	endfacet
	facet normal 0 0 -1
		outer loop
			vertex -0.03786260262131691 0.07622095942497253 0
			vertex -0.03816322609782219 0.07498542219400406 0
			vertex -0.04546428471803665 0.08054464310407639 0
		endloop
	endfacet
	facet normal 0 0 -1
		outer loop
			vertex -0.015249695628881454 0.05412910506129265 0
			vertex -0.015409847721457481 0.0537068210542202 0
			vertex -0.019518723711371422 0.0537068210542202 0
		endloop
	endfacet
	facet normal 0 0 -1
		outer loop
			vertex -0.015249695628881454 0.05412910506129265 0
			vertex -0.019518723711371422 0.0537068210542202 0
			vertex -0.01967887580394745 0.05412910506129265 0
		endloop
	endfacet
	facet normal 0 0 -1
		outer loop
			vertex -0.005464285612106323 0.04436607286334038 0
			vertex -0.01193202007561922 0.040933266282081604 0
			vertex -0.011771867983043194 0.04135555028915405 0
		endloop
	endfacet
	facet normal 0 0 -1
		outer loop
			vertex -0.005464285612106323 0.04436607286334038 0
			vertex -0.011771867983043194 0.04135555028915405 0
			vertex -0.011717429384589195 0.04180389270186424 0
		endloop
	endfacet
	facet normal 0 0 -1
		outer loop
			vertex -0.005464285612106323 0.04436607286334038 0
			vertex -0.005464285612106323 0.030544642359018326 0
			vertex -0.01193202007561922 0.040933266282081604 0
		endloop
	endfacet
	facet normal 0 0 -1
		outer loop
			vertex -0.014993138611316681 0.05450079217553139 0
			vertex -0.01967887580394745 0.05412910506129265 0
			vertex -0.019935432821512222 0.05450079217553139 0
		endloop
	endfacet
	facet normal 0 0 -1
		outer loop
			vertex -0.014993138611316681 0.05450079217553139 0
			vertex -0.015249695628881454 0.05412910506129265 0
			vertex -0.01967887580394745 0.05412910506129265 0
		endloop
	endfacet
	facet normal 0 0 -1
		outer loop
			vertex -0.01465508621186018 0.054800283163785934 0
			vertex -0.019935432821512222 0.05450079217553139 0
			vertex -0.020273486152291298 0.054800283163785934 0
		endloop
	endfacet
	facet normal 0 0 -1
		outer loop
			vertex -0.01465508621186018 0.054800283163785934 0
			vertex -0.014993138611316681 0.05450079217553139 0
			vertex -0.019935432821512222 0.05450079217553139 0
		endloop
	endfacet
	facet normal 0 0 -1
		outer loop
			vertex -0.02260054275393486 0.06409508734941483 0
			vertex -0.022401941940188408 0.054800283163785934 0
			vertex -0.022739995270967484 0.05450079217553139 0
		endloop
	endfacet
	facet normal 0 0 -1
		outer loop
			vertex -0.02260054275393486 0.06409508734941483 0
			vertex -0.028836091980338097 0.06584636867046356 0
			vertex -0.02760692872107029 0.06617209315299988 0
		endloop
	endfacet
	facet normal 0 0 -1
		outer loop
			vertex -0.02260054275393486 0.06409508734941483 0
			vertex -0.022739995270967484 0.05450079217553139 0
			vertex -0.028836091980338097 0.06584636867046356 0
		endloop
	endfacet
	facet normal 0 0 -1
		outer loop
			vertex -0.011717429384589195 0.05325848236680031 0
			vertex -0.005464285612106323 0.04436607286334038 0
			vertex -0.011717429384589195 0.04180389270186424 0
		endloop
	endfacet
	facet normal 0 0 -1
		outer loop
			vertex -0.021750912070274353 0.06331704556941986 0
			vertex -0.022002041339874268 0.05501016601920128 0
			vertex -0.022401941940188408 0.054800283163785934 0
		endloop
	endfacet
	facet normal 0 0 -1
		outer loop
			vertex -0.021750912070274353 0.06331704556941986 0
			vertex -0.022401941940188408 0.054800283163785934 0
			vertex -0.02260054275393486 0.06409508734941483 0
		endloop
	endfacet
	facet normal 0 0 -1
		outer loop
			vertex -0.023311054334044456 0.0650019571185112 0
			vertex -0.02260054275393486 0.06409508734941483 0
			vertex -0.02760692872107029 0.06617209315299988 0
		endloop
	endfacet
	facet normal 0 0 -1
		outer loop
			vertex -0.023311054334044456 0.0650019571185112 0
			vertex -0.02760692872107029 0.06617209315299988 0
			vertex -0.026444900780916214 0.06668846309185028 0
		endloop
	endfacet
	facet normal 0 0 -1
		outer loop
			vertex -0.020785169675946236 0.0626889020204544 0
			vertex -0.022002041339874268 0.05501016601920128 0
			vertex -0.021750912070274353 0.06331704556941986 0
		endloop
	endfacet
	facet normal 0 0 -1
		outer loop
			vertex -0.020785169675946236 0.0626889020204544 0
			vertex -0.02156352996826172 0.055118247866630554 0
			vertex -0.022002041339874268 0.05501016601920128 0
		endloop
	endfacet
	facet normal 0 0 -1
		outer loop
			vertex -0.02386319823563099 0.06601307541131973 0
			vertex -0.023311054334044456 0.0650019571185112 0
			vertex -0.026444900780916214 0.06668846309185028 0
		endloop
	endfacet
	facet normal 0 0 -1
		outer loop
			vertex -0.02386319823563099 0.06601307541131973 0
			vertex -0.026444900780916214 0.06668846309185028 0
			vertex -0.025379370898008347 0.06738242506980896 0
		endloop
	endfacet
	facet normal 0 0 -1
		outer loop
			vertex -0.019729478284716606 0.06222765892744064 0
			vertex -0.02156352996826172 0.055118247866630554 0
			vertex -0.020785169675946236 0.0626889020204544 0
		endloop
	endfacet
	facet normal 0 0 -1
		outer loop
			vertex -0.019729478284716606 0.06222765892744064 0
			vertex -0.021111896261572838 0.055118247866630554 0
			vertex -0.02156352996826172 0.055118247866630554 0
		endloop
	endfacet
	facet normal 0 0 -1
		outer loop
			vertex -0.03923235088586807 0.0817948654294014 0
			vertex -0.04546428471803665 0.08054464310407639 0
			vertex -0.03941279649734497 0.081954725086689 0
		endloop
	endfacet
	facet normal 0 0 -1
		outer loop
			vertex -0.03923235088586807 0.0817948654294014 0
			vertex -0.03737001121044159 0.07739326357841492 0
			vertex -0.03786260262131691 0.07622095942497253 0
		endloop
	endfacet
	facet normal 0 0 -1
		outer loop
			vertex -0.03923235088586807 0.0817948654294014 0
			vertex -0.03786260262131691 0.07622095942497253 0
			vertex -0.04546428471803665 0.08054464310407639 0
		endloop
	endfacet
	facet normal 0 0 -1
		outer loop
			vertex -0.03954974189400673 0.08215312659740448 0
			vertex -0.03941279649734497 0.081954725086689 0
			vertex -0.04546428471803665 0.08054464310407639 0
		endloop
	endfacet
	facet normal 0 0 -1
		outer loop
			vertex -0.039018891751766205 0.08168283104896545 0
			vertex -0.03737001121044159 0.07739326357841492 0
			vertex -0.03923235088586807 0.0817948654294014 0
		endloop
	endfacet
	facet normal 0 0 -1
		outer loop
			vertex -0.039635226130485535 0.08237853646278381 0
			vertex -0.03954974189400673 0.08215312659740448 0
			vertex -0.04546428471803665 0.08054464310407639 0
		endloop
	endfacet
	facet normal 0 0 -1
		outer loop
			vertex -0.03878482058644295 0.08162514120340347 0
			vertex -0.03737001121044159 0.07739326357841492 0
			vertex -0.039018891751766205 0.08168283104896545 0
		endloop
	endfacet
	facet normal 0 0 -1
		outer loop
			vertex -0.03878482058644295 0.08162514120340347 0
			vertex -0.03669789433479309 0.07847271114587784 0
			vertex -0.03737001121044159 0.07739326357841492 0
		endloop
	endfacet
	facet normal 0 0 -1
		outer loop
			vertex -0.024242017418146133 0.06710106134414673 0
			vertex -0.02386319823563099 0.06601307541131973 0
			vertex -0.025379370898008347 0.06738242506980896 0
		endloop
	endfacet
	facet normal 0 0 -1
		outer loop
			vertex -0.039664287120103836 0.082617849111557 0
			vertex -0.039635226130485535 0.08237853646278381 0
			vertex -0.04546428471803665 0.08054464310407639 0
		endloop
	endfacet
	facet normal 0 0 -1
		outer loop
			vertex -0.03854374960064888 0.08162514120340347 0
			vertex -0.03669789433479309 0.07847271114587784 0
			vertex -0.03878482058644295 0.08162514120340347 0
		endloop
	endfacet
	facet normal 0 0 -1
		outer loop
			vertex -0.039635226130485535 0.0828571692109108 0
			vertex -0.039664287120103836 0.082617849111557 0
			vertex -0.04546428471803665 0.08054464310407639 0
		endloop
	endfacet
	facet normal 0 0 -1
		outer loop
			vertex -0.01861243136227131 0.06194582208991051 0
			vertex -0.020673386752605438 0.05501016601920128 0
			vertex -0.021111896261572838 0.055118247866630554 0
		endloop
	endfacet
	facet normal 0 0 -1
		outer loop
			vertex -0.01861243136227131 0.06194582208991051 0
			vertex -0.020273486152291298 0.054800283163785934 0
			vertex -0.020673386752605438 0.05501016601920128 0
		endloop
	endfacet
	facet normal 0 0 -1
		outer loop
			vertex -0.01861243136227131 0.06194582208991051 0
			vertex -0.021111896261572838 0.055118247866630554 0
			vertex -0.019729478284716606 0.06222765892744064 0
		endloop
	endfacet
	facet normal 0 0 -1
		outer loop
			vertex -0.03830968216061592 0.08168283104896545 0
			vertex -0.03669789433479309 0.07847271114587784 0
			vertex -0.03854374960064888 0.08162514120340347 0
		endloop
	endfacet
	facet normal 0 0 -1
		outer loop
			vertex -0.03954974189400673 0.08308257162570953 0
			vertex -0.039635226130485535 0.0828571692109108 0
			vertex -0.04546428471803665 0.08054464310407639 0
		endloop
	endfacet
	facet normal 0 0 -1
		outer loop
			vertex -0.035863231867551804 0.07943202555179596 0
			vertex -0.03669789433479309 0.07847271114587784 0
			vertex -0.03830968216061592 0.08168283104896545 0
		endloop
	endfacet
	facet normal 0 0 -1
		outer loop
			vertex -0.038096219301223755 0.0817948654294014 0
			vertex -0.035863231867551804 0.07943202555179596 0
			vertex -0.03830968216061592 0.08168283104896545 0
		endloop
	endfacet
	facet normal 0 0 -1
		outer loop
			vertex -0.024437256157398224 0.06823645532131195 0
			vertex -0.024242017418146133 0.06710106134414673 0
			vertex -0.025379370898008347 0.06738242506980896 0
		endloop
	endfacet
	facet normal 0 0 -1
		outer loop
			vertex -0.03941279649734497 0.08328097313642502 0
			vertex -0.03954974189400673 0.08308257162570953 0
			vertex -0.04546428471803665 0.08054464310407639 0
		endloop
	endfacet
	facet normal 0 0 -1
		outer loop
			vertex -0.03791577368974686 0.081954725086689 0
			vertex -0.035863231867551804 0.07943202555179596 0
			vertex -0.038096219301223755 0.0817948654294014 0
		endloop
	endfacet
	facet normal 0 0 -1
		outer loop
			vertex -0.03923235088586807 0.08344083279371262 0
			vertex -0.03941279649734497 0.08328097313642502 0
			vertex -0.04546428471803665 0.08054464310407639 0
		endloop
	endfacet
	facet normal 0 0 -1
		outer loop
			vertex -0.0377788282930851 0.08215312659740448 0
			vertex -0.035863231867551804 0.07943202555179596 0
			vertex -0.03791577368974686 0.081954725086689 0
		endloop
	endfacet
	facet normal 0 0 -1
		outer loop
			vertex -0.01746428571641445 0.06185101717710495 0
			vertex -0.020273486152291298 0.054800283163785934 0
			vertex -0.01861243136227131 0.06194582208991051 0
		endloop
	endfacet
	facet normal 0 0 -1
		outer loop
			vertex -0.01746428571641445 0.06185101717710495 0
			vertex -0.01465508621186018 0.054800283163785934 0
			vertex -0.020273486152291298 0.054800283163785934 0
		endloop
	endfacet
	facet normal 0 0 -1
		outer loop
			vertex -0.03488711640238762 0.08024697005748749 0
			vertex -0.035863231867551804 0.07943202555179596 0
			vertex -0.0377788282930851 0.08215312659740448 0
		endloop
	endfacet
	facet normal 0 0 -1
		outer loop
			vertex -0.03488711640238762 0.08024697005748749 0
			vertex -0.03769334405660629 0.08237853646278381 0
			vertex -0.03766428679227829 0.082617849111557 0
		endloop
	endfacet
	facet normal 0 0 -1
		outer loop
			vertex -0.03488711640238762 0.08024697005748749 0
			vertex -0.0377788282930851 0.08215312659740448 0
			vertex -0.03769334405660629 0.08237853646278381 0
		endloop
	endfacet
	facet normal 0 0 -1
		outer loop
			vertex -0.016316140070557594 0.06194582208991051 0
			vertex -0.01465508621186018 0.054800283163785934 0
			vertex -0.01746428571641445 0.06185101717710495 0
		endloop
	endfacet
	facet normal 0 0 -1
		outer loop
			vertex -0.016316140070557594 0.06194582208991051 0
			vertex -0.01381667423993349 0.055118247866630554 0
			vertex -0.014255184680223465 0.05501016601920128 0
		endloop
	endfacet
	facet normal 0 0 -1
		outer loop
			vertex -0.016316140070557594 0.06194582208991051 0
			vertex -0.014255184680223465 0.05501016601920128 0
			vertex -0.01465508621186018 0.054800283163785934 0
		endloop
	endfacet
	facet normal 0 0 -1
		outer loop
			vertex -0.015199093148112297 0.06222765892744064 0
			vertex -0.01381667423993349 0.055118247866630554 0
			vertex -0.016316140070557594 0.06194582208991051 0
		endloop
	endfacet
	facet normal 0 0 -1
		outer loop
			vertex -0.015199093148112297 0.06222765892744064 0
			vertex -0.01336504053324461 0.055118247866630554 0
			vertex -0.01381667423993349 0.055118247866630554 0
		endloop
	endfacet
	facet normal 0 0 -1
		outer loop
			vertex -0.033794205635786057 0.08089696615934372 0
			vertex -0.03769334405660629 0.0828571692109108 0
			vertex -0.0377788282930851 0.08308257162570953 0
		endloop
	endfacet
	facet normal 0 0 -1
		outer loop
			vertex -0.033794205635786057 0.08089696615934372 0
			vertex -0.03766428679227829 0.082617849111557 0
			vertex -0.03769334405660629 0.0828571692109108 0
		endloop
	endfacet
	facet normal 0 0 -1
		outer loop
			vertex -0.033794205635786057 0.08089696615934372 0
			vertex -0.03488711640238762 0.08024697005748749 0
			vertex -0.03766428679227829 0.082617849111557 0
		endloop
	endfacet
	facet normal 0 0 -1
		outer loop
			vertex -0.014143401756882668 0.0626889020204544 0
			vertex -0.01292653102427721 0.05501016601920128 0
			vertex -0.01336504053324461 0.055118247866630554 0
		endloop
	endfacet
	facet normal 0 0 -1
		outer loop
			vertex -0.014143401756882668 0.0626889020204544 0
			vertex -0.01336504053324461 0.055118247866630554 0
			vertex -0.015199093148112297 0.06222765892744064 0
		endloop
	endfacet
	facet normal 0 0 -1
		outer loop
			vertex -0.032612111419439316 0.08136557787656784 0
			vertex -0.0377788282930851 0.08308257162570953 0
			vertex -0.03791577368974686 0.08328097313642502 0
		endloop
	endfacet
	facet normal 0 0 -1
		outer loop
			vertex -0.032612111419439316 0.08136557787656784 0
			vertex -0.033794205635786057 0.08089696615934372 0
			vertex -0.0377788282930851 0.08308257162570953 0
		endloop
	endfacet
	facet normal 0 0 -1
		outer loop
			vertex -0.013177660293877125 0.06331704556941986 0
			vertex -0.012526629492640495 0.054800283163785934 0
			vertex -0.01292653102427721 0.05501016601920128 0
		endloop
	endfacet
	facet normal 0 0 -1
		outer loop
			vertex -0.013177660293877125 0.06331704556941986 0
			vertex -0.01292653102427721 0.05501016601920128 0
			vertex -0.014143401756882668 0.0626889020204544 0
		endloop
	endfacet
	facet normal 0 0 -1
		outer loop
			vertex -0.012328027747571468 0.06409508734941483 0
			vertex -0.012188577093183994 0.05450079217553139 0
			vertex -0.012526629492640495 0.054800283163785934 0
		endloop
	endfacet
	facet normal 0 0 -1
		outer loop
			vertex -0.012328027747571468 0.06409508734941483 0
			vertex -0.012526629492640495 0.054800283163785934 0
			vertex -0.013177660293877125 0.06331704556941986 0
		endloop
	endfacet
	facet normal 0 0 -1
		outer loop
			vertex -0.024242017418146133 0.08033464103937149 0
			vertex -0.024437256157398224 0.07919924706220627 0
			vertex -0.025379370898008347 0.08005327731370926 0
		endloop
	endfacet
	facet normal 0 0 -1
		outer loop
			vertex -0.02386319823563099 0.08142262697219849 0
			vertex -0.025379370898008347 0.08005327731370926 0
			vertex -0.026444900780916214 0.08074723929166794 0
		endloop
	endfacet
	facet normal 0 0 -1
		outer loop
			vertex -0.02386319823563099 0.08142262697219849 0
			vertex -0.024242017418146133 0.08033464103937149 0
			vertex -0.025379370898008347 0.08005327731370926 0
		endloop
	endfacet
	facet normal 0 0 -1
		outer loop
			vertex -0.009549200534820557 0.06738242506980896 0
			vertex -0.010686553083360195 0.06710106134414673 0
			vertex -0.010491316206753254 0.06823645532131195 0
		endloop
	endfacet
	facet normal 0 0 -1
		outer loop
			vertex -0.009549200534820557 0.06738242506980896 0
			vertex -0.011065374128520489 0.06601307541131973 0
			vertex -0.010686553083360195 0.06710106134414673 0
		endloop
	endfacet
	facet normal 0 0 -1
		outer loop
			vertex -0.008483669720590115 0.06668846309185028 0
			vertex -0.011617517098784447 0.0650019571185112 0
			vertex -0.011065374128520489 0.06601307541131973 0
		endloop
	endfacet
	facet normal 0 0 -1
		outer loop
			vertex -0.008483669720590115 0.06668846309185028 0
			vertex -0.011065374128520489 0.06601307541131973 0
			vertex -0.009549200534820557 0.06738242506980896 0
		endloop
	endfacet
	facet normal 0 0 -1
		outer loop
			vertex -0.007321643643081188 0.06617209315299988 0
			vertex -0.012328027747571468 0.06409508734941483 0
			vertex -0.011617517098784447 0.0650019571185112 0
		endloop
	endfacet
	facet normal 0 0 -1
		outer loop
			vertex -0.007321643643081188 0.06617209315299988 0
			vertex -0.011617517098784447 0.0650019571185112 0
			vertex -0.008483669720590115 0.06668846309185028 0
		endloop
	endfacet
	facet normal 0 0 -1
		outer loop
			vertex -0.03346428647637367 0.09254464507102966 0
			vertex -0.03923235088586807 0.08344083279371262 0
			vertex -0.04546428471803665 0.08054464310407639 0
		endloop
	endfacet
	facet normal 0 0 -1
		outer loop
			vertex -0.03346428647637367 0.09254464507102966 0
			vertex -0.039018891751766205 0.08355286717414856 0
			vertex -0.03923235088586807 0.08344083279371262 0
		endloop
	endfacet
	facet normal 0 0 -1
		outer loop
			vertex -0.03346428647637367 0.09254464507102966 0
			vertex -0.03878482058644295 0.08361055701971054 0
			vertex -0.039018891751766205 0.08355286717414856 0
		endloop
	endfacet
	facet normal 0 0 -1
		outer loop
			vertex -0.03346428647637367 0.09254464507102966 0
			vertex -0.03854374960064888 0.08361055701971054 0
			vertex -0.03878482058644295 0.08361055701971054 0
		endloop
	endfacet
	facet normal 0 0 -1
		outer loop
			vertex -0.03346428647637367 0.09254464507102966 0
			vertex -0.03830968216061592 0.08355286717414856 0
			vertex -0.03854374960064888 0.08361055701971054 0
		endloop
	endfacet
	facet normal 0 0 -1
		outer loop
			vertex -0.03346428647637367 0.09254464507102966 0
			vertex -0.038096219301223755 0.08344083279371262 0
			vertex -0.03830968216061592 0.08355286717414856 0
		endloop
	endfacet
	facet normal 0 0 -1
		outer loop
			vertex -0.03346428647637367 0.09254464507102966 0
			vertex -0.03791577368974686 0.08328097313642502 0
			vertex -0.038096219301223755 0.08344083279371262 0
		endloop
	endfacet
	facet normal 0 0 -1
		outer loop
			vertex -0.03346428647637367 0.09254464507102966 0
			vertex -0.028836091980338097 0.08158933371305466 0
			vertex -0.030101338401436806 0.08171619474887848 0
		endloop
	endfacet
	facet normal 0 0 -1
		outer loop
			vertex -0.03346428647637367 0.09254464507102966 0
			vertex -0.030101338401436806 0.08171619474887848 0
			vertex -0.031370703130960464 0.08164097368717194 0
		endloop
	endfacet
	facet normal 0 0 -1
		outer loop
			vertex -0.03346428647637367 0.09254464507102966 0
			vertex -0.031370703130960464 0.08164097368717194 0
			vertex -0.032612111419439316 0.08136557787656784 0
		endloop
	endfacet
	facet normal 0 0 -1
		outer loop
			vertex -0.03346428647637367 0.09254464507102966 0
			vertex -0.032612111419439316 0.08136557787656784 0
			vertex -0.03791577368974686 0.08328097313642502 0
		endloop
	endfacet
	facet normal 0 0 -1
		outer loop
			vertex -0.023311054334044456 0.08243374526500702 0
			vertex -0.026444900780916214 0.08074723929166794 0
			vertex -0.02760692872107029 0.08126360923051834 0
		endloop
	endfacet
	facet normal 0 0 -1
		outer loop
			vertex -0.023311054334044456 0.08243374526500702 0
			vertex -0.02386319823563099 0.08142262697219849 0
			vertex -0.026444900780916214 0.08074723929166794 0
		endloop
	endfacet
	facet normal 0 0 -1
		outer loop
			vertex -0.006092479452490807 0.06584636867046356 0
			vertex -0.012328027747571468 0.06409508734941483 0
			vertex -0.007321643643081188 0.06617209315299988 0
		endloop
	endfacet
	facet normal 0 0 -1
		outer loop
			vertex -0.006092479452490807 0.06584636867046356 0
			vertex -0.012188577093183994 0.05450079217553139 0
			vertex -0.012328027747571468 0.06409508734941483 0
		endloop
	endfacet
	facet normal 0 0 -1
		outer loop
			vertex -0.02260054275393486 0.0833406150341034 0
			vertex -0.028836091980338097 0.08158933371305466 0
			vertex -0.03346428647637367 0.09254464507102966 0
		endloop
	endfacet
	facet normal 0 0 -1
		outer loop
			vertex -0.02260054275393486 0.0833406150341034 0
			vertex -0.02760692872107029 0.08126360923051834 0
			vertex -0.028836091980338097 0.08158933371305466 0
		endloop
	endfacet
	facet normal 0 0 -1
		outer loop
			vertex -0.02260054275393486 0.0833406150341034 0
			vertex -0.023311054334044456 0.08243374526500702 0
			vertex -0.02760692872107029 0.08126360923051834 0
		endloop
	endfacet
	facet normal 0 0 -1
		outer loop
			vertex -0.00482723256573081 0.06571950763463974 0
			vertex -0.01193202007561922 0.05412910506129265 0
			vertex -0.012188577093183994 0.05450079217553139 0
		endloop
	endfacet
	facet normal 0 0 -1
		outer loop
			vertex -0.00482723256573081 0.06571950763463974 0
			vertex -0.012188577093183994 0.05450079217553139 0
			vertex -0.006092479452490807 0.06584636867046356 0
		endloop
	endfacet
	facet normal 0 0 -1
		outer loop
			vertex -0.003557868767529726 0.06579472869634628 0
			vertex -0.011771867983043194 0.0537068210542202 0
			vertex -0.01193202007561922 0.05412910506129265 0
		endloop
	endfacet
	facet normal 0 0 -1
		outer loop
			vertex -0.003557868767529726 0.06579472869634628 0
			vertex -0.01193202007561922 0.05412910506129265 0
			vertex -0.00482723256573081 0.06571950763463974 0
		endloop
	endfacet
	facet normal 0 0 -1
		outer loop
			vertex -0.021750912070274353 0.08411865681409836 0
			vertex -0.02260054275393486 0.0833406150341034 0
			vertex -0.03346428647637367 0.09254464507102966 0
		endloop
	endfacet
	facet normal 0 0 -1
		outer loop
			vertex -0.020785169675946236 0.08474680036306381 0
			vertex -0.021750912070274353 0.08411865681409836 0
			vertex -0.03346428647637367 0.09254464507102966 0
		endloop
	endfacet
	facet normal 0 0 -1
		outer loop
			vertex -0.019729478284716606 0.08520804345607758 0
			vertex -0.020785169675946236 0.08474680036306381 0
			vertex -0.03346428647637367 0.09254464507102966 0
		endloop
	endfacet
	facet normal 0 0 -1
		outer loop
			vertex -0.01861243136227131 0.08548988401889801 0
			vertex -0.019729478284716606 0.08520804345607758 0
			vertex -0.03346428647637367 0.09254464507102966 0
		endloop
	endfacet
	facet normal 0 0 -1
		outer loop
			vertex 0.0029872036539018154 0.0641547292470932 0
			vertex -0.003557868767529726 0.06579472869634628 0
			vertex -0.002316458383575082 0.06607012450695038 0
		endloop
	endfacet
	facet normal 0 0 -1
		outer loop
			vertex 0.0031676494982093573 0.0639948695898056 0
			vertex -0.011771867983043194 0.0537068210542202 0
			vertex -0.003557868767529726 0.06579472869634628 0
		endloop
	endfacet
	facet normal 0 0 -1
		outer loop
			vertex 0.0031676494982093573 0.0639948695898056 0
			vertex -0.003557868767529726 0.06579472869634628 0
			vertex 0.0029872036539018154 0.0641547292470932 0
		endloop
	endfacet
	facet normal 0 0 -1
		outer loop
			vertex 0.002850258257240057 0.06435313075780869 0
			vertex -0.002316458383575082 0.06607012450695038 0
			vertex -0.0011343652149662375 0.0665387362241745 0
		endloop
	endfacet
	facet normal 0 0 -1
		outer loop
			vertex 0.002850258257240057 0.06435313075780869 0
			vertex 0.0029872036539018154 0.0641547292470932 0
			vertex -0.002316458383575082 0.06607012450695038 0
		endloop
	endfacet
	facet normal 0 0 -1
		outer loop
			vertex 0.003381109330803156 0.06388283520936966 0
			vertex -0.011771867983043194 0.0537068210542202 0
			vertex 0.0031676494982093573 0.0639948695898056 0
		endloop
	endfacet
	facet normal 0 0 -1
		outer loop
			vertex 0.003381109330803156 0.06388283520936966 0
			vertex -0.011717429384589195 0.05325848236680031 0
			vertex -0.011771867983043194 0.0537068210542202 0
		endloop
	endfacet
	facet normal 0 0 -1
		outer loop
			vertex 0.003381109330803156 0.06388283520936966 0
			vertex -0.005464285612106323 0.04436607286334038 0
			vertex -0.011717429384589195 0.05325848236680031 0
		endloop
	endfacet
	facet normal 0 0 -1
		outer loop
			vertex 0.002764772390946746 0.06457853317260742 0
			vertex 0.002850258257240057 0.06435313075780869 0
			vertex -0.0011343652149662375 0.0665387362241745 0
		endloop
	endfacet
	facet normal 0 0 -1
		outer loop
			vertex 0.0036151777021586895 0.06382514536380768 0
			vertex -0.005464285612106323 0.04436607286334038 0
			vertex 0.003381109330803156 0.06388283520936966 0
		endloop
	endfacet
	facet normal 0 0 -1
		outer loop
			vertex 0.0027357141952961683 0.06481785327196121 0
			vertex -0.0011343652149662375 0.0665387362241745 0
			vertex -0.000041454422898823395 0.06718873232603073 0
		endloop
	endfacet
	facet normal 0 0 -1
		outer loop
			vertex 0.0027357141952961683 0.06481785327196121 0
			vertex 0.002764772390946746 0.06457853317260742 0
			vertex -0.0011343652149662375 0.0665387362241745 0
		endloop
	endfacet
	facet normal 0 0 -1
		outer loop
			vertex 0.002764772390946746 0.0650571659207344 0
			vertex 0.0027357141952961683 0.06481785327196121 0
			vertex -0.000041454422898823395 0.06718873232603073 0
		endloop
	endfacet
	facet normal 0 0 -1
		outer loop
			vertex -0.01746428571641445 0.08558468520641327 0
			vertex -0.01861243136227131 0.08548988401889801 0
			vertex -0.03346428647637367 0.09254464507102966 0
		endloop
	endfacet
	facet normal 0 0 -1
		outer loop
			vertex 0.002850258257240057 0.06528257578611374 0
			vertex 0.002764772390946746 0.0650571659207344 0
			vertex -0.000041454422898823395 0.06718873232603073 0
		endloop
	endfacet
	facet normal 0 0 -1
		outer loop
			vertex 0.0009346617734991014 0.06800367683172226 0
			vertex 0.002850258257240057 0.06528257578611374 0
			vertex -0.000041454422898823395 0.06718873232603073 0
		endloop
	endfacet
	facet normal 0 0 -1
		outer loop
			vertex 0.0009346617734991014 0.06800367683172226 0
			vertex 0.0029872036539018154 0.06548096984624863 0
			vertex 0.002850258257240057 0.06528257578611374 0
		endloop
	endfacet
	facet normal 0 0 -1
		outer loop
			vertex 0.0009346617734991014 0.06800367683172226 0
			vertex 0.0031676494982093573 0.06564083695411682 0
			vertex 0.0029872036539018154 0.06548096984624863 0
		endloop
	endfacet
	facet normal 0 0 -1
		outer loop
			vertex 0.003381109330803156 0.06575286388397217 0
			vertex 0.0031676494982093573 0.06564083695411682 0
			vertex 0.0009346617734991014 0.06800367683172226 0
		endloop
	endfacet
	facet normal 0 0 -1
		outer loop
			vertex -0.009549200534820557 0.08005327731370926 0
			vertex -0.010491316206753254 0.07919924706220627 0
			vertex -0.010686553083360195 0.08033464103937149 0
		endloop
	endfacet
	facet normal 0 0 -1
		outer loop
			vertex -0.009549200534820557 0.08005327731370926 0
			vertex -0.010686553083360195 0.08033464103937149 0
			vertex -0.011065374128520489 0.08142262697219849 0
		endloop
	endfacet
	facet normal 0 0 -1
		outer loop
			vertex 0.0017693220870569348 0.06896299123764038 0
			vertex 0.0036151777021586895 0.06581056118011475 0
			vertex 0.003381109330803156 0.06575286388397217 0
		endloop
	endfacet
	facet normal 0 0 -1
		outer loop
			vertex 0.0017693220870569348 0.06896299123764038 0
			vertex 0.0038562510162591934 0.06581056118011475 0
			vertex 0.0036151777021586895 0.06581056118011475 0
		endloop
	endfacet
	facet normal 0 0 -1
		outer loop
			vertex 0.0017693220870569348 0.06896299123764038 0
			vertex 0.003381109330803156 0.06575286388397217 0
			vertex 0.0009346617734991014 0.06800367683172226 0
		endloop
	endfacet
	facet normal 0 0 -1
		outer loop
			vertex 0.010535714216530323 0.06054464355111122 0
			vertex -0.005464285612106323 0.04436607286334038 0
			vertex 0.0036151777021586895 0.06382514536380768 0
		endloop
	endfacet
	facet normal 0 0 -1
		outer loop
			vertex 0.010535714216530323 0.06054464355111122 0
			vertex 0.004706656094640493 0.06457853317260742 0
			vertex 0.004735714290291071 0.06481785327196121 0
		endloop
	endfacet
	facet normal 0 0 -1
		outer loop
			vertex 0.010535714216530323 0.06054464355111122 0
			vertex 0.004621170461177826 0.06435313075780869 0
			vertex 0.004706656094640493 0.06457853317260742 0
		endloop
	endfacet
	facet normal 0 0 -1
		outer loop
			vertex 0.010535714216530323 0.06054464355111122 0
			vertex 0.0044842250645160675 0.0641547292470932 0
			vertex 0.004621170461177826 0.06435313075780869 0
		endloop
	endfacet
	facet normal 0 0 -1
		outer loop
			vertex 0.010535714216530323 0.06054464355111122 0
			vertex 0.004303778987377882 0.0639948695898056 0
			vertex 0.0044842250645160675 0.0641547292470932 0
		endloop
	endfacet
	facet normal 0 0 -1
		outer loop
			vertex 0.010535714216530323 0.06054464355111122 0
			vertex 0.004090319387614727 0.06388283520936966 0
			vertex 0.004303778987377882 0.0639948695898056 0
		endloop
	endfacet
	facet normal 0 0 -1
		outer loop
			vertex 0.010535714216530323 0.06054464355111122 0
			vertex 0.0038562510162591934 0.06382514536380768 0
			vertex 0.004090319387614727 0.06388283520936966 0
		endloop
	endfacet
	facet normal 0 0 -1
		outer loop
			vertex 0.010535714216530323 0.06054464355111122 0
			vertex 0.0036151777021586895 0.06382514536380768 0
			vertex 0.0038562510162591934 0.06382514536380768 0
		endloop
	endfacet
	facet normal 0 0 -1
		outer loop
			vertex 0.010535714216530323 0.06054464355111122 0
			vertex 0.004706656094640493 0.0650571659207344 0
			vertex 0.004621170461177826 0.06528257578611374 0
		endloop
	endfacet
	facet normal 0 0 -1
		outer loop
			vertex 0.010535714216530323 0.06054464355111122 0
			vertex 0.004735714290291071 0.06481785327196121 0
			vertex 0.004706656094640493 0.0650571659207344 0
		endloop
	endfacet
	facet normal 0 0 -1
		outer loop
			vertex -0.008483669720590115 0.08074723929166794 0
			vertex -0.009549200534820557 0.08005327731370926 0
			vertex -0.011065374128520489 0.08142262697219849 0
		endloop
	endfacet
	facet normal 0 0 -1
		outer loop
			vertex -0.008483669720590115 0.08074723929166794 0
			vertex -0.011065374128520489 0.08142262697219849 0
			vertex -0.011617517098784447 0.08243374526500702 0
		endloop
	endfacet
	facet normal 0 0 -1
		outer loop
			vertex 0.002441439079120755 0.0700424388051033 0
			vertex 0.0038562510162591934 0.06581056118011475 0
			vertex 0.0017693220870569348 0.06896299123764038 0
		endloop
	endfacet
	facet normal 0 0 -1
		outer loop
			vertex 0.002441439079120755 0.0700424388051033 0
			vertex 0.004090319387614727 0.06575286388397217 0
			vertex 0.0038562510162591934 0.06581056118011475 0
		endloop
	endfacet
	facet normal 0 0 -1
		outer loop
			vertex 0.002441439079120755 0.0700424388051033 0
			vertex 0.004303778987377882 0.06564083695411682 0
			vertex 0.004090319387614727 0.06575286388397217 0
		endloop
	endfacet
	facet normal 0 0 -1
		outer loop
			vertex -0.007321643643081188 0.08126360923051834 0
			vertex -0.008483669720590115 0.08074723929166794 0
			vertex -0.011617517098784447 0.08243374526500702 0
		endloop
	endfacet
	facet normal 0 0 -1
		outer loop
			vertex -0.007321643643081188 0.08126360923051834 0
			vertex -0.011617517098784447 0.08243374526500702 0
			vertex -0.012328027747571468 0.0833406150341034 0
		endloop
	endfacet
	facet normal 0 0 -1
		outer loop
			vertex 0.0029340318869799376 0.07121473550796509 0
			vertex 0.004303778987377882 0.06564083695411682 0
			vertex 0.002441439079120755 0.0700424388051033 0
		endloop
	endfacet
	facet normal 0 0 -1
		outer loop
			vertex 0.0029340318869799376 0.07121473550796509 0
			vertex 0.0044842250645160675 0.06548096984624863 0
			vertex 0.004303778987377882 0.06564083695411682 0
		endloop
	endfacet
	facet normal 0 0 -1
		outer loop
			vertex -0.006092479452490807 0.08158933371305466 0
			vertex -0.007321643643081188 0.08126360923051834 0
			vertex -0.012328027747571468 0.0833406150341034 0
		endloop
	endfacet
	facet normal 0 0 -1
		outer loop
			vertex 0.003234655363485217 0.07245028018951416 0
			vertex 0.0044842250645160675 0.06548096984624863 0
			vertex 0.0029340318869799376 0.07121473550796509 0
		endloop
	endfacet
	facet normal 0 0 -1
		outer loop
			vertex 0.003234655363485217 0.07245028018951416 0
			vertex 0.004621170461177826 0.06528257578611374 0
			vertex 0.0044842250645160675 0.06548096984624863 0
		endloop
	endfacet
	facet normal -1 0 0
		outer loop
			vertex -0.019464286044239998 0.05325848236680031 0.003000000026077032
			vertex -0.019464286044239998 0.04180389270186424 0
			vertex -0.019464286044239998 0.04180389270186424 0.003000000026077032
		endloop
	endfacet
	facet normal -1 0 0
		outer loop
			vertex -0.019464286044239998 0.05325848236680031 0.003000000026077032
			vertex -0.019464286044239998 0.05325848236680031 0
			vertex -0.019464286044239998 0.04180389270186424 0
		endloop
	endfacet
	facet normal -0.9927091278541323 0.1205345903676117 0
		outer loop
			vertex -0.019518723711371422 0.04135555028915405 0
			vertex -0.019464286044239998 0.04180389270186424 0.003000000026077032
			vertex -0.019464286044239998 0.04180389270186424 0
		endloop
	endfacet
	facet normal -0.9927091278541323 0.1205345903676117 0
		outer loop
			vertex -0.019518723711371422 0.04135555028915405 0
			vertex -0.019518723711371422 0.04135555028915405 0.003000000026077032
			vertex -0.019464286044239998 0.04180389270186424 0.003000000026077032
		endloop
	endfacet
	facet normal -0.9350155868928048 0.3546066162207128 0
		outer loop
			vertex -0.01967887580394745 0.040933266282081604 0
			vertex -0.01967887580394745 0.040933266282081604 0.003000000026077032
			vertex -0.019518723711371422 0.04135555028915405 0.003000000026077032
		endloop
	endfacet
	facet normal -0.9350155868928048 0.3546066162207128 0
		outer loop
			vertex -0.01967887580394745 0.040933266282081604 0
			vertex -0.019518723711371422 0.04135555028915405 0.003000000026077032
			vertex -0.019518723711371422 0.04135555028915405 0
		endloop
	endfacet
	facet normal -0.8229839417083916 0.5680646368945339 0
		outer loop
			vertex -0.019935432821512222 0.040561579167842865 0
			vertex -0.019935432821512222 0.040561579167842865 0.003000000026077032
			vertex -0.01967887580394745 0.040933266282081604 0.003000000026077032
		endloop
	endfacet
	facet normal -0.8229839417083916 0.5680646368945339 0
		outer loop
			vertex -0.019935432821512222 0.040561579167842865 0
			vertex -0.01967887580394745 0.040933266282081604 0.003000000026077032
			vertex -0.01967887580394745 0.040933266282081604 0
		endloop
	endfacet
	facet normal -0.6631249790924737 0.7485086920695085 0
		outer loop
			vertex -0.020273486152291298 0.04026208817958832 0
			vertex -0.020273486152291298 0.04026208817958832 0.003000000026077032
			vertex -0.019935432821512222 0.040561579167842865 0.003000000026077032
		endloop
	endfacet
	facet normal -0.6631249790924737 0.7485086920695085 0
		outer loop
			vertex -0.020273486152291298 0.04026208817958832 0
			vertex -0.019935432821512222 0.040561579167842865 0.003000000026077032
			vertex -0.019935432821512222 0.040561579167842865 0
		endloop
	endfacet
	facet normal -0.46472113996734554 0.8854570921662163 0
		outer loop
			vertex -0.020673386752605438 0.040052205324172974 0
			vertex -0.020673386752605438 0.040052205324172974 0.003000000026077032
			vertex -0.020273486152291298 0.04026208817958832 0.003000000026077032
		endloop
	endfacet
	facet normal -0.46472113996734554 0.8854570921662163 0
		outer loop
			vertex -0.020673386752605438 0.040052205324172974 0
			vertex -0.020273486152291298 0.04026208817958832 0.003000000026077032
			vertex -0.020273486152291298 0.04026208817958832 0
		endloop
	endfacet
	facet normal -0.23931349495935778 0.9709423521148604 0
		outer loop
			vertex -0.021111896261572838 0.0399441234767437 0
			vertex -0.021111896261572838 0.0399441234767437 0.003000000026077032
			vertex -0.020673386752605438 0.040052205324172974 0.003000000026077032
		endloop
	endfacet
	facet normal -0.23931349495935778 0.9709423521148604 0
		outer loop
			vertex -0.021111896261572838 0.0399441234767437 0
			vertex -0.020673386752605438 0.040052205324172974 0.003000000026077032
			vertex -0.020673386752605438 0.040052205324172974 0
		endloop
	endfacet
	facet normal 0 1 0
		outer loop
			vertex -0.02156352996826172 0.0399441234767437 0
			vertex -0.02156352996826172 0.0399441234767437 0.003000000026077032
			vertex -0.021111896261572838 0.0399441234767437 0.003000000026077032
		endloop
	endfacet
	facet normal 0 1 0
		outer loop
			vertex -0.02156352996826172 0.0399441234767437 0
			vertex -0.021111896261572838 0.0399441234767437 0.003000000026077032
			vertex -0.021111896261572838 0.0399441234767437 0
		endloop
	endfacet
	facet normal 0.23931253665490984 0.97094258831292 0
		outer loop
			vertex -0.022002041339874268 0.040052205324172974 0
			vertex -0.022002041339874268 0.040052205324172974 0.003000000026077032
			vertex -0.02156352996826172 0.0399441234767437 0.003000000026077032
		endloop
	endfacet
	facet normal 0.23931253665490984 0.97094258831292 0
		outer loop
			vertex -0.022002041339874268 0.040052205324172974 0
			vertex -0.02156352996826172 0.0399441234767437 0.003000000026077032
			vertex -0.02156352996826172 0.0399441234767437 0
		endloop
	endfacet
	facet normal 0.46472113996734554 0.8854570921662163 0
		outer loop
			vertex -0.022401941940188408 0.04026208817958832 0
			vertex -0.022401941940188408 0.04026208817958832 0.003000000026077032
			vertex -0.022002041339874268 0.040052205324172974 0.003000000026077032
		endloop
	endfacet
	facet normal 0.46472113996734554 0.8854570921662163 0
		outer loop
			vertex -0.022401941940188408 0.04026208817958832 0
			vertex -0.022002041339874268 0.040052205324172974 0.003000000026077032
			vertex -0.022002041339874268 0.040052205324172974 0
		endloop
	endfacet
	facet normal 0.6631249790924737 0.7485086920695085 0
		outer loop
			vertex -0.022739995270967484 0.040561579167842865 0
			vertex -0.022739995270967484 0.040561579167842865 0.003000000026077032
			vertex -0.022401941940188408 0.04026208817958832 0.003000000026077032
		endloop
	endfacet
	facet normal 0.6631249790924737 0.7485086920695085 0
		outer loop
			vertex -0.022739995270967484 0.040561579167842865 0
			vertex -0.022401941940188408 0.04026208817958832 0.003000000026077032
			vertex -0.022401941940188408 0.04026208817958832 0
		endloop
	endfacet
	facet normal 0.8229839417083916 0.5680646368945339 0
		outer loop
			vertex -0.022996552288532257 0.040933266282081604 0
			vertex -0.022996552288532257 0.040933266282081604 0.003000000026077032
			vertex -0.022739995270967484 0.040561579167842865 0.003000000026077032
		endloop
	endfacet
	facet normal 0.8229839417083916 0.5680646368945339 0
		outer loop
			vertex -0.022996552288532257 0.040933266282081604 0
			vertex -0.022739995270967484 0.040561579167842865 0.003000000026077032
			vertex -0.022739995270967484 0.040561579167842865 0
		endloop
	endfacet
	facet normal 0.9350169543333563 0.3546030105754524 0
		outer loop
			vertex -0.023156702518463135 0.04135555028915405 0
			vertex -0.023156702518463135 0.04135555028915405 0.003000000026077032
			vertex -0.022996552288532257 0.040933266282081604 0.003000000026077032
		endloop
	endfacet
	facet normal 0.9350169543333563 0.3546030105754524 0
		outer loop
			vertex -0.023156702518463135 0.04135555028915405 0
			vertex -0.022996552288532257 0.040933266282081604 0.003000000026077032
			vertex -0.022996552288532257 0.040933266282081604 0
		endloop
	endfacet
	facet normal 0.992708634358704 0.12053865467009765 0
		outer loop
			vertex -0.023211142048239708 0.04180389270186424 0
			vertex -0.023211142048239708 0.04180389270186424 0.003000000026077032
			vertex -0.023156702518463135 0.04135555028915405 0.003000000026077032
		endloop
	endfacet
	facet normal 0.992708634358704 0.12053865467009765 0
		outer loop
			vertex -0.023211142048239708 0.04180389270186424 0
			vertex -0.023156702518463135 0.04135555028915405 0.003000000026077032
			vertex -0.023156702518463135 0.04135555028915405 0
		endloop
	endfacet
	facet normal 1 0 0
		outer loop
			vertex -0.023211142048239708 0.05325848236680031 0
			vertex -0.023211142048239708 0.05325848236680031 0.003000000026077032
			vertex -0.023211142048239708 0.04180389270186424 0.003000000026077032
		endloop
	endfacet
	facet normal 1 0 0
		outer loop
			vertex -0.023211142048239708 0.05325848236680031 0
			vertex -0.023211142048239708 0.04180389270186424 0.003000000026077032
			vertex -0.023211142048239708 0.04180389270186424 0
		endloop
	endfacet
	facet normal -0.7071068909439561 0.707106671429122 0
		outer loop
			vertex -0.04546428471803665 0.08054464310407639 0.003000000026077032
			vertex -0.03346428647637367 0.09254464507102966 0
			vertex -0.04546428471803665 0.08054464310407639 0
		endloop
	endfacet
	facet normal -0.7071068909439561 0.707106671429122 0
		outer loop
			vertex -0.04546428471803665 0.08054464310407639 0.003000000026077032
			vertex -0.03346428647637367 0.09254464507102966 0.003000000026077032
			vertex -0.03346428647637367 0.09254464507102966 0
		endloop
	endfacet
	facet normal -1 0 0
		outer loop
			vertex -0.04546428471803665 0.08054464310407639 0
			vertex -0.04546428471803665 0.06054464355111122 0.003000000026077032
			vertex -0.04546428471803665 0.08054464310407639 0.003000000026077032
		endloop
	endfacet
	facet normal -1 0 0
		outer loop
			vertex -0.04546428471803665 0.08054464310407639 0
			vertex -0.04546428471803665 0.06054464355111122 0
			vertex -0.04546428471803665 0.06054464355111122 0.003000000026077032
		endloop
	endfacet
	facet normal -0.7110198522108577 -0.7031719347087525 0
		outer loop
			vertex -0.04546428471803665 0.06054464355111122 0.003000000026077032
			vertex -0.02946428582072258 0.04436607286334038 0
			vertex -0.02946428582072258 0.04436607286334038 0.003000000026077032
		endloop
	endfacet
	facet normal -0.7110198522108577 -0.7031719347087525 0
		outer loop
			vertex -0.04546428471803665 0.06054464355111122 0.003000000026077032
			vertex -0.04546428471803665 0.06054464355111122 0
			vertex -0.02946428582072258 0.04436607286334038 0
		endloop
	endfacet
	facet normal -1 0 0
		outer loop
			vertex -0.02946428582072258 0.024544643238186836 -0.003000000026077032
			vertex -0.02946428582072258 0.027544643729925156 -0.003000000026077032
			vertex -0.02946428582072258 0.027544643729925156 -0.013000000268220901
		endloop
	endfacet
	facet normal -1 0 0
		outer loop
			vertex -0.02946428582072258 0.024544643238186836 -0.003000000026077032
			vertex -0.02946428582072258 0.027544643729925156 -0.013000000268220901
			vertex -0.02946428582072258 0.024544643238186836 -0.013000000268220901
		endloop
	endfacet
	facet normal -1 0 0
		outer loop
			vertex -0.02946428582072258 0.030544642359018326 0.003000000026077032
			vertex -0.02946428582072258 0.04436607286334038 0.003000000026077032
			vertex -0.02946428582072258 0.04436607286334038 0
		endloop
	endfacet
	facet normal -1 0 0
		outer loop
			vertex -0.02946428582072258 0.030544642359018326 0.003000000026077032
			vertex -0.02946428582072258 0.04436607286334038 0
			vertex -0.02946428582072258 0.030544642359018326 0
		endloop
	endfacet
	facet normal -1 0 0
		outer loop
			vertex -0.02946428582072258 0.02463579550385475 -0.001958110835403204
			vertex -0.02946428582072258 0.02761985920369625 -0.0023324370849877596
			vertex -0.02946428582072258 0.027544643729925156 -0.003000000026077032
		endloop
	endfacet
	facet normal -1 0 0
		outer loop
			vertex -0.02946428582072258 0.02463579550385475 -0.001958110835403204
			vertex -0.02946428582072258 0.027544643729925156 -0.003000000026077032
			vertex -0.02946428582072258 0.024544643238186836 -0.003000000026077032
		endloop
	endfacet
	facet normal -1 0 0
		outer loop
			vertex -0.02946428582072258 0.029502753168344498 0.0029088465962558985
			vertex -0.02946428582072258 0.030544642359018326 0
			vertex -0.02946428582072258 0.029877079650759697 -0.00007521626685047522
		endloop
	endfacet
	facet normal -1 0 0
		outer loop
			vertex -0.02946428582072258 0.029502753168344498 0.0029088465962558985
			vertex -0.02946428582072258 0.030544642359018326 0.003000000026077032
			vertex -0.02946428582072258 0.030544642359018326 0
		endloop
	endfacet
	facet normal -1 0 0
		outer loop
			vertex -0.02946428582072258 0.028492521494627 0.0026381558272987604
			vertex -0.02946428582072258 0.029877079650759697 -0.00007521626685047522
			vertex -0.02946428582072258 0.029242992401123047 -0.00029709338559769094
		endloop
	endfacet
	facet normal -1 0 0
		outer loop
			vertex -0.02946428582072258 0.028492521494627 0.0026381558272987604
			vertex -0.02946428582072258 0.029502753168344498 0.0029088465962558985
			vertex -0.02946428582072258 0.029877079650759697 -0.00007521626685047522
		endloop
	endfacet
	facet normal -1 0 0
		outer loop
			vertex -0.02946428582072258 0.02490648627281189 -0.0009478791616857052
			vertex -0.02946428582072258 0.027841735631227493 -0.001698348787613213
			vertex -0.02946428582072258 0.02761985920369625 -0.0023324370849877596
		endloop
	endfacet
	facet normal -1 0 0
		outer loop
			vertex -0.02946428582072258 0.02490648627281189 -0.0009478791616857052
			vertex -0.02946428582072258 0.02761985920369625 -0.0023324370849877596
			vertex -0.02946428582072258 0.02463579550385475 -0.001958110835403204
		endloop
	endfacet
	facet normal -1 0 0
		outer loop
			vertex -0.02946428582072258 0.025348490104079247 4.336808689942018e-19
			vertex -0.02946428582072258 0.028199149295687675 -0.0011295306030660868
			vertex -0.02946428582072258 0.027841735631227493 -0.001698348787613213
		endloop
	endfacet
	facet normal -1 0 0
		outer loop
			vertex -0.02946428582072258 0.025348490104079247 4.336808689942018e-19
			vertex -0.02946428582072258 0.027841735631227493 -0.001698348787613213
			vertex -0.02946428582072258 0.02490648627281189 -0.0009478791616857052
		endloop
	endfacet
	facet normal -1 0 0
		outer loop
			vertex -0.02946428582072258 0.027544643729925156 0.002196152461692691
			vertex -0.02946428582072258 0.029242992401123047 -0.00029709338559769094
			vertex -0.02946428582072258 0.0286741741001606 -0.0006545055657625198
		endloop
	endfacet
	facet normal -1 0 0
		outer loop
			vertex -0.02946428582072258 0.027544643729925156 0.002196152461692691
			vertex -0.02946428582072258 0.028492521494627 0.0026381558272987604
			vertex -0.02946428582072258 0.029242992401123047 -0.00029709338559769094
		endloop
	endfacet
	facet normal -1 0 0
		outer loop
			vertex -0.02946428582072258 0.02668791636824608 0.0015962666366249323
			vertex -0.02946428582072258 0.027544643729925156 0.002196152461692691
			vertex -0.02946428582072258 0.0286741741001606 -0.0006545055657625198
		endloop
	endfacet
	facet normal -1 0 0
		outer loop
			vertex -0.02946428582072258 0.025948375463485718 0.0008567256736569107
			vertex -0.02946428582072258 0.0286741741001606 -0.0006545055657625198
			vertex -0.02946428582072258 0.028199149295687675 -0.0011295306030660868
		endloop
	endfacet
	facet normal -1 0 0
		outer loop
			vertex -0.02946428582072258 0.025948375463485718 0.0008567256736569107
			vertex -0.02946428582072258 0.028199149295687675 -0.0011295306030660868
			vertex -0.02946428582072258 0.025348490104079247 4.336808689942018e-19
		endloop
	endfacet
	facet normal -1 0 0
		outer loop
			vertex -0.02946428582072258 0.025948375463485718 0.0008567256736569107
			vertex -0.02946428582072258 0.02668791636824608 0.0015962666366249323
			vertex -0.02946428582072258 0.0286741741001606 -0.0006545055657625198
		endloop
	endfacet
	facet normal 0 -1 0
		outer loop
			vertex -0.008469602093100548 0.024544643238186836 -0.013622766360640526
			vertex -0.005812983959913254 0.024544643238186836 -0.015871787443757057
			vertex -0.005551779177039862 0.024544643238186836 -0.014446440152823925
		endloop
	endfacet
	facet normal 0 -1 0
		outer loop
			vertex -0.008229809813201427 0.024544643238186836 -0.013352097012102604
			vertex -0.008469602093100548 0.024544643238186836 -0.013622766360640526
			vertex -0.005551779177039862 0.024544643238186836 -0.014446440152823925
		endloop
	endfacet
	facet normal 0 -1 0
		outer loop
			vertex -0.008767200633883476 0.024544643238186836 -0.013828184455633163
			vertex -0.006244090851396322 0.024544643238186836 -0.017255257815122604
			vertex -0.005812983959913254 0.024544643238186836 -0.015871787443757057
		endloop
	endfacet
	facet normal 0 -1 0
		outer loop
			vertex -0.008767200633883476 0.024544643238186836 -0.013828184455633163
			vertex -0.005812983959913254 0.024544643238186836 -0.015871787443757057
			vertex -0.008469602093100548 0.024544643238186836 -0.013622766360640526
		endloop
	endfacet
	facet normal 0 -1 0
		outer loop
			vertex -0.008061761036515236 0.024544643238186836 -0.013031907379627228
			vertex -0.005551779177039862 0.024544643238186836 -0.014446440152823925
			vertex -0.005464285612106323 0.024544643238186836 -0.013000000268220901
		endloop
	endfacet
	facet normal 0 -1 0
		outer loop
			vertex -0.008061761036515236 0.024544643238186836 -0.013031907379627228
			vertex -0.008229809813201427 0.024544643238186836 -0.013352097012102604
			vertex -0.005551779177039862 0.024544643238186836 -0.014446440152823925
		endloop
	endfacet
	facet normal 0 -1 0
		outer loop
			vertex -0.009105312637984753 0.024544643238186836 -0.013956412672996521
			vertex -0.006244090851396322 0.024544643238186836 -0.017255257815122604
			vertex -0.008767200633883476 0.024544643238186836 -0.013828184455633163
		endloop
	endfacet
	facet normal 0 -1 0
		outer loop
			vertex -0.007975222542881966 0.024544643238186836 -0.012680805288255215
			vertex -0.008061761036515236 0.024544643238186836 -0.013031907379627228
			vertex -0.005464285612106323 0.024544643238186836 -0.013000000268220901
		endloop
	endfacet
	facet normal 0 -1 0
		outer loop
			vertex -0.009464285336434841 0.024544643238186836 -0.014000000432133675
			vertex -0.006838813424110413 0.024544643238186836 -0.01857667788863182
			vertex -0.006244090851396322 0.024544643238186836 -0.017255257815122604
		endloop
	endfacet
	facet normal 0 -1 0
		outer loop
			vertex -0.009464285336434841 0.024544643238186836 -0.014000000432133675
			vertex -0.006244090851396322 0.024544643238186836 -0.017255257815122604
			vertex -0.009105312637984753 0.024544643238186836 -0.013956412672996521
		endloop
	endfacet
	facet normal 0 -1 0
		outer loop
			vertex -0.007975222542881966 0.024544643238186836 -0.012319195084273815
			vertex -0.007975222542881966 0.024544643238186836 -0.012680805288255215
			vertex -0.005464285612106323 0.024544643238186836 -0.013000000268220901
		endloop
	endfacet
	facet normal 0 -1 0
		outer loop
			vertex -0.009823258966207504 0.024544643238186836 -0.013956412672996521
			vertex -0.008482156321406364 0.024544643238186836 -0.020957471802830696
			vertex -0.0075884792022407055 0.024544643238186836 -0.019816776737570763
		endloop
	endfacet
	facet normal 0 -1 0
		outer loop
			vertex -0.009823258966207504 0.024544643238186836 -0.013956412672996521
			vertex -0.0075884792022407055 0.024544643238186836 -0.019816776737570763
			vertex -0.006838813424110413 0.024544643238186836 -0.01857667788863182
		endloop
	endfacet
	facet normal 0 -1 0
		outer loop
			vertex -0.009823258966207504 0.024544643238186836 -0.013956412672996521
			vertex -0.006838813424110413 0.024544643238186836 -0.01857667788863182
			vertex -0.009464285336434841 0.024544643238186836 -0.014000000432133675
		endloop
	endfacet
	facet normal 0 -1 0
		outer loop
			vertex -0.008061761036515236 0.024544643238186836 -0.011968092992901802
			vertex -0.007975222542881966 0.024544643238186836 -0.012319195084273815
			vertex -0.005464285612106323 0.024544643238186836 -0.013000000268220901
		endloop
	endfacet
	facet normal 0 -1 0
		outer loop
			vertex -0.010161370038986206 0.024544643238186836 -0.013828184455633163
			vertex -0.009506814181804657 0.024544643238186836 -0.02198212966322899
			vertex -0.008482156321406364 0.024544643238186836 -0.020957471802830696
		endloop
	endfacet
	facet normal 0 -1 0
		outer loop
			vertex -0.010161370038986206 0.024544643238186836 -0.013828184455633163
			vertex -0.008482156321406364 0.024544643238186836 -0.020957471802830696
			vertex -0.009823258966207504 0.024544643238186836 -0.013956412672996521
		endloop
	endfacet
	facet normal 0 -1 0
		outer loop
			vertex -0.008229809813201427 0.024544643238186836 -0.011647902429103851
			vertex -0.008061761036515236 0.024544643238186836 -0.011968092992901802
			vertex -0.005464285612106323 0.024544643238186836 -0.013000000268220901
		endloop
	endfacet
	facet normal 0 -1 0
		outer loop
			vertex -0.01045896951109171 0.024544643238186836 -0.013622766360640526
			vertex -0.010647508315742016 0.024544643238186836 -0.02287580631673336
			vertex -0.009506814181804657 0.024544643238186836 -0.02198212966322899
		endloop
	endfacet
	facet normal 0 -1 0
		outer loop
			vertex -0.01045896951109171 0.024544643238186836 -0.013622766360640526
			vertex -0.009506814181804657 0.024544643238186836 -0.02198212966322899
			vertex -0.010161370038986206 0.024544643238186836 -0.013828184455633163
		endloop
	endfacet
	facet normal 0 -1 0
		outer loop
			vertex -0.008469602093100548 0.024544643238186836 -0.011377234011888504
			vertex -0.008229809813201427 0.024544643238186836 -0.011647902429103851
			vertex -0.005464285612106323 0.024544643238186836 -0.013000000268220901
		endloop
	endfacet
	facet normal 0 -1 0
		outer loop
			vertex -0.005464285612106323 0.024544643238186836 -0.003000000026077032
			vertex -0.010161370038986206 0.024544643238186836 -0.011171815916895866
			vertex -0.009823258966207504 0.024544643238186836 -0.011043587699532509
		endloop
	endfacet
	facet normal 0 -1 0
		outer loop
			vertex -0.005464285612106323 0.024544643238186836 -0.003000000026077032
			vertex -0.009823258966207504 0.024544643238186836 -0.011043587699532509
			vertex -0.009464285336434841 0.024544643238186836 -0.010999999940395355
		endloop
	endfacet
	facet normal 0 -1 0
		outer loop
			vertex -0.005464285612106323 0.024544643238186836 -0.003000000026077032
			vertex -0.009464285336434841 0.024544643238186836 -0.010999999940395355
			vertex -0.009105312637984753 0.024544643238186836 -0.011043587699532509
		endloop
	endfacet
	facet normal 0 -1 0
		outer loop
			vertex -0.005464285612106323 0.024544643238186836 -0.003000000026077032
			vertex -0.009105312637984753 0.024544643238186836 -0.011043587699532509
			vertex -0.008767200633883476 0.024544643238186836 -0.011171815916895866
		endloop
	endfacet
	facet normal 0 -1 0
		outer loop
			vertex -0.005464285612106323 0.024544643238186836 -0.003000000026077032
			vertex -0.008767200633883476 0.024544643238186836 -0.011171815916895866
			vertex -0.008469602093100548 0.024544643238186836 -0.011377234011888504
		endloop
	endfacet
	facet normal 0 -1 0
		outer loop
			vertex -0.005464285612106323 0.024544643238186836 -0.003000000026077032
			vertex -0.008469602093100548 0.024544643238186836 -0.011377234011888504
			vertex -0.005464285612106323 0.024544643238186836 -0.013000000268220901
		endloop
	endfacet
	facet normal 0 -1 0
		outer loop
			vertex -0.016469601541757584 0.024544643238186836 -0.013622766360640526
			vertex -0.010647508315742016 0.024544643238186836 -0.02287580631673336
			vertex -0.01045896951109171 0.024544643238186836 -0.013622766360640526
		endloop
	endfacet
	facet normal 0 -1 0
		outer loop
			vertex -0.016229810193181038 0.024544643238186836 -0.013352097012102604
			vertex -0.016469601541757584 0.024544643238186836 -0.013622766360640526
			vertex -0.01045896951109171 0.024544643238186836 -0.013622766360640526
		endloop
	endfacet
	facet normal 0 -1 0
		outer loop
			vertex -0.016229810193181038 0.024544643238186836 -0.013352097012102604
			vertex -0.01045896951109171 0.024544643238186836 -0.013622766360640526
			vertex -0.01069876179099083 0.024544643238186836 -0.013352097012102604
		endloop
	endfacet
	facet normal 0 -1 0
		outer loop
			vertex -0.016767200082540512 0.024544643238186836 -0.013828184455633163
			vertex -0.013209027238190174 0.024544643238186836 -0.024220194667577744
			vertex -0.011887608096003532 0.024544643238186836 -0.02362547256052494
		endloop
	endfacet
	facet normal 0 -1 0
		outer loop
			vertex -0.016767200082540512 0.024544643238186836 -0.013828184455633163
			vertex -0.011887608096003532 0.024544643238186836 -0.02362547256052494
			vertex -0.010647508315742016 0.024544643238186836 -0.02287580631673336
		endloop
	endfacet
	facet normal 0 -1 0
		outer loop
			vertex -0.016767200082540512 0.024544643238186836 -0.013828184455633163
			vertex -0.010647508315742016 0.024544643238186836 -0.02287580631673336
			vertex -0.016469601541757584 0.024544643238186836 -0.013622766360640526
		endloop
	endfacet
	facet normal 0 -1 0
		outer loop
			vertex -0.01606176048517227 0.024544643238186836 -0.013031907379627228
			vertex -0.016229810193181038 0.024544643238186836 -0.013352097012102604
			vertex -0.01069876179099083 0.024544643238186836 -0.013352097012102604
		endloop
	endfacet
	facet normal 0 -1 0
		outer loop
			vertex -0.01606176048517227 0.024544643238186836 -0.013031907379627228
			vertex -0.01069876179099083 0.024544643238186836 -0.013352097012102604
			vertex -0.010866809636354446 0.024544643238186836 -0.013031907379627228
		endloop
	endfacet
	facet normal 0 -1 0
		outer loop
			vertex -0.017105313017964363 0.024544643238186836 -0.013956412672996521
			vertex -0.016017844900488853 0.024544643238186836 -0.024912506341934204
			vertex -0.014592497609555721 0.024544643238186836 -0.0246513020247221
		endloop
	endfacet
	facet normal 0 -1 0
		outer loop
			vertex -0.017105313017964363 0.024544643238186836 -0.013956412672996521
			vertex -0.014592497609555721 0.024544643238186836 -0.0246513020247221
			vertex -0.013209027238190174 0.024544643238186836 -0.024220194667577744
		endloop
	endfacet
	facet normal 0 -1 0
		outer loop
			vertex -0.017105313017964363 0.024544643238186836 -0.013956412672996521
			vertex -0.013209027238190174 0.024544643238186836 -0.024220194667577744
			vertex -0.016767200082540512 0.024544643238186836 -0.013828184455633163
		endloop
	endfacet
	facet normal 0 -1 0
		outer loop
			vertex -0.015975221991539 0.024544643238186836 -0.012680805288255215
			vertex -0.010866809636354446 0.024544643238186836 -0.013031907379627228
			vertex -0.010953349061310291 0.024544643238186836 -0.012680805288255215
		endloop
	endfacet
	facet normal 0 -1 0
		outer loop
			vertex -0.015975221991539 0.024544643238186836 -0.012680805288255215
			vertex -0.01606176048517227 0.024544643238186836 -0.013031907379627228
			vertex -0.010866809636354446 0.024544643238186836 -0.013031907379627228
		endloop
	endfacet
	facet normal 0 -1 0
		outer loop
			vertex -0.01746428571641445 0.024544643238186836 -0.014000000432133675
			vertex -0.01746428571641445 0.024544643238186836 -0.02500000037252903
			vertex -0.016017844900488853 0.024544643238186836 -0.024912506341934204
		endloop
	endfacet
	facet normal 0 -1 0
		outer loop
			vertex -0.01746428571641445 0.024544643238186836 -0.014000000432133675
			vertex -0.016017844900488853 0.024544643238186836 -0.024912506341934204
			vertex -0.017105313017964363 0.024544643238186836 -0.013956412672996521
		endloop
	endfacet
	facet normal 0 -1 0
		outer loop
			vertex -0.01746428571641445 0.024544643238186836 -0.014000000432133675
			vertex -0.01891072653234005 0.024544643238186836 -0.024912506341934204
			vertex -0.01746428571641445 0.024544643238186836 -0.02500000037252903
		endloop
	endfacet
	facet normal 0 -1 0
		outer loop
			vertex -0.015975221991539 0.024544643238186836 -0.012319195084273815
			vertex -0.015975221991539 0.024544643238186836 -0.012680805288255215
			vertex -0.010953349061310291 0.024544643238186836 -0.012680805288255215
		endloop
	endfacet
	facet normal 0 -1 0
		outer loop
			vertex -0.015975221991539 0.024544643238186836 -0.012319195084273815
			vertex -0.010953349061310291 0.024544643238186836 -0.012680805288255215
			vertex -0.010953349061310291 0.024544643238186836 -0.012319195084273815
		endloop
	endfacet
	facet normal 0 -1 0
		outer loop
			vertex -0.01782325841486454 0.024544643238186836 -0.013956412672996521
			vertex -0.01891072653234005 0.024544643238186836 -0.024912506341934204
			vertex -0.01746428571641445 0.024544643238186836 -0.014000000432133675
		endloop
	endfacet
	facet normal 0 -1 0
		outer loop
			vertex -0.01782325841486454 0.024544643238186836 -0.013956412672996521
			vertex -0.021719545125961304 0.024544643238186836 -0.024220194667577744
			vertex -0.020336072891950607 0.024544643238186836 -0.0246513020247221
		endloop
	endfacet
	facet normal 0 -1 0
		outer loop
			vertex -0.01782325841486454 0.024544643238186836 -0.013956412672996521
			vertex -0.020336072891950607 0.024544643238186836 -0.0246513020247221
			vertex -0.01891072653234005 0.024544643238186836 -0.024912506341934204
		endloop
	endfacet
	facet normal 0 -1 0
		outer loop
			vertex -0.01606176048517227 0.024544643238186836 -0.011968092992901802
			vertex -0.010953349061310291 0.024544643238186836 -0.012319195084273815
			vertex -0.010866809636354446 0.024544643238186836 -0.011968092992901802
		endloop
	endfacet
	facet normal 0 -1 0
		outer loop
			vertex -0.01606176048517227 0.024544643238186836 -0.011968092992901802
			vertex -0.015975221991539 0.024544643238186836 -0.012319195084273815
			vertex -0.010953349061310291 0.024544643238186836 -0.012319195084273815
		endloop
	endfacet
	facet normal 0 -1 0
		outer loop
			vertex -0.01816137135028839 0.024544643238186836 -0.013828184455633163
			vertex -0.021719545125961304 0.024544643238186836 -0.024220194667577744
			vertex -0.01782325841486454 0.024544643238186836 -0.013956412672996521
		endloop
	endfacet
	facet normal 0 -1 0
		outer loop
			vertex -0.01816137135028839 0.024544643238186836 -0.013828184455633163
			vertex -0.024281062185764313 0.024544643238186836 -0.02287580631673336
			vertex -0.02304096333682537 0.024544643238186836 -0.02362547256052494
		endloop
	endfacet
	facet normal 0 -1 0
		outer loop
			vertex -0.01816137135028839 0.024544643238186836 -0.013828184455633163
			vertex -0.02304096333682537 0.024544643238186836 -0.02362547256052494
			vertex -0.021719545125961304 0.024544643238186836 -0.024220194667577744
		endloop
	endfacet
	facet normal 0 -1 0
		outer loop
			vertex -0.016229810193181038 0.024544643238186836 -0.011647902429103851
			vertex -0.01606176048517227 0.024544643238186836 -0.011968092992901802
			vertex -0.010866809636354446 0.024544643238186836 -0.011968092992901802
		endloop
	endfacet
	facet normal 0 -1 0
		outer loop
			vertex -0.016229810193181038 0.024544643238186836 -0.011647902429103851
			vertex -0.010866809636354446 0.024544643238186836 -0.011968092992901802
			vertex -0.01069876179099083 0.024544643238186836 -0.011647902429103851
		endloop
	endfacet
	facet normal 0 -1 0
		outer loop
			vertex -0.01845896989107132 0.024544643238186836 -0.013622766360640526
			vertex -0.024281062185764313 0.024544643238186836 -0.02287580631673336
			vertex -0.01816137135028839 0.024544643238186836 -0.013828184455633163
		endloop
	endfacet
	facet normal 0 -1 0
		outer loop
			vertex -0.016469601541757584 0.024544643238186836 -0.011377234011888504
			vertex -0.016229810193181038 0.024544643238186836 -0.011647902429103851
			vertex -0.01069876179099083 0.024544643238186836 -0.011647902429103851
		endloop
	endfacet
	facet normal 0 -1 0
		outer loop
			vertex -0.016469601541757584 0.024544643238186836 -0.011377234011888504
			vertex -0.01069876179099083 0.024544643238186836 -0.011647902429103851
			vertex -0.01045896951109171 0.024544643238186836 -0.011377234011888504
		endloop
	endfacet
	facet normal 0 -1 0
		outer loop
			vertex -0.016767200082540512 0.024544643238186836 -0.011171815916895866
			vertex -0.016469601541757584 0.024544643238186836 -0.011377234011888504
			vertex -0.01045896951109171 0.024544643238186836 -0.011377234011888504
		endloop
	endfacet
	facet normal 0 -1 0
		outer loop
			vertex -0.016767200082540512 0.024544643238186836 -0.011171815916895866
			vertex -0.01045896951109171 0.024544643238186836 -0.011377234011888504
			vertex -0.010161370038986206 0.024544643238186836 -0.011171815916895866
		endloop
	endfacet
	facet normal 0 -1 0
		outer loop
			vertex -0.016767200082540512 0.024544643238186836 -0.011171815916895866
			vertex -0.010161370038986206 0.024544643238186836 -0.011171815916895866
			vertex -0.005464285612106323 0.024544643238186836 -0.003000000026077032
		endloop
	endfacet
	facet normal 0 -1 0
		outer loop
			vertex -0.017105313017964363 0.024544643238186836 -0.011043587699532509
			vertex -0.016767200082540512 0.024544643238186836 -0.011171815916895866
			vertex -0.005464285612106323 0.024544643238186836 -0.003000000026077032
		endloop
	endfacet
	facet normal 0 -1 0
		outer loop
			vertex -0.01746428571641445 0.024544643238186836 -0.010999999940395355
			vertex -0.017105313017964363 0.024544643238186836 -0.011043587699532509
			vertex -0.005464285612106323 0.024544643238186836 -0.003000000026077032
		endloop
	endfacet
	facet normal 0 -1 0
		outer loop
			vertex -0.02446960099041462 0.024544643238186836 -0.013622766360640526
			vertex -0.024281062185764313 0.024544643238186836 -0.02287580631673336
			vertex -0.01845896989107132 0.024544643238186836 -0.013622766360640526
		endloop
	endfacet
	facet normal 0 -1 0
		outer loop
			vertex -0.02446960099041462 0.024544643238186836 -0.013622766360640526
			vertex -0.025421757251024246 0.024544643238186836 -0.02198212966322899
			vertex -0.024281062185764313 0.024544643238186836 -0.02287580631673336
		endloop
	endfacet
	facet normal 0 -1 0
		outer loop
			vertex -0.024229809641838074 0.024544643238186836 -0.013352097012102604
			vertex -0.02446960099041462 0.024544643238186836 -0.013622766360640526
			vertex -0.01845896989107132 0.024544643238186836 -0.013622766360640526
		endloop
	endfacet
	facet normal 0 -1 0
		outer loop
			vertex -0.024229809641838074 0.024544643238186836 -0.013352097012102604
			vertex -0.01845896989107132 0.024544643238186836 -0.013622766360640526
			vertex -0.018698761239647865 0.024544643238186836 -0.013352097012102604
		endloop
	endfacet
	facet normal 0 -1 0
		outer loop
			vertex -0.024767201393842697 0.024544643238186836 -0.013828184455633163
			vertex -0.02644641511142254 0.024544643238186836 -0.020957471802830696
			vertex -0.025421757251024246 0.024544643238186836 -0.02198212966322899
		endloop
	endfacet
	facet normal 0 -1 0
		outer loop
			vertex -0.024767201393842697 0.024544643238186836 -0.013828184455633163
			vertex -0.025421757251024246 0.024544643238186836 -0.02198212966322899
			vertex -0.02446960099041462 0.024544643238186836 -0.013622766360640526
		endloop
	endfacet
	facet normal 0 -1 0
		outer loop
			vertex -0.024061761796474457 0.024544643238186836 -0.013031907379627228
			vertex -0.024229809641838074 0.024544643238186836 -0.013352097012102604
			vertex -0.018698761239647865 0.024544643238186836 -0.013352097012102604
		endloop
	endfacet
	facet normal 0 -1 0
		outer loop
			vertex -0.024061761796474457 0.024544643238186836 -0.013031907379627228
			vertex -0.018698761239647865 0.024544643238186836 -0.013352097012102604
			vertex -0.01886681094765663 0.024544643238186836 -0.013031907379627228
		endloop
	endfacet
	facet normal 0 -1 0
		outer loop
			vertex -0.0251053124666214 0.024544643238186836 -0.013956412672996521
			vertex -0.02808975800871849 0.024544643238186836 -0.01857667788863182
			vertex -0.02734009176492691 0.024544643238186836 -0.019816776737570763
		endloop
	endfacet
	facet normal 0 -1 0
		outer loop
			vertex -0.0251053124666214 0.024544643238186836 -0.013956412672996521
			vertex -0.02734009176492691 0.024544643238186836 -0.019816776737570763
			vertex -0.02644641511142254 0.024544643238186836 -0.020957471802830696
		endloop
	endfacet
	facet normal 0 -1 0
		outer loop
			vertex -0.0251053124666214 0.024544643238186836 -0.013956412672996521
			vertex -0.02644641511142254 0.024544643238186836 -0.020957471802830696
			vertex -0.024767201393842697 0.024544643238186836 -0.013828184455633163
		endloop
	endfacet
	facet normal 0 -1 0
		outer loop
			vertex -0.023975223302841187 0.024544643238186836 -0.012680805288255215
			vertex -0.024061761796474457 0.024544643238186836 -0.013031907379627228
			vertex -0.01886681094765663 0.024544643238186836 -0.013031907379627228
		endloop
	endfacet
	facet normal 0 -1 0
		outer loop
			vertex -0.023975223302841187 0.024544643238186836 -0.012680805288255215
			vertex -0.01886681094765663 0.024544643238186836 -0.013031907379627228
			vertex -0.0189533494412899 0.024544643238186836 -0.012680805288255215
		endloop
	endfacet
	facet normal 0 -1 0
		outer loop
			vertex -0.025464285165071487 0.024544643238186836 -0.014000000432133675
			vertex -0.028684480115771294 0.024544643238186836 -0.017255257815122604
			vertex -0.02808975800871849 0.024544643238186836 -0.01857667788863182
		endloop
	endfacet
	facet normal 0 -1 0
		outer loop
			vertex -0.025464285165071487 0.024544643238186836 -0.014000000432133675
			vertex -0.02808975800871849 0.024544643238186836 -0.01857667788863182
			vertex -0.0251053124666214 0.024544643238186836 -0.013956412672996521
		endloop
	endfacet
	facet normal 0 -1 0
		outer loop
			vertex -0.023975223302841187 0.024544643238186836 -0.012319195084273815
			vertex -0.023975223302841187 0.024544643238186836 -0.012680805288255215
			vertex -0.0189533494412899 0.024544643238186836 -0.012680805288255215
		endloop
	endfacet
	facet normal 0 -1 0
		outer loop
			vertex -0.023975223302841187 0.024544643238186836 -0.012319195084273815
			vertex -0.0189533494412899 0.024544643238186836 -0.012680805288255215
			vertex -0.0189533494412899 0.024544643238186836 -0.012319195084273815
		endloop
	endfacet
	facet normal 0 -1 0
		outer loop
			vertex -0.025823259726166725 0.024544643238186836 -0.013956412672996521
			vertex -0.028684480115771294 0.024544643238186836 -0.017255257815122604
			vertex -0.025464285165071487 0.024544643238186836 -0.014000000432133675
		endloop
	endfacet
	facet normal 0 -1 0
		outer loop
			vertex -0.024061761796474457 0.024544643238186836 -0.011968092992901802
			vertex -0.023975223302841187 0.024544643238186836 -0.012319195084273815
			vertex -0.0189533494412899 0.024544643238186836 -0.012319195084273815
		endloop
	endfacet
	facet normal 0 -1 0
		outer loop
			vertex -0.024061761796474457 0.024544643238186836 -0.011968092992901802
			vertex -0.0189533494412899 0.024544643238186836 -0.012319195084273815
			vertex -0.01886681094765663 0.024544643238186836 -0.011968092992901802
		endloop
	endfacet
	facet normal 0 -1 0
		outer loop
			vertex -0.026161370798945427 0.024544643238186836 -0.013828184455633163
			vertex -0.028684480115771294 0.024544643238186836 -0.017255257815122604
			vertex -0.025823259726166725 0.024544643238186836 -0.013956412672996521
		endloop
	endfacet
	facet normal 0 -1 0
		outer loop
			vertex -0.024229809641838074 0.024544643238186836 -0.011647902429103851
			vertex -0.024061761796474457 0.024544643238186836 -0.011968092992901802
			vertex -0.01886681094765663 0.024544643238186836 -0.011968092992901802
		endloop
	endfacet
	facet normal 0 -1 0
		outer loop
			vertex -0.024229809641838074 0.024544643238186836 -0.011647902429103851
			vertex -0.01886681094765663 0.024544643238186836 -0.011968092992901802
			vertex -0.018698761239647865 0.024544643238186836 -0.011647902429103851
		endloop
	endfacet
	facet normal 0 -1 0
		outer loop
			vertex -0.02446960099041462 0.024544643238186836 -0.011377234011888504
			vertex -0.024229809641838074 0.024544643238186836 -0.011647902429103851
			vertex -0.018698761239647865 0.024544643238186836 -0.011647902429103851
		endloop
	endfacet
	facet normal 0 -1 0
		outer loop
			vertex -0.02446960099041462 0.024544643238186836 -0.011377234011888504
			vertex -0.018698761239647865 0.024544643238186836 -0.011647902429103851
			vertex -0.01845896989107132 0.024544643238186836 -0.011377234011888504
		endloop
	endfacet
	facet normal 0 -1 0
		outer loop
			vertex -0.02911558747291565 0.024544643238186836 -0.015871787443757057
			vertex -0.026161370798945427 0.024544643238186836 -0.013828184455633163
			vertex -0.026458969339728355 0.024544643238186836 -0.013622766360640526
		endloop
	endfacet
	facet normal 0 -1 0
		outer loop
			vertex -0.02911558747291565 0.024544643238186836 -0.015871787443757057
			vertex -0.028684480115771294 0.024544643238186836 -0.017255257815122604
			vertex -0.026161370798945427 0.024544643238186836 -0.013828184455633163
		endloop
	endfacet
	facet normal 0 -1 0
		outer loop
			vertex -0.024767201393842697 0.024544643238186836 -0.011171815916895866
			vertex -0.02446960099041462 0.024544643238186836 -0.011377234011888504
			vertex -0.01845896989107132 0.024544643238186836 -0.011377234011888504
		endloop
	endfacet
	facet normal 0 -1 0
		outer loop
			vertex -0.024767201393842697 0.024544643238186836 -0.011171815916895866
			vertex -0.01845896989107132 0.024544643238186836 -0.011377234011888504
			vertex -0.01816137135028839 0.024544643238186836 -0.011171815916895866
		endloop
	endfacet
	facet normal 0 -1 0
		outer loop
			vertex -0.029376791790127754 0.024544643238186836 -0.014446440152823925
			vertex -0.026458969339728355 0.024544643238186836 -0.013622766360640526
			vertex -0.0266987606883049 0.024544643238186836 -0.013352097012102604
		endloop
	endfacet
	facet normal 0 -1 0
		outer loop
			vertex -0.029376791790127754 0.024544643238186836 -0.014446440152823925
			vertex -0.0266987606883049 0.024544643238186836 -0.013352097012102604
			vertex -0.026866810396313667 0.024544643238186836 -0.013031907379627228
		endloop
	endfacet
	facet normal 0 -1 0
		outer loop
			vertex -0.029376791790127754 0.024544643238186836 -0.014446440152823925
			vertex -0.02911558747291565 0.024544643238186836 -0.015871787443757057
			vertex -0.026458969339728355 0.024544643238186836 -0.013622766360640526
		endloop
	endfacet
	facet normal 0 -1 0
		outer loop
			vertex -0.02946428582072258 0.024544643238186836 -0.013000000268220901
			vertex -0.026866810396313667 0.024544643238186836 -0.013031907379627228
			vertex -0.026953348889946938 0.024544643238186836 -0.012680805288255215
		endloop
	endfacet
	facet normal 0 -1 0
		outer loop
			vertex -0.02946428582072258 0.024544643238186836 -0.013000000268220901
			vertex -0.026953348889946938 0.024544643238186836 -0.012680805288255215
			vertex -0.026953348889946938 0.024544643238186836 -0.012319195084273815
		endloop
	endfacet
	facet normal 0 -1 0
		outer loop
			vertex -0.02946428582072258 0.024544643238186836 -0.013000000268220901
			vertex -0.026953348889946938 0.024544643238186836 -0.012319195084273815
			vertex -0.026866810396313667 0.024544643238186836 -0.011968092992901802
		endloop
	endfacet
	facet normal 0 -1 0
		outer loop
			vertex -0.02946428582072258 0.024544643238186836 -0.013000000268220901
			vertex -0.026866810396313667 0.024544643238186836 -0.011968092992901802
			vertex -0.0266987606883049 0.024544643238186836 -0.011647902429103851
		endloop
	endfacet
	facet normal 0 -1 0
		outer loop
			vertex -0.02946428582072258 0.024544643238186836 -0.013000000268220901
			vertex -0.0266987606883049 0.024544643238186836 -0.011647902429103851
			vertex -0.026458969339728355 0.024544643238186836 -0.011377234011888504
		endloop
	endfacet
	facet normal 0 -1 0
		outer loop
			vertex -0.02946428582072258 0.024544643238186836 -0.013000000268220901
			vertex -0.029376791790127754 0.024544643238186836 -0.014446440152823925
			vertex -0.026866810396313667 0.024544643238186836 -0.013031907379627228
		endloop
	endfacet
	facet normal 0 -1 0
		outer loop
			vertex -0.02946428582072258 0.024544643238186836 -0.003000000026077032
			vertex -0.02946428582072258 0.024544643238186836 -0.013000000268220901
			vertex -0.026458969339728355 0.024544643238186836 -0.011377234011888504
		endloop
	endfacet
	facet normal 0 -1 0
		outer loop
			vertex -0.02946428582072258 0.024544643238186836 -0.003000000026077032
			vertex -0.026458969339728355 0.024544643238186836 -0.011377234011888504
			vertex -0.026161370798945427 0.024544643238186836 -0.011171815916895866
		endloop
	endfacet
	facet normal 0 -1 0
		outer loop
			vertex -0.02946428582072258 0.024544643238186836 -0.003000000026077032
			vertex -0.026161370798945427 0.024544643238186836 -0.011171815916895866
			vertex -0.025823259726166725 0.024544643238186836 -0.011043587699532509
		endloop
	endfacet
	facet normal 0 -1 0
		outer loop
			vertex -0.02946428582072258 0.024544643238186836 -0.003000000026077032
			vertex -0.025823259726166725 0.024544643238186836 -0.011043587699532509
			vertex -0.025464285165071487 0.024544643238186836 -0.010999999940395355
		endloop
	endfacet
	facet normal 0 -1 0
		outer loop
			vertex -0.02946428582072258 0.024544643238186836 -0.003000000026077032
			vertex -0.025464285165071487 0.024544643238186836 -0.010999999940395355
			vertex -0.0251053124666214 0.024544643238186836 -0.011043587699532509
		endloop
	endfacet
	facet normal 0 -1 0
		outer loop
			vertex -0.02946428582072258 0.024544643238186836 -0.003000000026077032
			vertex -0.0251053124666214 0.024544643238186836 -0.011043587699532509
			vertex -0.024767201393842697 0.024544643238186836 -0.011171815916895866
		endloop
	endfacet
	facet normal 0 -1 0
		outer loop
			vertex -0.02946428582072258 0.024544643238186836 -0.003000000026077032
			vertex -0.01746428571641445 0.024544643238186836 -0.010999999940395355
			vertex -0.005464285612106323 0.024544643238186836 -0.003000000026077032
		endloop
	endfacet
	facet normal 0 -1 0
		outer loop
			vertex -0.02946428582072258 0.024544643238186836 -0.003000000026077032
			vertex -0.01816137135028839 0.024544643238186836 -0.011171815916895866
			vertex -0.01782325841486454 0.024544643238186836 -0.011043587699532509
		endloop
	endfacet
	facet normal 0 -1 0
		outer loop
			vertex -0.02946428582072258 0.024544643238186836 -0.003000000026077032
			vertex -0.01782325841486454 0.024544643238186836 -0.011043587699532509
			vertex -0.01746428571641445 0.024544643238186836 -0.010999999940395355
		endloop
	endfacet
	facet normal 0 -1 0
		outer loop
			vertex -0.02946428582072258 0.024544643238186836 -0.003000000026077032
			vertex -0.024767201393842697 0.024544643238186836 -0.011171815916895866
			vertex -0.01816137135028839 0.024544643238186836 -0.011171815916895866
		endloop
	endfacet
	facet normal 1 0 0
		outer loop
			vertex -0.005464285612106323 0.024544643238186836 -0.003000000026077032
			vertex -0.005464285612106323 0.027544643729925156 -0.013000000268220901
			vertex -0.005464285612106323 0.027544643729925156 -0.003000000026077032
		endloop
	endfacet
	facet normal 1 0 0
		outer loop
			vertex -0.005464285612106323 0.024544643238186836 -0.003000000026077032
			vertex -0.005464285612106323 0.024544643238186836 -0.013000000268220901
			vertex -0.005464285612106323 0.027544643729925156 -0.013000000268220901
		endloop
	endfacet
	facet normal 1 0 0
		outer loop
			vertex -0.005464285612106323 0.030544642359018326 0.003000000026077032
			vertex -0.005464285612106323 0.04436607286334038 0
			vertex -0.005464285612106323 0.04436607286334038 0.003000000026077032
		endloop
	endfacet
	facet normal 1 0 0
		outer loop
			vertex -0.005464285612106323 0.030544642359018326 0.003000000026077032
			vertex -0.005464285612106323 0.030544642359018326 0
			vertex -0.005464285612106323 0.04436607286334038 0
		endloop
	endfacet
	facet normal 1 0 0
		outer loop
			vertex -0.005464285612106323 0.029502753168344498 0.0029088465962558985
			vertex -0.005464285612106323 0.029877079650759697 -0.00007521626685047522
			vertex -0.005464285612106323 0.030544642359018326 0
		endloop
	endfacet
	facet normal 1 0 0
		outer loop
			vertex -0.005464285612106323 0.029502753168344498 0.0029088465962558985
			vertex -0.005464285612106323 0.030544642359018326 0
			vertex -0.005464285612106323 0.030544642359018326 0.003000000026077032
		endloop
	endfacet
	facet normal 1 0 0
		outer loop
			vertex -0.005464285612106323 0.02463579550385475 -0.001958110835403204
			vertex -0.005464285612106323 0.027544643729925156 -0.003000000026077032
			vertex -0.005464285612106323 0.02761985920369625 -0.0023324370849877596
		endloop
	endfacet
	facet normal 1 0 0
		outer loop
			vertex -0.005464285612106323 0.02463579550385475 -0.001958110835403204
			vertex -0.005464285612106323 0.024544643238186836 -0.003000000026077032
			vertex -0.005464285612106323 0.027544643729925156 -0.003000000026077032
		endloop
	endfacet
	facet normal 1 0 0
		outer loop
			vertex -0.005464285612106323 0.02490648627281189 -0.0009478791616857052
			vertex -0.005464285612106323 0.02761985920369625 -0.0023324370849877596
			vertex -0.005464285612106323 0.027841735631227493 -0.001698348787613213
		endloop
	endfacet
	facet normal 1 0 0
		outer loop
			vertex -0.005464285612106323 0.02490648627281189 -0.0009478791616857052
			vertex -0.005464285612106323 0.02463579550385475 -0.001958110835403204
			vertex -0.005464285612106323 0.02761985920369625 -0.0023324370849877596
		endloop
	endfacet
	facet normal 1 0 0
		outer loop
			vertex -0.005464285612106323 0.028492521494627 0.0026381558272987604
			vertex -0.005464285612106323 0.029242992401123047 -0.00029709338559769094
			vertex -0.005464285612106323 0.029877079650759697 -0.00007521626685047522
		endloop
	endfacet
	facet normal 1 0 0
		outer loop
			vertex -0.005464285612106323 0.028492521494627 0.0026381558272987604
			vertex -0.005464285612106323 0.029877079650759697 -0.00007521626685047522
			vertex -0.005464285612106323 0.029502753168344498 0.0029088465962558985
		endloop
	endfacet
	facet normal 1 0 0
		outer loop
			vertex -0.005464285612106323 0.027544643729925156 0.002196152461692691
			vertex -0.005464285612106323 0.0286741741001606 -0.0006545055657625198
			vertex -0.005464285612106323 0.029242992401123047 -0.00029709338559769094
		endloop
	endfacet
	facet normal 1 0 0
		outer loop
			vertex -0.005464285612106323 0.027544643729925156 0.002196152461692691
			vertex -0.005464285612106323 0.029242992401123047 -0.00029709338559769094
			vertex -0.005464285612106323 0.028492521494627 0.0026381558272987604
		endloop
	endfacet
	facet normal 1 0 0
		outer loop
			vertex -0.005464285612106323 0.025348490104079247 8.239936510889834e-18
			vertex -0.005464285612106323 0.027841735631227493 -0.001698348787613213
			vertex -0.005464285612106323 0.028199149295687675 -0.0011295306030660868
		endloop
	endfacet
	facet normal 1 0 0
		outer loop
			vertex -0.005464285612106323 0.025348490104079247 8.239936510889834e-18
			vertex -0.005464285612106323 0.02490648627281189 -0.0009478791616857052
			vertex -0.005464285612106323 0.027841735631227493 -0.001698348787613213
		endloop
	endfacet
	facet normal 1 0 0
		outer loop
			vertex -0.005464285612106323 0.02668791636824608 0.0015962666366249323
			vertex -0.005464285612106323 0.0286741741001606 -0.0006545055657625198
			vertex -0.005464285612106323 0.027544643729925156 0.002196152461692691
		endloop
	endfacet
	facet normal 1 0 0
		outer loop
			vertex -0.005464285612106323 0.025948375463485718 0.0008567256736569107
			vertex -0.005464285612106323 0.028199149295687675 -0.0011295306030660868
			vertex -0.005464285612106323 0.0286741741001606 -0.0006545055657625198
		endloop
	endfacet
	facet normal 1 0 0
		outer loop
			vertex -0.005464285612106323 0.025948375463485718 0.0008567256736569107
			vertex -0.005464285612106323 0.025348490104079247 8.239936510889834e-18
			vertex -0.005464285612106323 0.028199149295687675 -0.0011295306030660868
		endloop
	endfacet
	facet normal 1 0 0
		outer loop
			vertex -0.005464285612106323 0.025948375463485718 0.0008567256736569107
			vertex -0.005464285612106323 0.0286741741001606 -0.0006545055657625198
			vertex -0.005464285612106323 0.02668791636824608 0.0015962666366249323
		endloop
	endfacet
	facet normal 0.7110198317471202 -0.7031719554008798 0
		outer loop
			vertex 0.010535714216530323 0.06054464355111122 0.003000000026077032
			vertex -0.005464285612106323 0.04436607286334038 0
			vertex 0.010535714216530323 0.06054464355111122 0
		endloop
	endfacet
	facet normal 0.7110198317471202 -0.7031719554008798 0
		outer loop
			vertex 0.010535714216530323 0.06054464355111122 0.003000000026077032
			vertex -0.005464285612106323 0.04436607286334038 0.003000000026077032
			vertex -0.005464285612106323 0.04436607286334038 0
		endloop
	endfacet
	facet normal 1 0 0
		outer loop
			vertex 0.010535714216530323 0.08054464310407639 0.003000000026077032
			vertex 0.010535714216530323 0.06054464355111122 0
			vertex 0.010535714216530323 0.08054464310407639 0
		endloop
	endfacet
	facet normal 1 0 0
		outer loop
			vertex 0.010535714216530323 0.08054464310407639 0.003000000026077032
			vertex 0.010535714216530323 0.06054464355111122 0.003000000026077032
			vertex 0.010535714216530323 0.06054464355111122 0
		endloop
	endfacet
	facet normal 0.7071068394951687 0.7071067228779215 0
		outer loop
			vertex 0.010535714216530323 0.08054464310407639 0.003000000026077032
			vertex -0.0014642857713624835 0.09254464507102966 0
			vertex -0.0014642857713624835 0.09254464507102966 0.003000000026077032
		endloop
	endfacet
	facet normal 0.7071068394951687 0.7071067228779215 0
		outer loop
			vertex 0.010535714216530323 0.08054464310407639 0.003000000026077032
			vertex 0.010535714216530323 0.08054464310407639 0
			vertex -0.0014642857713624835 0.09254464507102966 0
		endloop
	endfacet
	facet normal 0.6716221514788598 -0.7408938423572622 0
		outer loop
			vertex -0.009549200534820557 0.08005327731370926 0
			vertex -0.010491316206753254 0.07919924706220627 0.003000000026077032
			vertex -0.010491316206753254 0.07919924706220627 0
		endloop
	endfacet
	facet normal 0.6716221514788598 -0.7408938423572622 0
		outer loop
			vertex -0.009549200534820557 0.08005327731370926 0
			vertex -0.009549200534820557 0.08005327731370926 0.003000000026077032
			vertex -0.010491316206753254 0.07919924706220627 0.003000000026077032
		endloop
	endfacet
	facet normal 0.5457438356383107 -0.8379520665663309 0
		outer loop
			vertex -0.008483669720590115 0.08074723929166794 0
			vertex -0.008483669720590115 0.08074723929166794 0.003000000026077032
			vertex -0.009549200534820557 0.08005327731370926 0.003000000026077032
		endloop
	endfacet
	facet normal 0.5457438356383107 -0.8379520665663309 0
		outer loop
			vertex -0.008483669720590115 0.08074723929166794 0
			vertex -0.009549200534820557 0.08005327731370926 0.003000000026077032
			vertex -0.009549200534820557 0.08005327731370926 0
		endloop
	endfacet
	facet normal 0.4060819264299591 -0.9138366752472421 0
		outer loop
			vertex -0.007321643643081188 0.08126360923051834 0
			vertex -0.007321643643081188 0.08126360923051834 0.003000000026077032
			vertex -0.008483669720590115 0.08074723929166794 0.003000000026077032
		endloop
	endfacet
	facet normal 0.4060819264299591 -0.9138366752472421 0
		outer loop
			vertex -0.007321643643081188 0.08126360923051834 0
			vertex -0.008483669720590115 0.08074723929166794 0.003000000026077032
			vertex -0.008483669720590115 0.08074723929166794 0
		endloop
	endfacet
	facet normal 0.2561552786749941 -0.9666356465633452 0
		outer loop
			vertex -0.006092479452490807 0.08158933371305466 0
			vertex -0.006092479452490807 0.08158933371305466 0.003000000026077032
			vertex -0.007321643643081188 0.08126360923051834 0.003000000026077032
		endloop
	endfacet
	facet normal 0.2561552786749941 -0.9666356465633452 0
		outer loop
			vertex -0.006092479452490807 0.08158933371305466 0
			vertex -0.007321643643081188 0.08126360923051834 0.003000000026077032
			vertex -0.007321643643081188 0.08126360923051834 0
		endloop
	endfacet
	facet normal 0.09976560560468008 -0.9950109667427447 0
		outer loop
			vertex -0.00482723256573081 0.08171619474887848 0
			vertex -0.00482723256573081 0.08171619474887848 0.003000000026077032
			vertex -0.006092479452490807 0.08158933371305466 0.003000000026077032
		endloop
	endfacet
	facet normal 0.09976560560468008 -0.9950109667427447 0
		outer loop
			vertex -0.00482723256573081 0.08171619474887848 0
			vertex -0.006092479452490807 0.08158933371305466 0.003000000026077032
			vertex -0.006092479452490807 0.08158933371305466 0
		endloop
	endfacet
	facet normal -0.05915509406881241 -0.9982488040792787 0
		outer loop
			vertex -0.003557868767529726 0.08164097368717194 0
			vertex -0.003557868767529726 0.08164097368717194 0.003000000026077032
			vertex -0.00482723256573081 0.08171619474887848 0.003000000026077032
		endloop
	endfacet
	facet normal -0.05915509406881241 -0.9982488040792787 0
		outer loop
			vertex -0.003557868767529726 0.08164097368717194 0
			vertex -0.00482723256573081 0.08171619474887848 0.003000000026077032
			vertex -0.00482723256573081 0.08171619474887848 0
		endloop
	endfacet
	facet normal -0.21657585053227896 -0.9762657942211332 0
		outer loop
			vertex -0.002316458383575082 0.08136557787656784 0
			vertex -0.002316458383575082 0.08136557787656784 0.003000000026077032
			vertex -0.003557868767529726 0.08164097368717194 0.003000000026077032
		endloop
	endfacet
	facet normal -0.21657585053227896 -0.9762657942211332 0
		outer loop
			vertex -0.002316458383575082 0.08136557787656784 0
			vertex -0.003557868767529726 0.08164097368717194 0.003000000026077032
			vertex -0.003557868767529726 0.08164097368717194 0
		endloop
	endfacet
	facet normal -0.36852421510914185 -0.929618148961277 0
		outer loop
			vertex -0.0011343652149662375 0.08089696615934372 0
			vertex -0.0011343652149662375 0.08089696615934372 0.003000000026077032
			vertex -0.002316458383575082 0.08136557787656784 0.003000000026077032
		endloop
	endfacet
	facet normal -0.36852421510914185 -0.929618148961277 0
		outer loop
			vertex -0.0011343652149662375 0.08089696615934372 0
			vertex -0.002316458383575082 0.08136557787656784 0.003000000026077032
			vertex -0.002316458383575082 0.08136557787656784 0
		endloop
	endfacet
	facet normal -0.5111667544911193 -0.8594815583263065 0
		outer loop
			vertex -0.000041454422898823395 0.08024697005748749 0
			vertex -0.0011343652149662375 0.08089696615934372 0.003000000026077032
			vertex -0.0011343652149662375 0.08089696615934372 0
		endloop
	endfacet
	facet normal -0.5111667544911193 -0.8594815583263065 0
		outer loop
			vertex -0.000041454422898823395 0.08024697005748749 0
			vertex -0.000041454422898823395 0.08024697005748749 0.003000000026077032
			vertex -0.0011343652149662375 0.08089696615934372 0.003000000026077032
		endloop
	endfacet
	facet normal -0.6408869613415453 -0.7676352667656697 0
		outer loop
			vertex 0.0009346617734991014 0.07943202555179596 0
			vertex -0.000041454422898823395 0.08024697005748749 0.003000000026077032
			vertex -0.000041454422898823395 0.08024697005748749 0
		endloop
	endfacet
	facet normal -0.6408869613415453 -0.7676352667656697 0
		outer loop
			vertex 0.0009346617734991014 0.07943202555179596 0
			vertex 0.0009346617734991014 0.07943202555179596 0.003000000026077032
			vertex -0.000041454422898823395 0.08024697005748749 0.003000000026077032
		endloop
	endfacet
	facet normal -0.754420966379519 -0.6563908938178475 0
		outer loop
			vertex 0.0017693220870569348 0.07847271114587784 0
			vertex 0.0009346617734991014 0.07943202555179596 0.003000000026077032
			vertex 0.0009346617734991014 0.07943202555179596 0
		endloop
	endfacet
	facet normal -0.754420966379519 -0.6563908938178475 0
		outer loop
			vertex 0.0017693220870569348 0.07847271114587784 0
			vertex 0.0017693220870569348 0.07847271114587784 0.003000000026077032
			vertex 0.0009346617734991014 0.07943202555179596 0.003000000026077032
		endloop
	endfacet
	facet normal -0.848894040452081 -0.5285630597052173 0
		outer loop
			vertex 0.002441439079120755 0.07739326357841492 0
			vertex 0.0017693220870569348 0.07847271114587784 0.003000000026077032
			vertex 0.0017693220870569348 0.07847271114587784 0
		endloop
	endfacet
	facet normal -0.848894040452081 -0.5285630597052173 0
		outer loop
			vertex 0.002441439079120755 0.07739326357841492 0
			vertex 0.002441439079120755 0.07739326357841492 0.003000000026077032
			vertex 0.0017693220870569348 0.07847271114587784 0.003000000026077032
		endloop
	endfacet
	facet normal -0.921918902860581 -0.3873829327014069 0
		outer loop
			vertex 0.0029340318869799376 0.07622095942497253 0
			vertex 0.0029340318869799376 0.07622095942497253 0.003000000026077032
			vertex 0.002441439079120755 0.07739326357841492 0.003000000026077032
		endloop
	endfacet
	facet normal -0.921918902860581 -0.3873829327014069 0
		outer loop
			vertex 0.0029340318869799376 0.07622095942497253 0
			vertex 0.002441439079120755 0.07739326357841492 0.003000000026077032
			vertex 0.002441439079120755 0.07739326357841492 0
		endloop
	endfacet
	facet normal -0.9716518172819707 -0.236416467219701 0
		outer loop
			vertex 0.003234655363485217 0.07498542219400406 0
			vertex 0.003234655363485217 0.07498542219400406 0.003000000026077032
			vertex 0.0029340318869799376 0.07622095942497253 0.003000000026077032
		endloop
	endfacet
	facet normal -0.9716518172819707 -0.236416467219701 0
		outer loop
			vertex 0.003234655363485217 0.07498542219400406 0
			vertex 0.0029340318869799376 0.07622095942497253 0.003000000026077032
			vertex 0.0029340318869799376 0.07622095942497253 0
		endloop
	endfacet
	facet normal -0.996836933738985 -0.07947406831073145 0
		outer loop
			vertex 0.003335714340209961 0.07371784746646881 0
			vertex 0.003234655363485217 0.07498542219400406 0.003000000026077032
			vertex 0.003234655363485217 0.07498542219400406 0
		endloop
	endfacet
	facet normal -0.996836933738985 -0.07947406831073145 0
		outer loop
			vertex 0.003335714340209961 0.07371784746646881 0
			vertex 0.003335714340209961 0.07371784746646881 0.003000000026077032
			vertex 0.003234655363485217 0.07498542219400406 0.003000000026077032
		endloop
	endfacet
	facet normal -0.9968368967310065 0.07947453249750369 0
		outer loop
			vertex 0.003234655363485217 0.07245028018951416 0
			vertex 0.003335714340209961 0.07371784746646881 0.003000000026077032
			vertex 0.003335714340209961 0.07371784746646881 0
		endloop
	endfacet
	facet normal -0.9968368967310065 0.07947453249750369 0
		outer loop
			vertex 0.003234655363485217 0.07245028018951416 0
			vertex 0.003234655363485217 0.07245028018951416 0.003000000026077032
			vertex 0.003335714340209961 0.07371784746646881 0.003000000026077032
		endloop
	endfacet
	facet normal -0.971652144770947 0.23641512126346506 0
		outer loop
			vertex 0.0029340318869799376 0.07121473550796509 0
			vertex 0.0029340318869799376 0.07121473550796509 0.003000000026077032
			vertex 0.003234655363485217 0.07245028018951416 0.003000000026077032
		endloop
	endfacet
	facet normal -0.971652144770947 0.23641512126346506 0
		outer loop
			vertex 0.0029340318869799376 0.07121473550796509 0
			vertex 0.003234655363485217 0.07245028018951416 0.003000000026077032
			vertex 0.003234655363485217 0.07245028018951416 0
		endloop
	endfacet
	facet normal -0.9219180235809401 0.38738502526119045 0
		outer loop
			vertex 0.002441439079120755 0.0700424388051033 0
			vertex 0.002441439079120755 0.0700424388051033 0.003000000026077032
			vertex 0.0029340318869799376 0.07121473550796509 0.003000000026077032
		endloop
	endfacet
	facet normal -0.9219180235809401 0.38738502526119045 0
		outer loop
			vertex 0.002441439079120755 0.0700424388051033 0
			vertex 0.0029340318869799376 0.07121473550796509 0.003000000026077032
			vertex 0.0029340318869799376 0.07121473550796509 0
		endloop
	endfacet
	facet normal -0.848894040452081 0.5285630597052173 0
		outer loop
			vertex 0.0017693220870569348 0.06896299123764038 0
			vertex 0.0017693220870569348 0.06896299123764038 0.003000000026077032
			vertex 0.002441439079120755 0.0700424388051033 0.003000000026077032
		endloop
	endfacet
	facet normal -0.848894040452081 0.5285630597052173 0
		outer loop
			vertex 0.0017693220870569348 0.06896299123764038 0
			vertex 0.002441439079120755 0.0700424388051033 0.003000000026077032
			vertex 0.002441439079120755 0.0700424388051033 0
		endloop
	endfacet
	facet normal -0.754420966379519 0.6563908938178475 0
		outer loop
			vertex 0.0009346617734991014 0.06800367683172226 0
			vertex 0.0009346617734991014 0.06800367683172226 0.003000000026077032
			vertex 0.0017693220870569348 0.06896299123764038 0.003000000026077032
		endloop
	endfacet
	facet normal -0.754420966379519 0.6563908938178475 0
		outer loop
			vertex 0.0009346617734991014 0.06800367683172226 0
			vertex 0.0017693220870569348 0.06896299123764038 0.003000000026077032
			vertex 0.0017693220870569348 0.06896299123764038 0
		endloop
	endfacet
	facet normal -0.6408869613415453 0.7676352667656697 0
		outer loop
			vertex -0.000041454422898823395 0.06718873232603073 0
			vertex -0.000041454422898823395 0.06718873232603073 0.003000000026077032
			vertex 0.0009346617734991014 0.06800367683172226 0.003000000026077032
		endloop
	endfacet
	facet normal -0.6408869613415453 0.7676352667656697 0
		outer loop
			vertex -0.000041454422898823395 0.06718873232603073 0
			vertex 0.0009346617734991014 0.06800367683172226 0.003000000026077032
			vertex 0.0009346617734991014 0.06800367683172226 0
		endloop
	endfacet
	facet normal -0.5111667544911193 0.8594815583263065 0
		outer loop
			vertex -0.0011343652149662375 0.0665387362241745 0
			vertex -0.0011343652149662375 0.0665387362241745 0.003000000026077032
			vertex -0.000041454422898823395 0.06718873232603073 0.003000000026077032
		endloop
	endfacet
	facet normal -0.5111667544911193 0.8594815583263065 0
		outer loop
			vertex -0.0011343652149662375 0.0665387362241745 0
			vertex -0.000041454422898823395 0.06718873232603073 0.003000000026077032
			vertex -0.000041454422898823395 0.06718873232603073 0
		endloop
	endfacet
	facet normal -0.36852421510914185 0.929618148961277 0
		outer loop
			vertex -0.002316458383575082 0.06607012450695038 0
			vertex -0.002316458383575082 0.06607012450695038 0.003000000026077032
			vertex -0.0011343652149662375 0.0665387362241745 0.003000000026077032
		endloop
	endfacet
	facet normal -0.36852421510914185 0.929618148961277 0
		outer loop
			vertex -0.002316458383575082 0.06607012450695038 0
			vertex -0.0011343652149662375 0.0665387362241745 0.003000000026077032
			vertex -0.0011343652149662375 0.0665387362241745 0
		endloop
	endfacet
	facet normal -0.21657585053227896 0.9762657942211332 0
		outer loop
			vertex -0.003557868767529726 0.06579472869634628 0
			vertex -0.003557868767529726 0.06579472869634628 0.003000000026077032
			vertex -0.002316458383575082 0.06607012450695038 0.003000000026077032
		endloop
	endfacet
	facet normal -0.21657585053227896 0.9762657942211332 0
		outer loop
			vertex -0.003557868767529726 0.06579472869634628 0
			vertex -0.002316458383575082 0.06607012450695038 0.003000000026077032
			vertex -0.002316458383575082 0.06607012450695038 0
		endloop
	endfacet
	facet normal -0.05915509406881241 0.9982488040792787 0
		outer loop
			vertex -0.00482723256573081 0.06571950763463974 0
			vertex -0.00482723256573081 0.06571950763463974 0.003000000026077032
			vertex -0.003557868767529726 0.06579472869634628 0.003000000026077032
		endloop
	endfacet
	facet normal -0.05915509406881241 0.9982488040792787 0
		outer loop
			vertex -0.00482723256573081 0.06571950763463974 0
			vertex -0.003557868767529726 0.06579472869634628 0.003000000026077032
			vertex -0.003557868767529726 0.06579472869634628 0
		endloop
	endfacet
	facet normal 0.09976560560468008 0.9950109667427447 0
		outer loop
			vertex -0.006092479452490807 0.06584636867046356 0
			vertex -0.006092479452490807 0.06584636867046356 0.003000000026077032
			vertex -0.00482723256573081 0.06571950763463974 0.003000000026077032
		endloop
	endfacet
	facet normal 0.09976560560468008 0.9950109667427447 0
		outer loop
			vertex -0.006092479452490807 0.06584636867046356 0
			vertex -0.00482723256573081 0.06571950763463974 0.003000000026077032
			vertex -0.00482723256573081 0.06571950763463974 0
		endloop
	endfacet
	facet normal 0.2561552786749941 0.9666356465633452 0
		outer loop
			vertex -0.007321643643081188 0.06617209315299988 0
			vertex -0.007321643643081188 0.06617209315299988 0.003000000026077032
			vertex -0.006092479452490807 0.06584636867046356 0.003000000026077032
		endloop
	endfacet
	facet normal 0.2561552786749941 0.9666356465633452 0
		outer loop
			vertex -0.007321643643081188 0.06617209315299988 0
			vertex -0.006092479452490807 0.06584636867046356 0.003000000026077032
			vertex -0.006092479452490807 0.06584636867046356 0
		endloop
	endfacet
	facet normal 0.4060819264299591 0.9138366752472421 0
		outer loop
			vertex -0.008483669720590115 0.06668846309185028 0
			vertex -0.008483669720590115 0.06668846309185028 0.003000000026077032
			vertex -0.007321643643081188 0.06617209315299988 0.003000000026077032
		endloop
	endfacet
	facet normal 0.4060819264299591 0.9138366752472421 0
		outer loop
			vertex -0.008483669720590115 0.06668846309185028 0
			vertex -0.007321643643081188 0.06617209315299988 0.003000000026077032
			vertex -0.007321643643081188 0.06617209315299988 0
		endloop
	endfacet
	facet normal 0.5457438356383107 0.8379520665663309 0
		outer loop
			vertex -0.009549200534820557 0.06738242506980896 0
			vertex -0.009549200534820557 0.06738242506980896 0.003000000026077032
			vertex -0.008483669720590115 0.06668846309185028 0.003000000026077032
		endloop
	endfacet
	facet normal 0.5457438356383107 0.8379520665663309 0
		outer loop
			vertex -0.009549200534820557 0.06738242506980896 0
			vertex -0.008483669720590115 0.06668846309185028 0.003000000026077032
			vertex -0.008483669720590115 0.06668846309185028 0
		endloop
	endfacet
	facet normal 0.6716221514788598 0.7408938423572622 0
		outer loop
			vertex -0.010491316206753254 0.06823645532131195 0
			vertex -0.010491316206753254 0.06823645532131195 0.003000000026077032
			vertex -0.009549200534820557 0.06738242506980896 0.003000000026077032
		endloop
	endfacet
	facet normal 0.6716221514788598 0.7408938423572622 0
		outer loop
			vertex -0.010491316206753254 0.06823645532131195 0
			vertex -0.009549200534820557 0.06738242506980896 0.003000000026077032
			vertex -0.009549200534820557 0.06738242506980896 0
		endloop
	endfacet
	facet normal -0.9855356957380622 0.16946796873183356 0
		outer loop
			vertex -0.010686553083360195 0.06710106134414673 0
			vertex -0.010491316206753254 0.06823645532131195 0.003000000026077032
			vertex -0.010491316206753254 0.06823645532131195 0
		endloop
	endfacet
	facet normal -0.9855356957380622 0.16946796873183356 0
		outer loop
			vertex -0.010686553083360195 0.06710106134414673 0
			vertex -0.010686553083360195 0.06710106134414673 0.003000000026077032
			vertex -0.010491316206753254 0.06823645532131195 0.003000000026077032
		endloop
	endfacet
	facet normal -0.9443913965027765 0.3288234940078576 0
		outer loop
			vertex -0.011065374128520489 0.06601307541131973 0
			vertex -0.011065374128520489 0.06601307541131973 0.003000000026077032
			vertex -0.010686553083360195 0.06710106134414673 0.003000000026077032
		endloop
	endfacet
	facet normal -0.9443913965027765 0.3288234940078576 0
		outer loop
			vertex -0.011065374128520489 0.06601307541131973 0
			vertex -0.010686553083360195 0.06710106134414673 0.003000000026077032
			vertex -0.010686553083360195 0.06710106134414673 0
		endloop
	endfacet
	facet normal -0.8776678127761354 0.47926945491733 0
		outer loop
			vertex -0.011617517098784447 0.0650019571185112 0
			vertex -0.011617517098784447 0.0650019571185112 0.003000000026077032
			vertex -0.011065374128520489 0.06601307541131973 0.003000000026077032
		endloop
	endfacet
	facet normal -0.8776678127761354 0.47926945491733 0
		outer loop
			vertex -0.011617517098784447 0.0650019571185112 0
			vertex -0.011065374128520489 0.06601307541131973 0.003000000026077032
			vertex -0.011065374128520489 0.06601307541131973 0
		endloop
	endfacet
	facet normal -0.7871735535995132 0.6167315433099836 0
		outer loop
			vertex -0.012328027747571468 0.06409508734941483 0
			vertex -0.012328027747571468 0.06409508734941483 0.003000000026077032
			vertex -0.011617517098784447 0.0650019571185112 0.003000000026077032
		endloop
	endfacet
	facet normal -0.7871735535995132 0.6167315433099836 0
		outer loop
			vertex -0.012328027747571468 0.06409508734941483 0
			vertex -0.011617517098784447 0.0650019571185112 0.003000000026077032
			vertex -0.011617517098784447 0.0650019571185112 0
		endloop
	endfacet
	facet normal -0.675352835841879 0.73749477769021 0
		outer loop
			vertex -0.013177660293877125 0.06331704556941986 0
			vertex -0.013177660293877125 0.06331704556941986 0.003000000026077032
			vertex -0.012328027747571468 0.06409508734941483 0.003000000026077032
		endloop
	endfacet
	facet normal -0.675352835841879 0.73749477769021 0
		outer loop
			vertex -0.013177660293877125 0.06331704556941986 0
			vertex -0.012328027747571468 0.06409508734941483 0.003000000026077032
			vertex -0.012328027747571468 0.06409508734941483 0
		endloop
	endfacet
	facet normal -0.5452394855158581 0.8382803250908389 0
		outer loop
			vertex -0.014143401756882668 0.0626889020204544 0
			vertex -0.014143401756882668 0.0626889020204544 0.003000000026077032
			vertex -0.013177660293877125 0.06331704556941986 0.003000000026077032
		endloop
	endfacet
	facet normal -0.5452394855158581 0.8382803250908389 0
		outer loop
			vertex -0.014143401756882668 0.0626889020204544 0
			vertex -0.013177660293877125 0.06331704556941986 0.003000000026077032
			vertex -0.013177660293877125 0.06331704556941986 0
		endloop
	endfacet
	facet normal -0.400365698486018 0.9163554482163585 0
		outer loop
			vertex -0.015199093148112297 0.06222765892744064 0
			vertex -0.015199093148112297 0.06222765892744064 0.003000000026077032
			vertex -0.014143401756882668 0.0626889020204544 0.003000000026077032
		endloop
	endfacet
	facet normal -0.400365698486018 0.9163554482163585 0
		outer loop
			vertex -0.015199093148112297 0.06222765892744064 0
			vertex -0.014143401756882668 0.0626889020204544 0.003000000026077032
			vertex -0.014143401756882668 0.0626889020204544 0
		endloop
	endfacet
	facet normal -0.2446388037502071 0.9696142819181595 0
		outer loop
			vertex -0.016316140070557594 0.06194582208991051 0
			vertex -0.016316140070557594 0.06194582208991051 0.003000000026077032
			vertex -0.015199093148112297 0.06222765892744064 0.003000000026077032
		endloop
	endfacet
	facet normal -0.2446388037502071 0.9696142819181595 0
		outer loop
			vertex -0.016316140070557594 0.06194582208991051 0
			vertex -0.015199093148112297 0.06222765892744064 0.003000000026077032
			vertex -0.015199093148112297 0.06222765892744064 0
		endloop
	endfacet
	facet normal -0.08229213653995744 0.9966082501483163 0
		outer loop
			vertex -0.01746428571641445 0.06185101717710495 0
			vertex -0.01746428571641445 0.06185101717710495 0.003000000026077032
			vertex -0.016316140070557594 0.06194582208991051 0.003000000026077032
		endloop
	endfacet
	facet normal -0.08229213653995744 0.9966082501483163 0
		outer loop
			vertex -0.01746428571641445 0.06185101717710495 0
			vertex -0.016316140070557594 0.06194582208991051 0.003000000026077032
			vertex -0.016316140070557594 0.06194582208991051 0
		endloop
	endfacet
	facet normal 0.08229213653995744 0.9966082501483163 0
		outer loop
			vertex -0.01861243136227131 0.06194582208991051 0
			vertex -0.01861243136227131 0.06194582208991051 0.003000000026077032
			vertex -0.01746428571641445 0.06185101717710495 0.003000000026077032
		endloop
	endfacet
	facet normal 0.08229213653995744 0.9966082501483163 0
		outer loop
			vertex -0.01861243136227131 0.06194582208991051 0
			vertex -0.01746428571641445 0.06185101717710495 0.003000000026077032
			vertex -0.01746428571641445 0.06185101717710495 0
		endloop
	endfacet
	facet normal 0.2446388037502071 0.9696142819181595 0
		outer loop
			vertex -0.019729478284716606 0.06222765892744064 0
			vertex -0.019729478284716606 0.06222765892744064 0.003000000026077032
			vertex -0.01861243136227131 0.06194582208991051 0.003000000026077032
		endloop
	endfacet
	facet normal 0.2446388037502071 0.9696142819181595 0
		outer loop
			vertex -0.019729478284716606 0.06222765892744064 0
			vertex -0.01861243136227131 0.06194582208991051 0.003000000026077032
			vertex -0.01861243136227131 0.06194582208991051 0
		endloop
	endfacet
	facet normal 0.400365698486018 0.9163554482163585 0
		outer loop
			vertex -0.020785169675946236 0.0626889020204544 0
			vertex -0.020785169675946236 0.0626889020204544 0.003000000026077032
			vertex -0.019729478284716606 0.06222765892744064 0.003000000026077032
		endloop
	endfacet
	facet normal 0.400365698486018 0.9163554482163585 0
		outer loop
			vertex -0.020785169675946236 0.0626889020204544 0
			vertex -0.019729478284716606 0.06222765892744064 0.003000000026077032
			vertex -0.019729478284716606 0.06222765892744064 0
		endloop
	endfacet
	facet normal 0.545239116024006 0.8382805654179041 0
		outer loop
			vertex -0.021750912070274353 0.06331704556941986 0
			vertex -0.021750912070274353 0.06331704556941986 0.003000000026077032
			vertex -0.020785169675946236 0.0626889020204544 0.003000000026077032
		endloop
	endfacet
	facet normal 0.545239116024006 0.8382805654179041 0
		outer loop
			vertex -0.021750912070274353 0.06331704556941986 0
			vertex -0.020785169675946236 0.0626889020204544 0.003000000026077032
			vertex -0.020785169675946236 0.0626889020204544 0
		endloop
	endfacet
	facet normal 0.6753536411237326 0.737494040261287 0
		outer loop
			vertex -0.02260054275393486 0.06409508734941483 0
			vertex -0.02260054275393486 0.06409508734941483 0.003000000026077032
			vertex -0.021750912070274353 0.06331704556941986 0.003000000026077032
		endloop
	endfacet
	facet normal 0.6753536411237326 0.737494040261287 0
		outer loop
			vertex -0.02260054275393486 0.06409508734941483 0
			vertex -0.021750912070274353 0.06331704556941986 0.003000000026077032
			vertex -0.021750912070274353 0.06331704556941986 0
		endloop
	endfacet
	facet normal 0.7871731611422996 0.6167320442276689 0
		outer loop
			vertex -0.023311054334044456 0.0650019571185112 0
			vertex -0.02260054275393486 0.06409508734941483 0.003000000026077032
			vertex -0.02260054275393486 0.06409508734941483 0
		endloop
	endfacet
	facet normal 0.7871731611422996 0.6167320442276689 0
		outer loop
			vertex -0.023311054334044456 0.0650019571185112 0
			vertex -0.023311054334044456 0.0650019571185112 0.003000000026077032
			vertex -0.02260054275393486 0.06409508734941483 0.003000000026077032
		endloop
	endfacet
	facet normal 0.8776674727295875 0.479270077631036 0
		outer loop
			vertex -0.02386319823563099 0.06601307541131973 0
			vertex -0.023311054334044456 0.0650019571185112 0.003000000026077032
			vertex -0.023311054334044456 0.0650019571185112 0
		endloop
	endfacet
	facet normal 0.8776674727295875 0.479270077631036 0
		outer loop
			vertex -0.02386319823563099 0.06601307541131973 0
			vertex -0.02386319823563099 0.06601307541131973 0.003000000026077032
			vertex -0.023311054334044456 0.0650019571185112 0.003000000026077032
		endloop
	endfacet
	facet normal 0.944391898582876 0.32882205201450687 0
		outer loop
			vertex -0.024242017418146133 0.06710106134414673 0
			vertex -0.02386319823563099 0.06601307541131973 0.003000000026077032
			vertex -0.02386319823563099 0.06601307541131973 0
		endloop
	endfacet
	facet normal 0.944391898582876 0.32882205201450687 0
		outer loop
			vertex -0.024242017418146133 0.06710106134414673 0
			vertex -0.024242017418146133 0.06710106134414673 0.003000000026077032
			vertex -0.02386319823563099 0.06601307541131973 0.003000000026077032
		endloop
	endfacet
	facet normal 0.9855354257044819 0.16946953909622087 0
		outer loop
			vertex -0.024437256157398224 0.06823645532131195 0
			vertex -0.024242017418146133 0.06710106134414673 0.003000000026077032
			vertex -0.024242017418146133 0.06710106134414673 0
		endloop
	endfacet
	facet normal 0.9855354257044819 0.16946953909622087 0
		outer loop
			vertex -0.024437256157398224 0.06823645532131195 0
			vertex -0.024437256157398224 0.06823645532131195 0.003000000026077032
			vertex -0.024242017418146133 0.06710106134414673 0.003000000026077032
		endloop
	endfacet
	facet normal -0.6716225159247212 0.740893511985999 0
		outer loop
			vertex -0.025379370898008347 0.06738242506980896 0
			vertex -0.024437256157398224 0.06823645532131195 0.003000000026077032
			vertex -0.024437256157398224 0.06823645532131195 0
		endloop
	endfacet
	facet normal -0.6716225159247212 0.740893511985999 0
		outer loop
			vertex -0.025379370898008347 0.06738242506980896 0
			vertex -0.025379370898008347 0.06738242506980896 0.003000000026077032
			vertex -0.024437256157398224 0.06823645532131195 0.003000000026077032
		endloop
	endfacet
	facet normal -0.5457441705740707 0.837951848428309 0
		outer loop
			vertex -0.026444900780916214 0.06668846309185028 0
			vertex -0.026444900780916214 0.06668846309185028 0.003000000026077032
			vertex -0.025379370898008347 0.06738242506980896 0.003000000026077032
		endloop
	endfacet
	facet normal -0.5457441705740707 0.837951848428309 0
		outer loop
			vertex -0.026444900780916214 0.06668846309185028 0
			vertex -0.025379370898008347 0.06738242506980896 0.003000000026077032
			vertex -0.025379370898008347 0.06738242506980896 0
		endloop
	endfacet
	facet normal -0.4060813828485994 0.9138369167984893 0
		outer loop
			vertex -0.02760692872107029 0.06617209315299988 0
			vertex -0.02760692872107029 0.06617209315299988 0.003000000026077032
			vertex -0.026444900780916214 0.06668846309185028 0.003000000026077032
		endloop
	endfacet
	facet normal -0.4060813828485994 0.9138369167984893 0
		outer loop
			vertex -0.02760692872107029 0.06617209315299988 0
			vertex -0.026444900780916214 0.06668846309185028 0.003000000026077032
			vertex -0.026444900780916214 0.06668846309185028 0
		endloop
	endfacet
	facet normal -0.2561554600257835 0.9666355985059619 0
		outer loop
			vertex -0.028836091980338097 0.06584636867046356 0
			vertex -0.028836091980338097 0.06584636867046356 0.003000000026077032
			vertex -0.02760692872107029 0.06617209315299988 0.003000000026077032
		endloop
	endfacet
	facet normal -0.2561554600257835 0.9666355985059619 0
		outer loop
			vertex -0.028836091980338097 0.06584636867046356 0
			vertex -0.02760692872107029 0.06617209315299988 0.003000000026077032
			vertex -0.02760692872107029 0.06617209315299988 0
		endloop
	endfacet
	facet normal -0.09976564195695488 0.9950109630978529 0
		outer loop
			vertex -0.030101338401436806 0.06571950763463974 0
			vertex -0.030101338401436806 0.06571950763463974 0.003000000026077032
			vertex -0.028836091980338097 0.06584636867046356 0.003000000026077032
		endloop
	endfacet
	facet normal -0.09976564195695488 0.9950109630978529 0
		outer loop
			vertex -0.030101338401436806 0.06571950763463974 0
			vertex -0.028836091980338097 0.06584636867046356 0.003000000026077032
			vertex -0.028836091980338097 0.06584636867046356 0
		endloop
	endfacet
	facet normal 0.059155050819077355 0.998248806642208 0
		outer loop
			vertex -0.031370703130960464 0.06579472869634628 0
			vertex -0.031370703130960464 0.06579472869634628 0.003000000026077032
			vertex -0.030101338401436806 0.06571950763463974 0.003000000026077032
		endloop
	endfacet
	facet normal 0.059155050819077355 0.998248806642208 0
		outer loop
			vertex -0.031370703130960464 0.06579472869634628 0
			vertex -0.030101338401436806 0.06571950763463974 0.003000000026077032
			vertex -0.030101338401436806 0.06571950763463974 0
		endloop
	endfacet
	facet normal 0.21657619896114752 0.9762657169252343 0
		outer loop
			vertex -0.032612111419439316 0.06607012450695038 0
			vertex -0.032612111419439316 0.06607012450695038 0.003000000026077032
			vertex -0.031370703130960464 0.06579472869634628 0.003000000026077032
		endloop
	endfacet
	facet normal 0.21657619896114752 0.9762657169252343 0
		outer loop
			vertex -0.032612111419439316 0.06607012450695038 0
			vertex -0.031370703130960464 0.06579472869634628 0.003000000026077032
			vertex -0.031370703130960464 0.06579472869634628 0
		endloop
	endfacet
	facet normal 0.36852393283190593 0.9296182608630842 0
		outer loop
			vertex -0.033794205635786057 0.0665387362241745 0
			vertex -0.033794205635786057 0.0665387362241745 0.003000000026077032
			vertex -0.032612111419439316 0.06607012450695038 0.003000000026077032
		endloop
	endfacet
	facet normal 0.36852393283190593 0.9296182608630842 0
		outer loop
			vertex -0.033794205635786057 0.0665387362241745 0
			vertex -0.032612111419439316 0.06607012450695038 0.003000000026077032
			vertex -0.032612111419439316 0.06607012450695038 0
		endloop
	endfacet
	facet normal 0.5111667632896311 0.8594815530934927 0
		outer loop
			vertex -0.03488711640238762 0.06718873232603073 0
			vertex -0.03488711640238762 0.06718873232603073 0.003000000026077032
			vertex -0.033794205635786057 0.0665387362241745 0.003000000026077032
		endloop
	endfacet
	facet normal 0.5111667632896311 0.8594815530934927 0
		outer loop
			vertex -0.03488711640238762 0.06718873232603073 0
			vertex -0.033794205635786057 0.0665387362241745 0.003000000026077032
			vertex -0.033794205635786057 0.0665387362241745 0
		endloop
	endfacet
	facet normal 0.6408872442501143 0.7676350305695372 0
		outer loop
			vertex -0.035863231867551804 0.06800367683172226 0
			vertex -0.035863231867551804 0.06800367683172226 0.003000000026077032
			vertex -0.03488711640238762 0.06718873232603073 0.003000000026077032
		endloop
	endfacet
	facet normal 0.6408872442501143 0.7676350305695372 0
		outer loop
			vertex -0.035863231867551804 0.06800367683172226 0
			vertex -0.03488711640238762 0.06718873232603073 0.003000000026077032
			vertex -0.03488711640238762 0.06718873232603073 0
		endloop
	endfacet
	facet normal 0.7544201276715148 0.6563918577832114 0
		outer loop
			vertex -0.03669789433479309 0.06896299123764038 0
			vertex -0.03669789433479309 0.06896299123764038 0.003000000026077032
			vertex -0.035863231867551804 0.06800367683172226 0.003000000026077032
		endloop
	endfacet
	facet normal 0.7544201276715148 0.6563918577832114 0
		outer loop
			vertex -0.03669789433479309 0.06896299123764038 0
			vertex -0.035863231867551804 0.06800367683172226 0.003000000026077032
			vertex -0.035863231867551804 0.06800367683172226 0
		endloop
	endfacet
	facet normal 0.8488940815303713 0.5285629937317854 0
		outer loop
			vertex -0.03737001121044159 0.0700424388051033 0
			vertex -0.03737001121044159 0.0700424388051033 0.003000000026077032
			vertex -0.03669789433479309 0.06896299123764038 0.003000000026077032
		endloop
	endfacet
	facet normal 0.8488940815303713 0.5285629937317854 0
		outer loop
			vertex -0.03737001121044159 0.0700424388051033 0
			vertex -0.03669789433479309 0.06896299123764038 0.003000000026077032
			vertex -0.03669789433479309 0.06896299123764038 0
		endloop
	endfacet
	facet normal 0.9219184159375261 0.3873840915102774 0
		outer loop
			vertex -0.03786260262131691 0.07121473550796509 0
			vertex -0.03786260262131691 0.07121473550796509 0.003000000026077032
			vertex -0.03737001121044159 0.0700424388051033 0.003000000026077032
		endloop
	endfacet
	facet normal 0.9219184159375261 0.3873840915102774 0
		outer loop
			vertex -0.03786260262131691 0.07121473550796509 0
			vertex -0.03737001121044159 0.0700424388051033 0.003000000026077032
			vertex -0.03737001121044159 0.0700424388051033 0
		endloop
	endfacet
	facet normal 0.971652144770947 0.23641512126346506 0
		outer loop
			vertex -0.03816322609782219 0.07245028018951416 0
			vertex -0.03816322609782219 0.07245028018951416 0.003000000026077032
			vertex -0.03786260262131691 0.07121473550796509 0.003000000026077032
		endloop
	endfacet
	facet normal 0.971652144770947 0.23641512126346506 0
		outer loop
			vertex -0.03816322609782219 0.07245028018951416 0
			vertex -0.03786260262131691 0.07121473550796509 0.003000000026077032
			vertex -0.03786260262131691 0.07121473550796509 0
		endloop
	endfacet
	facet normal 0.9968368532130958 0.07947507833411174 0
		outer loop
			vertex -0.038264285773038864 0.07371784746646881 0
			vertex -0.038264285773038864 0.07371784746646881 0.003000000026077032
			vertex -0.03816322609782219 0.07245028018951416 0.003000000026077032
		endloop
	endfacet
	facet normal 0.9968368532130958 0.07947507833411174 0
		outer loop
			vertex -0.038264285773038864 0.07371784746646881 0
			vertex -0.03816322609782219 0.07245028018951416 0.003000000026077032
			vertex -0.03816322609782219 0.07245028018951416 0
		endloop
	endfacet
	facet normal -0.9927088811084369 0.12053662251961235 0
		outer loop
			vertex -0.011771867983043194 0.04135555028915405 0
			vertex -0.011717429384589195 0.04180389270186424 0.003000000026077032
			vertex -0.011717429384589195 0.04180389270186424 0
		endloop
	endfacet
	facet normal -0.9927088811084369 0.12053662251961235 0
		outer loop
			vertex -0.011771867983043194 0.04135555028915405 0
			vertex -0.011771867983043194 0.04135555028915405 0.003000000026077032
			vertex -0.011717429384589195 0.04180389270186424 0.003000000026077032
		endloop
	endfacet
	facet normal -0.9350155868928048 0.3546066162207128 0
		outer loop
			vertex -0.01193202007561922 0.040933266282081604 0
			vertex -0.01193202007561922 0.040933266282081604 0.003000000026077032
			vertex -0.011771867983043194 0.04135555028915405 0.003000000026077032
		endloop
	endfacet
	facet normal -0.9350155868928048 0.3546066162207128 0
		outer loop
			vertex -0.01193202007561922 0.040933266282081604 0
			vertex -0.011771867983043194 0.04135555028915405 0.003000000026077032
			vertex -0.011771867983043194 0.04135555028915405 0
		endloop
	endfacet
	facet normal -0.8229839417083916 0.5680646368945339 0
		outer loop
			vertex -0.012188577093183994 0.040561579167842865 0
			vertex -0.012188577093183994 0.040561579167842865 0.003000000026077032
			vertex -0.01193202007561922 0.040933266282081604 0.003000000026077032
		endloop
	endfacet
	facet normal -0.8229839417083916 0.5680646368945339 0
		outer loop
			vertex -0.012188577093183994 0.040561579167842865 0
			vertex -0.01193202007561922 0.040933266282081604 0.003000000026077032
			vertex -0.01193202007561922 0.040933266282081604 0
		endloop
	endfacet
	facet normal -0.6631260026314885 0.7485077852861541 0
		outer loop
			vertex -0.012526629492640495 0.04026208817958832 0
			vertex -0.012526629492640495 0.04026208817958832 0.003000000026077032
			vertex -0.012188577093183994 0.040561579167842865 0.003000000026077032
		endloop
	endfacet
	facet normal -0.6631260026314885 0.7485077852861541 0
		outer loop
			vertex -0.012526629492640495 0.04026208817958832 0
			vertex -0.012188577093183994 0.040561579167842865 0.003000000026077032
			vertex -0.012188577093183994 0.040561579167842865 0
		endloop
	endfacet
	facet normal -0.4647202914223808 0.8854575375139666 0
		outer loop
			vertex -0.01292653102427721 0.040052205324172974 0
			vertex -0.01292653102427721 0.040052205324172974 0.003000000026077032
			vertex -0.012526629492640495 0.04026208817958832 0.003000000026077032
		endloop
	endfacet
	facet normal -0.4647202914223808 0.8854575375139666 0
		outer loop
			vertex -0.01292653102427721 0.040052205324172974 0
			vertex -0.012526629492640495 0.04026208817958832 0.003000000026077032
			vertex -0.012526629492640495 0.04026208817958832 0
		endloop
	endfacet
	facet normal -0.23931349495935778 0.9709423521148604 0
		outer loop
			vertex -0.01336504053324461 0.0399441234767437 0
			vertex -0.01336504053324461 0.0399441234767437 0.003000000026077032
			vertex -0.01292653102427721 0.040052205324172974 0.003000000026077032
		endloop
	endfacet
	facet normal -0.23931349495935778 0.9709423521148604 0
		outer loop
			vertex -0.01336504053324461 0.0399441234767437 0
			vertex -0.01292653102427721 0.040052205324172974 0.003000000026077032
			vertex -0.01292653102427721 0.040052205324172974 0
		endloop
	endfacet
	facet normal 0 1 0
		outer loop
			vertex -0.01381667423993349 0.0399441234767437 0
			vertex -0.01381667423993349 0.0399441234767437 0.003000000026077032
			vertex -0.01336504053324461 0.0399441234767437 0.003000000026077032
		endloop
	endfacet
	facet normal 0 1 0
		outer loop
			vertex -0.01381667423993349 0.0399441234767437 0
			vertex -0.01336504053324461 0.0399441234767437 0.003000000026077032
			vertex -0.01336504053324461 0.0399441234767437 0
		endloop
	endfacet
	facet normal 0.2393130158062036 0.9709424702142448 0
		outer loop
			vertex -0.014255184680223465 0.040052205324172974 0
			vertex -0.014255184680223465 0.040052205324172974 0.003000000026077032
			vertex -0.01381667423993349 0.0399441234767437 0.003000000026077032
		endloop
	endfacet
	facet normal 0.2393130158062036 0.9709424702142448 0
		outer loop
			vertex -0.014255184680223465 0.040052205324172974 0
			vertex -0.01381667423993349 0.0399441234767437 0.003000000026077032
			vertex -0.01381667423993349 0.0399441234767437 0
		endloop
	endfacet
	facet normal 0.4647202914223808 0.8854575375139666 0
		outer loop
			vertex -0.01465508621186018 0.04026208817958832 0
			vertex -0.01465508621186018 0.04026208817958832 0.003000000026077032
			vertex -0.014255184680223465 0.040052205324172974 0.003000000026077032
		endloop
	endfacet
	facet normal 0.4647202914223808 0.8854575375139666 0
		outer loop
			vertex -0.01465508621186018 0.04026208817958832 0
			vertex -0.014255184680223465 0.040052205324172974 0.003000000026077032
			vertex -0.014255184680223465 0.040052205324172974 0
		endloop
	endfacet
	facet normal 0.6631260026314885 0.7485077852861541 0
		outer loop
			vertex -0.014993138611316681 0.040561579167842865 0
			vertex -0.014993138611316681 0.040561579167842865 0.003000000026077032
			vertex -0.01465508621186018 0.04026208817958832 0.003000000026077032
		endloop
	endfacet
	facet normal 0.6631260026314885 0.7485077852861541 0
		outer loop
			vertex -0.014993138611316681 0.040561579167842865 0
			vertex -0.01465508621186018 0.04026208817958832 0.003000000026077032
			vertex -0.01465508621186018 0.04026208817958832 0
		endloop
	endfacet
	facet normal 0.8229839417083916 0.5680646368945339 0
		outer loop
			vertex -0.015249695628881454 0.040933266282081604 0
			vertex -0.015249695628881454 0.040933266282081604 0.003000000026077032
			vertex -0.014993138611316681 0.040561579167842865 0.003000000026077032
		endloop
	endfacet
	facet normal 0.8229839417083916 0.5680646368945339 0
		outer loop
			vertex -0.015249695628881454 0.040933266282081604 0
			vertex -0.014993138611316681 0.040561579167842865 0.003000000026077032
			vertex -0.014993138611316681 0.040561579167842865 0
		endloop
	endfacet
	facet normal 0.9350155868928048 0.3546066162207128 0
		outer loop
			vertex -0.015409847721457481 0.04135555028915405 0
			vertex -0.015409847721457481 0.04135555028915405 0.003000000026077032
			vertex -0.015249695628881454 0.040933266282081604 0.003000000026077032
		endloop
	endfacet
	facet normal 0.9350155868928048 0.3546066162207128 0
		outer loop
			vertex -0.015409847721457481 0.04135555028915405 0
			vertex -0.015249695628881454 0.040933266282081604 0.003000000026077032
			vertex -0.015249695628881454 0.040933266282081604 0
		endloop
	endfacet
	facet normal 0.9927091278541323 0.1205345903676117 0
		outer loop
			vertex -0.015464285388588905 0.04180389270186424 0
			vertex -0.015464285388588905 0.04180389270186424 0.003000000026077032
			vertex -0.015409847721457481 0.04135555028915405 0.003000000026077032
		endloop
	endfacet
	facet normal 0.9927091278541323 0.1205345903676117 0
		outer loop
			vertex -0.015464285388588905 0.04180389270186424 0
			vertex -0.015409847721457481 0.04135555028915405 0.003000000026077032
			vertex -0.015409847721457481 0.04135555028915405 0
		endloop
	endfacet
	facet normal 1 0 0
		outer loop
			vertex -0.015464285388588905 0.05325848236680031 0
			vertex -0.015464285388588905 0.05325848236680031 0.003000000026077032
			vertex -0.015464285388588905 0.04180389270186424 0.003000000026077032
		endloop
	endfacet
	facet normal 1 0 0
		outer loop
			vertex -0.015464285388588905 0.05325848236680031 0
			vertex -0.015464285388588905 0.04180389270186424 0.003000000026077032
			vertex -0.015464285388588905 0.04180389270186424 0
		endloop
	endfacet
	facet normal 0.9927090080143426 -0.1205355773503414 0
		outer loop
			vertex -0.015409847721457481 0.0537068210542202 0
			vertex -0.015464285388588905 0.05325848236680031 0.003000000026077032
			vertex -0.015464285388588905 0.05325848236680031 0
		endloop
	endfacet
	facet normal 0.9927090080143426 -0.1205355773503414 0
		outer loop
			vertex -0.015409847721457481 0.0537068210542202 0
			vertex -0.015409847721457481 0.0537068210542202 0.003000000026077032
			vertex -0.015464285388588905 0.05325848236680031 0.003000000026077032
		endloop
	endfacet
	facet normal 0.9350155868928048 -0.3546066162207128 0
		outer loop
			vertex -0.015249695628881454 0.05412910506129265 0
			vertex -0.015249695628881454 0.05412910506129265 0.003000000026077032
			vertex -0.015409847721457481 0.0537068210542202 0.003000000026077032
		endloop
	endfacet
	facet normal 0.9350155868928048 -0.3546066162207128 0
		outer loop
			vertex -0.015249695628881454 0.05412910506129265 0
			vertex -0.015409847721457481 0.0537068210542202 0.003000000026077032
			vertex -0.015409847721457481 0.0537068210542202 0
		endloop
	endfacet
	facet normal 0.8229839417083916 -0.5680646368945339 0
		outer loop
			vertex -0.014993138611316681 0.05450079217553139 0
			vertex -0.014993138611316681 0.05450079217553139 0.003000000026077032
			vertex -0.015249695628881454 0.05412910506129265 0.003000000026077032
		endloop
	endfacet
	facet normal 0.8229839417083916 -0.5680646368945339 0
		outer loop
			vertex -0.014993138611316681 0.05450079217553139 0
			vertex -0.015249695628881454 0.05412910506129265 0.003000000026077032
			vertex -0.015249695628881454 0.05412910506129265 0
		endloop
	endfacet
	facet normal 0.6631260026314885 -0.7485077852861541 0
		outer loop
			vertex -0.01465508621186018 0.054800283163785934 0
			vertex -0.01465508621186018 0.054800283163785934 0.003000000026077032
			vertex -0.014993138611316681 0.05450079217553139 0.003000000026077032
		endloop
	endfacet
	facet normal 0.6631260026314885 -0.7485077852861541 0
		outer loop
			vertex -0.01465508621186018 0.054800283163785934 0
			vertex -0.014993138611316681 0.05450079217553139 0.003000000026077032
			vertex -0.014993138611316681 0.05450079217553139 0
		endloop
	endfacet
	facet normal 0.4647202914223808 -0.8854575375139666 0
		outer loop
			vertex -0.014255184680223465 0.05501016601920128 0
			vertex -0.014255184680223465 0.05501016601920128 0.003000000026077032
			vertex -0.01465508621186018 0.054800283163785934 0.003000000026077032
		endloop
	endfacet
	facet normal 0.4647202914223808 -0.8854575375139666 0
		outer loop
			vertex -0.014255184680223465 0.05501016601920128 0
			vertex -0.01465508621186018 0.054800283163785934 0.003000000026077032
			vertex -0.01465508621186018 0.054800283163785934 0
		endloop
	endfacet
	facet normal 0.2393130158062036 -0.9709424702142448 0
		outer loop
			vertex -0.01381667423993349 0.055118247866630554 0
			vertex -0.01381667423993349 0.055118247866630554 0.003000000026077032
			vertex -0.014255184680223465 0.05501016601920128 0.003000000026077032
		endloop
	endfacet
	facet normal 0.2393130158062036 -0.9709424702142448 0
		outer loop
			vertex -0.01381667423993349 0.055118247866630554 0
			vertex -0.014255184680223465 0.05501016601920128 0.003000000026077032
			vertex -0.014255184680223465 0.05501016601920128 0
		endloop
	endfacet
	facet normal 0 -1 0
		outer loop
			vertex -0.01336504053324461 0.055118247866630554 0
			vertex -0.01336504053324461 0.055118247866630554 0.003000000026077032
			vertex -0.01381667423993349 0.055118247866630554 0.003000000026077032
		endloop
	endfacet
	facet normal 0 -1 0
		outer loop
			vertex -0.01336504053324461 0.055118247866630554 0
			vertex -0.01381667423993349 0.055118247866630554 0.003000000026077032
			vertex -0.01381667423993349 0.055118247866630554 0
		endloop
	endfacet
	facet normal -0.23931349495935778 -0.9709423521148604 0
		outer loop
			vertex -0.01292653102427721 0.05501016601920128 0
			vertex -0.01292653102427721 0.05501016601920128 0.003000000026077032
			vertex -0.01336504053324461 0.055118247866630554 0.003000000026077032
		endloop
	endfacet
	facet normal -0.23931349495935778 -0.9709423521148604 0
		outer loop
			vertex -0.01292653102427721 0.05501016601920128 0
			vertex -0.01336504053324461 0.055118247866630554 0.003000000026077032
			vertex -0.01336504053324461 0.055118247866630554 0
		endloop
	endfacet
	facet normal -0.4647202914223808 -0.8854575375139666 0
		outer loop
			vertex -0.012526629492640495 0.054800283163785934 0
			vertex -0.012526629492640495 0.054800283163785934 0.003000000026077032
			vertex -0.01292653102427721 0.05501016601920128 0.003000000026077032
		endloop
	endfacet
	facet normal -0.4647202914223808 -0.8854575375139666 0
		outer loop
			vertex -0.012526629492640495 0.054800283163785934 0
			vertex -0.01292653102427721 0.05501016601920128 0.003000000026077032
			vertex -0.01292653102427721 0.05501016601920128 0
		endloop
	endfacet
	facet normal -0.6631260026314885 -0.7485077852861541 0
		outer loop
			vertex -0.012188577093183994 0.05450079217553139 0
			vertex -0.012188577093183994 0.05450079217553139 0.003000000026077032
			vertex -0.012526629492640495 0.054800283163785934 0.003000000026077032
		endloop
	endfacet
	facet normal -0.6631260026314885 -0.7485077852861541 0
		outer loop
			vertex -0.012188577093183994 0.05450079217553139 0
			vertex -0.012526629492640495 0.054800283163785934 0.003000000026077032
			vertex -0.012526629492640495 0.054800283163785934 0
		endloop
	endfacet
	facet normal -0.8229839417083916 -0.5680646368945339 0
		outer loop
			vertex -0.01193202007561922 0.05412910506129265 0
			vertex -0.01193202007561922 0.05412910506129265 0.003000000026077032
			vertex -0.012188577093183994 0.05450079217553139 0.003000000026077032
		endloop
	endfacet
	facet normal -0.8229839417083916 -0.5680646368945339 0
		outer loop
			vertex -0.01193202007561922 0.05412910506129265 0
			vertex -0.012188577093183994 0.05450079217553139 0.003000000026077032
			vertex -0.012188577093183994 0.05450079217553139 0
		endloop
	endfacet
	facet normal -0.9350155868928048 -0.3546066162207128 0
		outer loop
			vertex -0.011771867983043194 0.0537068210542202 0
			vertex -0.011771867983043194 0.0537068210542202 0.003000000026077032
			vertex -0.01193202007561922 0.05412910506129265 0.003000000026077032
		endloop
	endfacet
	facet normal -0.9350155868928048 -0.3546066162207128 0
		outer loop
			vertex -0.011771867983043194 0.0537068210542202 0
			vertex -0.01193202007561922 0.05412910506129265 0.003000000026077032
			vertex -0.01193202007561922 0.05412910506129265 0
		endloop
	endfacet
	facet normal -0.9927087612646358 -0.12053760951849139 0
		outer loop
			vertex -0.011717429384589195 0.05325848236680031 0
			vertex -0.011717429384589195 0.05325848236680031 0.003000000026077032
			vertex -0.011771867983043194 0.0537068210542202 0.003000000026077032
		endloop
	endfacet
	facet normal -0.9927087612646358 -0.12053760951849139 0
		outer loop
			vertex -0.011717429384589195 0.05325848236680031 0
			vertex -0.011771867983043194 0.0537068210542202 0.003000000026077032
			vertex -0.011771867983043194 0.0537068210542202 0
		endloop
	endfacet
	facet normal 0.9927086858638191 -0.1205382304936061 0
		outer loop
			vertex 0.002764772390946746 0.0650571659207344 0
			vertex 0.0027357141952961683 0.06481785327196121 0.003000000026077032
			vertex 0.0027357141952961683 0.06481785327196121 0
		endloop
	endfacet
	facet normal 0.9927086858638191 -0.1205382304936061 0
		outer loop
			vertex 0.002764772390946746 0.0650571659207344 0
			vertex 0.002764772390946746 0.0650571659207344 0.003000000026077032
			vertex 0.0027357141952961683 0.06481785327196121 0.003000000026077032
		endloop
	endfacet
	facet normal 0.9350173699218616 -0.3546019147500545 0
		outer loop
			vertex 0.002850258257240057 0.06528257578611374 0
			vertex 0.002850258257240057 0.06528257578611374 0.003000000026077032
			vertex 0.002764772390946746 0.0650571659207344 0.003000000026077032
		endloop
	endfacet
	facet normal 0.9350173699218616 -0.3546019147500545 0
		outer loop
			vertex 0.002850258257240057 0.06528257578611374 0
			vertex 0.002764772390946746 0.0650571659207344 0.003000000026077032
			vertex 0.002764772390946746 0.0650571659207344 0
		endloop
	endfacet
	facet normal 0.8229763713091454 -0.5680756043581098 0
		outer loop
			vertex 0.0029872036539018154 0.06548096984624863 0
			vertex 0.0029872036539018154 0.06548096984624863 0.003000000026077032
			vertex 0.002850258257240057 0.06528257578611374 0.003000000026077032
		endloop
	endfacet
	facet normal 0.8229763713091454 -0.5680756043581098 0
		outer loop
			vertex 0.0029872036539018154 0.06548096984624863 0
			vertex 0.002850258257240057 0.06528257578611374 0.003000000026077032
			vertex 0.002850258257240057 0.06528257578611374 0
		endloop
	endfacet
	facet normal 0.66313669386812 -0.7484983134554543 0
		outer loop
			vertex 0.0031676494982093573 0.06564083695411682 0
			vertex 0.0031676494982093573 0.06564083695411682 0.003000000026077032
			vertex 0.0029872036539018154 0.06548096984624863 0.003000000026077032
		endloop
	endfacet
	facet normal 0.66313669386812 -0.7484983134554543 0
		outer loop
			vertex 0.0031676494982093573 0.06564083695411682 0
			vertex 0.0029872036539018154 0.06548096984624863 0.003000000026077032
			vertex 0.0029872036539018154 0.06548096984624863 0
		endloop
	endfacet
	facet normal 0.46470550317888126 -0.8854652987640245 0
		outer loop
			vertex 0.003381109330803156 0.06575286388397217 0
			vertex 0.003381109330803156 0.06575286388397217 0.003000000026077032
			vertex 0.0031676494982093573 0.06564083695411682 0.003000000026077032
		endloop
	endfacet
	facet normal 0.46470550317888126 -0.8854652987640245 0
		outer loop
			vertex 0.003381109330803156 0.06575286388397217 0
			vertex 0.0031676494982093573 0.06564083695411682 0.003000000026077032
			vertex 0.0031676494982093573 0.06564083695411682 0
		endloop
	endfacet
	facet normal 0.23933374716132685 -0.9709373602193491 0
		outer loop
			vertex 0.0036151777021586895 0.06581056118011475 0
			vertex 0.0036151777021586895 0.06581056118011475 0.003000000026077032
			vertex 0.003381109330803156 0.06575286388397217 0.003000000026077032
		endloop
	endfacet
	facet normal 0.23933374716132685 -0.9709373602193491 0
		outer loop
			vertex 0.0036151777021586895 0.06581056118011475 0
			vertex 0.003381109330803156 0.06575286388397217 0.003000000026077032
			vertex 0.003381109330803156 0.06575286388397217 0
		endloop
	endfacet
	facet normal 0 -1 0
		outer loop
			vertex 0.0038562510162591934 0.06581056118011475 0
			vertex 0.0038562510162591934 0.06581056118011475 0.003000000026077032
			vertex 0.0036151777021586895 0.06581056118011475 0.003000000026077032
		endloop
	endfacet
	facet normal 0 -1 0
		outer loop
			vertex 0.0038562510162591934 0.06581056118011475 0
			vertex 0.0036151777021586895 0.06581056118011475 0.003000000026077032
			vertex 0.0036151777021586895 0.06581056118011475 0
		endloop
	endfacet
	facet normal -0.23933374716132685 -0.9709373602193491 0
		outer loop
			vertex 0.004090319387614727 0.06575286388397217 0
			vertex 0.004090319387614727 0.06575286388397217 0.003000000026077032
			vertex 0.0038562510162591934 0.06581056118011475 0.003000000026077032
		endloop
	endfacet
	facet normal -0.23933374716132685 -0.9709373602193491 0
		outer loop
			vertex 0.004090319387614727 0.06575286388397217 0
			vertex 0.0038562510162591934 0.06581056118011475 0.003000000026077032
			vertex 0.0038562510162591934 0.06581056118011475 0
		endloop
	endfacet
	facet normal -0.4647059005947477 -0.885465090194088 0
		outer loop
			vertex 0.004303778987377882 0.06564083695411682 0
			vertex 0.004303778987377882 0.06564083695411682 0.003000000026077032
			vertex 0.004090319387614727 0.06575286388397217 0.003000000026077032
		endloop
	endfacet
	facet normal -0.4647059005947477 -0.885465090194088 0
		outer loop
			vertex 0.004303778987377882 0.06564083695411682 0
			vertex 0.004090319387614727 0.06575286388397217 0.003000000026077032
			vertex 0.004090319387614727 0.06575286388397217 0
		endloop
	endfacet
	facet normal -0.6631362144904774 -0.748498738162757 0
		outer loop
			vertex 0.0044842250645160675 0.06548096984624863 0
			vertex 0.0044842250645160675 0.06548096984624863 0.003000000026077032
			vertex 0.004303778987377882 0.06564083695411682 0.003000000026077032
		endloop
	endfacet
	facet normal -0.6631362144904774 -0.748498738162757 0
		outer loop
			vertex 0.0044842250645160675 0.06548096984624863 0
			vertex 0.004303778987377882 0.06564083695411682 0.003000000026077032
			vertex 0.004303778987377882 0.06564083695411682 0
		endloop
	endfacet
	facet normal -0.8229763713091454 -0.5680756043581098 0
		outer loop
			vertex 0.004621170461177826 0.06528257578611374 0
			vertex 0.004621170461177826 0.06528257578611374 0.003000000026077032
			vertex 0.0044842250645160675 0.06548096984624863 0.003000000026077032
		endloop
	endfacet
	facet normal -0.8229763713091454 -0.5680756043581098 0
		outer loop
			vertex 0.004621170461177826 0.06528257578611374 0
			vertex 0.0044842250645160675 0.06548096984624863 0.003000000026077032
			vertex 0.0044842250645160675 0.06548096984624863 0
		endloop
	endfacet
	facet normal -0.9350176901410001 -0.35460107039233374 0
		outer loop
			vertex 0.004706656094640493 0.0650571659207344 0
			vertex 0.004706656094640493 0.0650571659207344 0.003000000026077032
			vertex 0.004621170461177826 0.06528257578611374 0.003000000026077032
		endloop
	endfacet
	facet normal -0.9350176901410001 -0.35460107039233374 0
		outer loop
			vertex 0.004706656094640493 0.0650571659207344 0
			vertex 0.004621170461177826 0.06528257578611374 0.003000000026077032
			vertex 0.004621170461177826 0.06528257578611374 0
		endloop
	endfacet
	facet normal -0.9927086858638191 -0.1205382304936061 0
		outer loop
			vertex 0.004735714290291071 0.06481785327196121 0
			vertex 0.004735714290291071 0.06481785327196121 0.003000000026077032
			vertex 0.004706656094640493 0.0650571659207344 0.003000000026077032
		endloop
	endfacet
	facet normal -0.9927086858638191 -0.1205382304936061 0
		outer loop
			vertex 0.004735714290291071 0.06481785327196121 0
			vertex 0.004706656094640493 0.0650571659207344 0.003000000026077032
			vertex 0.004706656094640493 0.0650571659207344 0
		endloop
	endfacet
	facet normal 0 1 0
		outer loop
			vertex -0.0014642857713624835 0.09254464507102966 0.003000000026077032
			vertex -0.0014642857713624835 0.09254464507102966 0
			vertex -0.03346428647637367 0.09254464507102966 0
		endloop
	endfacet
	facet normal 0 1 0
		outer loop
			vertex -0.0014642857713624835 0.09254464507102966 0.003000000026077032
			vertex -0.03346428647637367 0.09254464507102966 0
			vertex -0.03346428647637367 0.09254464507102966 0.003000000026077032
		endloop
	endfacet
	facet normal 0.9927091348944029 -0.12053453238473376 0
		outer loop
			vertex 0.002764772390946746 0.0828571692109108 0
			vertex 0.0027357141952961683 0.082617849111557 0.003000000026077032
			vertex 0.0027357141952961683 0.082617849111557 0
		endloop
	endfacet
	facet normal 0.9927091348944029 -0.12053453238473376 0
		outer loop
			vertex 0.002764772390946746 0.0828571692109108 0
			vertex 0.002764772390946746 0.0828571692109108 0.003000000026077032
			vertex 0.0027357141952961683 0.082617849111557 0.003000000026077032
		endloop
	endfacet
	facet normal 0.9350134836081562 -0.35461216204600265 0
		outer loop
			vertex 0.002850258257240057 0.08308257162570953 0
			vertex 0.002850258257240057 0.08308257162570953 0.003000000026077032
			vertex 0.002764772390946746 0.0828571692109108 0.003000000026077032
		endloop
	endfacet
	facet normal 0.9350134836081562 -0.35461216204600265 0
		outer loop
			vertex 0.002850258257240057 0.08308257162570953 0
			vertex 0.002764772390946746 0.0828571692109108 0.003000000026077032
			vertex 0.002764772390946746 0.0828571692109108 0
		endloop
	endfacet
	facet normal 0.8229863447387565 -0.5680611554872775 0
		outer loop
			vertex 0.0029872036539018154 0.08328097313642502 0
			vertex 0.0029872036539018154 0.08328097313642502 0.003000000026077032
			vertex 0.002850258257240057 0.08308257162570953 0.003000000026077032
		endloop
	endfacet
	facet normal 0.8229863447387565 -0.5680611554872775 0
		outer loop
			vertex 0.0029872036539018154 0.08328097313642502 0
			vertex 0.002850258257240057 0.08308257162570953 0.003000000026077032
			vertex 0.002850258257240057 0.08308257162570953 0
		endloop
	endfacet
	facet normal 0.6631193786063412 -0.7485136536608668 0
		outer loop
			vertex 0.0031676494982093573 0.08344083279371262 0
			vertex 0.0031676494982093573 0.08344083279371262 0.003000000026077032
			vertex 0.0029872036539018154 0.08328097313642502 0.003000000026077032
		endloop
	endfacet
	facet normal 0.6631193786063412 -0.7485136536608668 0
		outer loop
			vertex 0.0031676494982093573 0.08344083279371262 0
			vertex 0.0029872036539018154 0.08328097313642502 0.003000000026077032
			vertex 0.0029872036539018154 0.08328097313642502 0
		endloop
	endfacet
	facet normal 0.4647297346194622 -0.8854525813167662 0
		outer loop
			vertex 0.003381109330803156 0.08355286717414856 0
			vertex 0.003381109330803156 0.08355286717414856 0.003000000026077032
			vertex 0.0031676494982093573 0.08344083279371262 0.003000000026077032
		endloop
	endfacet
	facet normal 0.4647297346194622 -0.8854525813167662 0
		outer loop
			vertex 0.003381109330803156 0.08355286717414856 0
			vertex 0.0031676494982093573 0.08344083279371262 0.003000000026077032
			vertex 0.0031676494982093573 0.08344083279371262 0
		endloop
	endfacet
	facet normal 0.23930461143565412 -0.9709445416426372 0
		outer loop
			vertex 0.0036151777021586895 0.08361055701971054 0
			vertex 0.0036151777021586895 0.08361055701971054 0.003000000026077032
			vertex 0.003381109330803156 0.08355286717414856 0.003000000026077032
		endloop
	endfacet
	facet normal 0.23930461143565412 -0.9709445416426372 0
		outer loop
			vertex 0.0036151777021586895 0.08361055701971054 0
			vertex 0.003381109330803156 0.08355286717414856 0.003000000026077032
			vertex 0.003381109330803156 0.08355286717414856 0
		endloop
	endfacet
	facet normal 0 -1 0
		outer loop
			vertex 0.0038562510162591934 0.08361055701971054 0
			vertex 0.0038562510162591934 0.08361055701971054 0.003000000026077032
			vertex 0.0036151777021586895 0.08361055701971054 0.003000000026077032
		endloop
	endfacet
	facet normal 0 -1 0
		outer loop
			vertex 0.0038562510162591934 0.08361055701971054 0
			vertex 0.0036151777021586895 0.08361055701971054 0.003000000026077032
			vertex 0.0036151777021586895 0.08361055701971054 0
		endloop
	endfacet
	facet normal -0.23930461143565412 -0.9709445416426372 0
		outer loop
			vertex 0.004090319387614727 0.08355286717414856 0
			vertex 0.004090319387614727 0.08355286717414856 0.003000000026077032
			vertex 0.0038562510162591934 0.08361055701971054 0.003000000026077032
		endloop
	endfacet
	facet normal -0.23930461143565412 -0.9709445416426372 0
		outer loop
			vertex 0.004090319387614727 0.08355286717414856 0
			vertex 0.0038562510162591934 0.08361055701971054 0.003000000026077032
			vertex 0.0038562510162591934 0.08361055701971054 0
		endloop
	endfacet
	facet normal -0.4647301320446351 -0.885452372728074 0
		outer loop
			vertex 0.004303778987377882 0.08344083279371262 0
			vertex 0.004303778987377882 0.08344083279371262 0.003000000026077032
			vertex 0.004090319387614727 0.08355286717414856 0.003000000026077032
		endloop
	endfacet
	facet normal -0.4647301320446351 -0.885452372728074 0
		outer loop
			vertex 0.004303778987377882 0.08344083279371262 0
			vertex 0.004090319387614727 0.08355286717414856 0.003000000026077032
			vertex 0.004090319387614727 0.08355286717414856 0
		endloop
	endfacet
	facet normal -0.6631188992215667 -0.7485140783546945 0
		outer loop
			vertex 0.0044842250645160675 0.08328097313642502 0
			vertex 0.0044842250645160675 0.08328097313642502 0.003000000026077032
			vertex 0.004303778987377882 0.08344083279371262 0.003000000026077032
		endloop
	endfacet
	facet normal -0.6631188992215667 -0.7485140783546945 0
		outer loop
			vertex 0.0044842250645160675 0.08328097313642502 0
			vertex 0.004303778987377882 0.08344083279371262 0.003000000026077032
			vertex 0.004303778987377882 0.08344083279371262 0
		endloop
	endfacet
	facet normal -0.8229863447387565 -0.5680611554872775 0
		outer loop
			vertex 0.004621170461177826 0.08308257162570953 0
			vertex 0.004621170461177826 0.08308257162570953 0.003000000026077032
			vertex 0.0044842250645160675 0.08328097313642502 0.003000000026077032
		endloop
	endfacet
	facet normal -0.8229863447387565 -0.5680611554872775 0
		outer loop
			vertex 0.004621170461177826 0.08308257162570953 0
			vertex 0.0044842250645160675 0.08328097313642502 0.003000000026077032
			vertex 0.0044842250645160675 0.08328097313642502 0
		endloop
	endfacet
	facet normal -0.9350138038444714 -0.3546113176709008 0
		outer loop
			vertex 0.004706656094640493 0.0828571692109108 0
			vertex 0.004706656094640493 0.0828571692109108 0.003000000026077032
			vertex 0.004621170461177826 0.08308257162570953 0.003000000026077032
		endloop
	endfacet
	facet normal -0.9350138038444714 -0.3546113176709008 0
		outer loop
			vertex 0.004706656094640493 0.0828571692109108 0
			vertex 0.004621170461177826 0.08308257162570953 0.003000000026077032
			vertex 0.004621170461177826 0.08308257162570953 0
		endloop
	endfacet
	facet normal -0.9927091348944029 -0.12053453238473376 0
		outer loop
			vertex 0.004735714290291071 0.082617849111557 0
			vertex 0.004735714290291071 0.082617849111557 0.003000000026077032
			vertex 0.004706656094640493 0.0828571692109108 0.003000000026077032
		endloop
	endfacet
	facet normal -0.9927091348944029 -0.12053453238473376 0
		outer loop
			vertex 0.004735714290291071 0.082617849111557 0
			vertex 0.004706656094640493 0.0828571692109108 0.003000000026077032
			vertex 0.004706656094640493 0.0828571692109108 0
		endloop
	endfacet
	facet normal 0.9927072989669914 -0.12054965191845424 0
		outer loop
			vertex -0.039635226130485535 0.0650571659207344 0
			vertex -0.039664287120103836 0.06481785327196121 0.003000000026077032
			vertex -0.039664287120103836 0.06481785327196121 0
		endloop
	endfacet
	facet normal 0.9927072989669914 -0.12054965191845424 0
		outer loop
			vertex -0.039635226130485535 0.0650571659207344 0
			vertex -0.039635226130485535 0.0650571659207344 0.003000000026077032
			vertex -0.039664287120103836 0.06481785327196121 0.003000000026077032
		endloop
	endfacet
	facet normal 0.9350196114444252 -0.3545960042277918 0
		outer loop
			vertex -0.03954974189400673 0.06528257578611374 0
			vertex -0.03954974189400673 0.06528257578611374 0.003000000026077032
			vertex -0.039635226130485535 0.0650571659207344 0.003000000026077032
		endloop
	endfacet
	facet normal 0.9350196114444252 -0.3545960042277918 0
		outer loop
			vertex -0.03954974189400673 0.06528257578611374 0
			vertex -0.039635226130485535 0.0650571659207344 0.003000000026077032
			vertex -0.039635226130485535 0.0650571659207344 0
		endloop
	endfacet
	facet normal 0.8229763713091454 -0.5680756043581098 0
		outer loop
			vertex -0.03941279649734497 0.06548096984624863 0
			vertex -0.03941279649734497 0.06548096984624863 0.003000000026077032
			vertex -0.03954974189400673 0.06528257578611374 0.003000000026077032
		endloop
	endfacet
	facet normal 0.8229763713091454 -0.5680756043581098 0
		outer loop
			vertex -0.03941279649734497 0.06548096984624863 0
			vertex -0.03954974189400673 0.06528257578611374 0.003000000026077032
			vertex -0.03954974189400673 0.06528257578611374 0
		endloop
	endfacet
	facet normal 0.6631371732461836 -0.7484978887472302 0
		outer loop
			vertex -0.03923235088586807 0.06564083695411682 0
			vertex -0.03923235088586807 0.06564083695411682 0.003000000026077032
			vertex -0.03941279649734497 0.06548096984624863 0.003000000026077032
		endloop
	endfacet
	facet normal 0.6631371732461836 -0.7484978887472302 0
		outer loop
			vertex -0.03923235088586807 0.06564083695411682 0
			vertex -0.03941279649734497 0.06548096984624863 0.003000000026077032
			vertex -0.03941279649734497 0.06548096984624863 0
		endloop
	endfacet
	facet normal 0.46470669542823906 -0.8854646730526103 0
		outer loop
			vertex -0.039018891751766205 0.06575286388397217 0
			vertex -0.039018891751766205 0.06575286388397217 0.003000000026077032
			vertex -0.03923235088586807 0.06564083695411682 0.003000000026077032
		endloop
	endfacet
	facet normal 0.46470669542823906 -0.8854646730526103 0
		outer loop
			vertex -0.039018891751766205 0.06575286388397217 0
			vertex -0.03923235088586807 0.06564083695411682 0.003000000026077032
			vertex -0.03923235088586807 0.06564083695411682 0
		endloop
	endfacet
	facet normal 0.23933105401296842 -0.9709380240700441 0
		outer loop
			vertex -0.03878482058644295 0.06581056118011475 0
			vertex -0.03878482058644295 0.06581056118011475 0.003000000026077032
			vertex -0.039018891751766205 0.06575286388397217 0.003000000026077032
		endloop
	endfacet
	facet normal 0.23933105401296842 -0.9709380240700441 0
		outer loop
			vertex -0.03878482058644295 0.06581056118011475 0
			vertex -0.039018891751766205 0.06575286388397217 0.003000000026077032
			vertex -0.039018891751766205 0.06575286388397217 0
		endloop
	endfacet
	facet normal 0 -1 0
		outer loop
			vertex -0.03854374960064888 0.06581056118011475 0
			vertex -0.03854374960064888 0.06581056118011475 0.003000000026077032
			vertex -0.03878482058644295 0.06581056118011475 0.003000000026077032
		endloop
	endfacet
	facet normal 0 -1 0
		outer loop
			vertex -0.03854374960064888 0.06581056118011475 0
			vertex -0.03878482058644295 0.06581056118011475 0.003000000026077032
			vertex -0.03878482058644295 0.06581056118011475 0
		endloop
	endfacet
	facet normal -0.2393346448905063 -0.970937138930804 0
		outer loop
			vertex -0.03830968216061592 0.06575286388397217 0
			vertex -0.03830968216061592 0.06575286388397217 0.003000000026077032
			vertex -0.03854374960064888 0.06581056118011475 0.003000000026077032
		endloop
	endfacet
	facet normal -0.2393346448905063 -0.970937138930804 0
		outer loop
			vertex -0.03830968216061592 0.06575286388397217 0
			vertex -0.03854374960064888 0.06581056118011475 0.003000000026077032
			vertex -0.03854374960064888 0.06581056118011475 0
		endloop
	endfacet
	facet normal -0.46470033682595446 -0.8854680101245018 0
		outer loop
			vertex -0.038096219301223755 0.06564083695411682 0
			vertex -0.038096219301223755 0.06564083695411682 0.003000000026077032
			vertex -0.03830968216061592 0.06575286388397217 0.003000000026077032
		endloop
	endfacet
	facet normal -0.46470033682595446 -0.8854680101245018 0
		outer loop
			vertex -0.038096219301223755 0.06564083695411682 0
			vertex -0.03830968216061592 0.06575286388397217 0.003000000026077032
			vertex -0.03830968216061592 0.06575286388397217 0
		endloop
	endfacet
	facet normal -0.6631371732461836 -0.7484978887472302 0
		outer loop
			vertex -0.03791577368974686 0.06548096984624863 0
			vertex -0.03791577368974686 0.06548096984624863 0.003000000026077032
			vertex -0.038096219301223755 0.06564083695411682 0.003000000026077032
		endloop
	endfacet
	facet normal -0.6631371732461836 -0.7484978887472302 0
		outer loop
			vertex -0.03791577368974686 0.06548096984624863 0
			vertex -0.038096219301223755 0.06564083695411682 0.003000000026077032
			vertex -0.038096219301223755 0.06564083695411682 0
		endloop
	endfacet
	facet normal -0.8229763713091454 -0.5680756043581098 0
		outer loop
			vertex -0.0377788282930851 0.06528257578611374 0
			vertex -0.0377788282930851 0.06528257578611374 0.003000000026077032
			vertex -0.03791577368974686 0.06548096984624863 0.003000000026077032
		endloop
	endfacet
	facet normal -0.8229763713091454 -0.5680756043581098 0
		outer loop
			vertex -0.0377788282930851 0.06528257578611374 0
			vertex -0.03791577368974686 0.06548096984624863 0.003000000026077032
			vertex -0.03791577368974686 0.06548096984624863 0
		endloop
	endfacet
	facet normal -0.9350196114444252 -0.3545960042277918 0
		outer loop
			vertex -0.03769334405660629 0.0650571659207344 0
			vertex -0.03769334405660629 0.0650571659207344 0.003000000026077032
			vertex -0.0377788282930851 0.06528257578611374 0.003000000026077032
		endloop
	endfacet
	facet normal -0.9350196114444252 -0.3545960042277918 0
		outer loop
			vertex -0.03769334405660629 0.0650571659207344 0
			vertex -0.0377788282930851 0.06528257578611374 0.003000000026077032
			vertex -0.0377788282930851 0.06528257578611374 0
		endloop
	endfacet
	facet normal -0.9927091481344209 -0.12053442334135248 0
		outer loop
			vertex -0.03766428679227829 0.06481785327196121 0
			vertex -0.03766428679227829 0.06481785327196121 0.003000000026077032
			vertex -0.03769334405660629 0.0650571659207344 0.003000000026077032
		endloop
	endfacet
	facet normal -0.9927091481344209 -0.12053442334135248 0
		outer loop
			vertex -0.03766428679227829 0.06481785327196121 0
			vertex -0.03769334405660629 0.0650571659207344 0.003000000026077032
			vertex -0.03769334405660629 0.0650571659207344 0
		endloop
	endfacet
	facet normal 0.9927077480820464 -0.12054595346950663 0
		outer loop
			vertex -0.039635226130485535 0.0828571692109108 0
			vertex -0.039664287120103836 0.082617849111557 0.003000000026077032
			vertex -0.039664287120103836 0.082617849111557 0
		endloop
	endfacet
	facet normal 0.9927077480820464 -0.12054595346950663 0
		outer loop
			vertex -0.039635226130485535 0.0828571692109108 0
			vertex -0.039635226130485535 0.0828571692109108 0.003000000026077032
			vertex -0.039664287120103836 0.082617849111557 0.003000000026077032
		endloop
	endfacet
	facet normal 0.9350157252509562 -0.35460625140207075 0
		outer loop
			vertex -0.03954974189400673 0.08308257162570953 0
			vertex -0.03954974189400673 0.08308257162570953 0.003000000026077032
			vertex -0.039635226130485535 0.0828571692109108 0.003000000026077032
		endloop
	endfacet
	facet normal 0.9350157252509562 -0.35460625140207075 0
		outer loop
			vertex -0.03954974189400673 0.08308257162570953 0
			vertex -0.039635226130485535 0.0828571692109108 0.003000000026077032
			vertex -0.039635226130485535 0.0828571692109108 0
		endloop
	endfacet
	facet normal 0.8229863447387565 -0.5680611554872775 0
		outer loop
			vertex -0.03941279649734497 0.08328097313642502 0
			vertex -0.03941279649734497 0.08328097313642502 0.003000000026077032
			vertex -0.03954974189400673 0.08308257162570953 0.003000000026077032
		endloop
	endfacet
	facet normal 0.8229863447387565 -0.5680611554872775 0
		outer loop
			vertex -0.03941279649734497 0.08328097313642502 0
			vertex -0.03954974189400673 0.08308257162570953 0.003000000026077032
			vertex -0.03954974189400673 0.08308257162570953 0
		endloop
	endfacet
	facet normal 0.6631198579915368 -0.748513228966118 0
		outer loop
			vertex -0.03923235088586807 0.08344083279371262 0
			vertex -0.03923235088586807 0.08344083279371262 0.003000000026077032
			vertex -0.03941279649734497 0.08328097313642502 0.003000000026077032
		endloop
	endfacet
	facet normal 0.6631198579915368 -0.748513228966118 0
		outer loop
			vertex -0.03923235088586807 0.08344083279371262 0
			vertex -0.03941279649734497 0.08328097313642502 0.003000000026077032
			vertex -0.03941279649734497 0.08328097313642502 0
		endloop
	endfacet
	facet normal 0.4647309268967393 -0.8854519555490843 0
		outer loop
			vertex -0.039018891751766205 0.08355286717414856 0
			vertex -0.039018891751766205 0.08355286717414856 0.003000000026077032
			vertex -0.03923235088586807 0.08344083279371262 0.003000000026077032
		endloop
	endfacet
	facet normal 0.4647309268967393 -0.8854519555490843 0
		outer loop
			vertex -0.039018891751766205 0.08355286717414856 0
			vertex -0.03923235088586807 0.08344083279371262 0.003000000026077032
			vertex -0.03923235088586807 0.08344083279371262 0
		endloop
	endfacet
	facet normal 0.2393019185753172 -0.9709452053366205 0
		outer loop
			vertex -0.03878482058644295 0.08361055701971054 0
			vertex -0.03878482058644295 0.08361055701971054 0.003000000026077032
			vertex -0.039018891751766205 0.08355286717414856 0.003000000026077032
		endloop
	endfacet
	facet normal 0.2393019185753172 -0.9709452053366205 0
		outer loop
			vertex -0.03878482058644295 0.08361055701971054 0
			vertex -0.039018891751766205 0.08355286717414856 0.003000000026077032
			vertex -0.039018891751766205 0.08355286717414856 0
		endloop
	endfacet
	facet normal 0 -1 0
		outer loop
			vertex -0.03854374960064888 0.08361055701971054 0
			vertex -0.03854374960064888 0.08361055701971054 0.003000000026077032
			vertex -0.03878482058644295 0.08361055701971054 0.003000000026077032
		endloop
	endfacet
	facet normal 0 -1 0
		outer loop
			vertex -0.03854374960064888 0.08361055701971054 0
			vertex -0.03878482058644295 0.08361055701971054 0.003000000026077032
			vertex -0.03878482058644295 0.08361055701971054 0
		endloop
	endfacet
	facet normal -0.2393055090688253 -0.9709443204063304 0
		outer loop
			vertex -0.03830968216061592 0.08355286717414856 0
			vertex -0.03830968216061592 0.08355286717414856 0.003000000026077032
			vertex -0.03854374960064888 0.08361055701971054 0.003000000026077032
		endloop
	endfacet
	facet normal -0.2393055090688253 -0.9709443204063304 0
		outer loop
			vertex -0.03830968216061592 0.08355286717414856 0
			vertex -0.03854374960064888 0.08361055701971054 0.003000000026077032
			vertex -0.03854374960064888 0.08361055701971054 0
		endloop
	endfacet
	facet normal -0.46472456814554997 -0.8854552929210667 0
		outer loop
			vertex -0.038096219301223755 0.08344083279371262 0
			vertex -0.038096219301223755 0.08344083279371262 0.003000000026077032
			vertex -0.03830968216061592 0.08355286717414856 0.003000000026077032
		endloop
	endfacet
	facet normal -0.46472456814554997 -0.8854552929210667 0
		outer loop
			vertex -0.038096219301223755 0.08344083279371262 0
			vertex -0.03830968216061592 0.08355286717414856 0.003000000026077032
			vertex -0.03830968216061592 0.08355286717414856 0
		endloop
	endfacet
	facet normal -0.6631198579915368 -0.748513228966118 0
		outer loop
			vertex -0.03791577368974686 0.08328097313642502 0
			vertex -0.03791577368974686 0.08328097313642502 0.003000000026077032
			vertex -0.038096219301223755 0.08344083279371262 0.003000000026077032
		endloop
	endfacet
	facet normal -0.6631198579915368 -0.748513228966118 0
		outer loop
			vertex -0.03791577368974686 0.08328097313642502 0
			vertex -0.038096219301223755 0.08344083279371262 0.003000000026077032
			vertex -0.038096219301223755 0.08344083279371262 0
		endloop
	endfacet
	facet normal -0.8229863447387565 -0.5680611554872775 0
		outer loop
			vertex -0.0377788282930851 0.08308257162570953 0
			vertex -0.0377788282930851 0.08308257162570953 0.003000000026077032
			vertex -0.03791577368974686 0.08328097313642502 0.003000000026077032
		endloop
	endfacet
	facet normal -0.8229863447387565 -0.5680611554872775 0
		outer loop
			vertex -0.0377788282930851 0.08308257162570953 0
			vertex -0.03791577368974686 0.08328097313642502 0.003000000026077032
			vertex -0.03791577368974686 0.08328097313642502 0
		endloop
	endfacet
	facet normal -0.9350157252509562 -0.35460625140207075 0
		outer loop
			vertex -0.03769334405660629 0.0828571692109108 0
			vertex -0.03769334405660629 0.0828571692109108 0.003000000026077032
			vertex -0.0377788282930851 0.08308257162570953 0.003000000026077032
		endloop
	endfacet
	facet normal -0.9350157252509562 -0.35460625140207075 0
		outer loop
			vertex -0.03769334405660629 0.0828571692109108 0
			vertex -0.0377788282930851 0.08308257162570953 0.003000000026077032
			vertex -0.0377788282930851 0.08308257162570953 0
		endloop
	endfacet
	facet normal -0.9927095971368494 -0.12053072534583956 0
		outer loop
			vertex -0.03766428679227829 0.082617849111557 0
			vertex -0.03766428679227829 0.082617849111557 0.003000000026077032
			vertex -0.03769334405660629 0.0828571692109108 0.003000000026077032
		endloop
	endfacet
	facet normal -0.9927095971368494 -0.12053072534583956 0
		outer loop
			vertex -0.03766428679227829 0.082617849111557 0
			vertex -0.03769334405660629 0.0828571692109108 0.003000000026077032
			vertex -0.03769334405660629 0.0828571692109108 0
		endloop
	endfacet
	facet normal 0.9855354257044819 -0.16946953909622087 0
		outer loop
			vertex -0.024242017418146133 0.08033464103937149 0
			vertex -0.024437256157398224 0.07919924706220627 0.003000000026077032
			vertex -0.024437256157398224 0.07919924706220627 0
		endloop
	endfacet
	facet normal 0.9855354257044819 -0.16946953909622087 0
		outer loop
			vertex -0.024242017418146133 0.08033464103937149 0
			vertex -0.024242017418146133 0.08033464103937149 0.003000000026077032
			vertex -0.024437256157398224 0.07919924706220627 0.003000000026077032
		endloop
	endfacet
	facet normal 0.944391898582876 -0.32882205201450687 0
		outer loop
			vertex -0.02386319823563099 0.08142262697219849 0
			vertex -0.02386319823563099 0.08142262697219849 0.003000000026077032
			vertex -0.024242017418146133 0.08033464103937149 0.003000000026077032
		endloop
	endfacet
	facet normal 0.944391898582876 -0.32882205201450687 0
		outer loop
			vertex -0.02386319823563099 0.08142262697219849 0
			vertex -0.024242017418146133 0.08033464103937149 0.003000000026077032
			vertex -0.024242017418146133 0.08033464103937149 0
		endloop
	endfacet
	facet normal 0.8776674727295875 -0.479270077631036 0
		outer loop
			vertex -0.023311054334044456 0.08243374526500702 0
			vertex -0.023311054334044456 0.08243374526500702 0.003000000026077032
			vertex -0.02386319823563099 0.08142262697219849 0.003000000026077032
		endloop
	endfacet
	facet normal 0.8776674727295875 -0.479270077631036 0
		outer loop
			vertex -0.023311054334044456 0.08243374526500702 0
			vertex -0.02386319823563099 0.08142262697219849 0.003000000026077032
			vertex -0.02386319823563099 0.08142262697219849 0
		endloop
	endfacet
	facet normal 0.7871731611422996 -0.6167320442276689 0
		outer loop
			vertex -0.02260054275393486 0.0833406150341034 0
			vertex -0.02260054275393486 0.0833406150341034 0.003000000026077032
			vertex -0.023311054334044456 0.08243374526500702 0.003000000026077032
		endloop
	endfacet
	facet normal 0.7871731611422996 -0.6167320442276689 0
		outer loop
			vertex -0.02260054275393486 0.0833406150341034 0
			vertex -0.023311054334044456 0.08243374526500702 0.003000000026077032
			vertex -0.023311054334044456 0.08243374526500702 0
		endloop
	endfacet
	facet normal 0.6753536411237326 -0.737494040261287 0
		outer loop
			vertex -0.021750912070274353 0.08411865681409836 0
			vertex -0.021750912070274353 0.08411865681409836 0.003000000026077032
			vertex -0.02260054275393486 0.0833406150341034 0.003000000026077032
		endloop
	endfacet
	facet normal 0.6753536411237326 -0.737494040261287 0
		outer loop
			vertex -0.021750912070274353 0.08411865681409836 0
			vertex -0.02260054275393486 0.0833406150341034 0.003000000026077032
			vertex -0.02260054275393486 0.0833406150341034 0
		endloop
	endfacet
	facet normal 0.545239116024006 -0.8382805654179041 0
		outer loop
			vertex -0.020785169675946236 0.08474680036306381 0
			vertex -0.020785169675946236 0.08474680036306381 0.003000000026077032
			vertex -0.021750912070274353 0.08411865681409836 0.003000000026077032
		endloop
	endfacet
	facet normal 0.545239116024006 -0.8382805654179041 0
		outer loop
			vertex -0.020785169675946236 0.08474680036306381 0
			vertex -0.021750912070274353 0.08411865681409836 0.003000000026077032
			vertex -0.021750912070274353 0.08411865681409836 0
		endloop
	endfacet
	facet normal 0.400365698486018 -0.9163554482163585 0
		outer loop
			vertex -0.019729478284716606 0.08520804345607758 0
			vertex -0.019729478284716606 0.08520804345607758 0.003000000026077032
			vertex -0.020785169675946236 0.08474680036306381 0.003000000026077032
		endloop
	endfacet
	facet normal 0.400365698486018 -0.9163554482163585 0
		outer loop
			vertex -0.019729478284716606 0.08520804345607758 0
			vertex -0.020785169675946236 0.08474680036306381 0.003000000026077032
			vertex -0.020785169675946236 0.08474680036306381 0
		endloop
	endfacet
	facet normal 0.24464184383152893 -0.9696135148845182 0
		outer loop
			vertex -0.01861243136227131 0.08548988401889801 0
			vertex -0.01861243136227131 0.08548988401889801 0.003000000026077032
			vertex -0.019729478284716606 0.08520804345607758 0.003000000026077032
		endloop
	endfacet
	facet normal 0.24464184383152893 -0.9696135148845182 0
		outer loop
			vertex -0.01861243136227131 0.08548988401889801 0
			vertex -0.019729478284716606 0.08520804345607758 0.003000000026077032
			vertex -0.019729478284716606 0.08520804345607758 0
		endloop
	endfacet
	facet normal 0.0822889248268384 -0.9966085153413264 0
		outer loop
			vertex -0.01746428571641445 0.08558468520641327 0
			vertex -0.01746428571641445 0.08558468520641327 0.003000000026077032
			vertex -0.01861243136227131 0.08548988401889801 0.003000000026077032
		endloop
	endfacet
	facet normal 0.0822889248268384 -0.9966085153413264 0
		outer loop
			vertex -0.01746428571641445 0.08558468520641327 0
			vertex -0.01861243136227131 0.08548988401889801 0.003000000026077032
			vertex -0.01861243136227131 0.08548988401889801 0
		endloop
	endfacet
	facet normal -0.0822889248268384 -0.9966085153413264 0
		outer loop
			vertex -0.016316140070557594 0.08548988401889801 0
			vertex -0.016316140070557594 0.08548988401889801 0.003000000026077032
			vertex -0.01746428571641445 0.08558468520641327 0.003000000026077032
		endloop
	endfacet
	facet normal -0.0822889248268384 -0.9966085153413264 0
		outer loop
			vertex -0.016316140070557594 0.08548988401889801 0
			vertex -0.01746428571641445 0.08558468520641327 0.003000000026077032
			vertex -0.01746428571641445 0.08558468520641327 0
		endloop
	endfacet
	facet normal -0.24464184383152893 -0.9696135148845182 0
		outer loop
			vertex -0.015199093148112297 0.08520804345607758 0
			vertex -0.015199093148112297 0.08520804345607758 0.003000000026077032
			vertex -0.016316140070557594 0.08548988401889801 0.003000000026077032
		endloop
	endfacet
	facet normal -0.24464184383152893 -0.9696135148845182 0
		outer loop
			vertex -0.015199093148112297 0.08520804345607758 0
			vertex -0.016316140070557594 0.08548988401889801 0.003000000026077032
			vertex -0.016316140070557594 0.08548988401889801 0
		endloop
	endfacet
	facet normal -0.400365698486018 -0.9163554482163585 0
		outer loop
			vertex -0.014143401756882668 0.08474680036306381 0
			vertex -0.014143401756882668 0.08474680036306381 0.003000000026077032
			vertex -0.015199093148112297 0.08520804345607758 0.003000000026077032
		endloop
	endfacet
	facet normal -0.400365698486018 -0.9163554482163585 0
		outer loop
			vertex -0.014143401756882668 0.08474680036306381 0
			vertex -0.015199093148112297 0.08520804345607758 0.003000000026077032
			vertex -0.015199093148112297 0.08520804345607758 0
		endloop
	endfacet
	facet normal -0.5452394855158581 -0.8382803250908389 0
		outer loop
			vertex -0.013177660293877125 0.08411865681409836 0
			vertex -0.013177660293877125 0.08411865681409836 0.003000000026077032
			vertex -0.014143401756882668 0.08474680036306381 0.003000000026077032
		endloop
	endfacet
	facet normal -0.5452394855158581 -0.8382803250908389 0
		outer loop
			vertex -0.013177660293877125 0.08411865681409836 0
			vertex -0.014143401756882668 0.08474680036306381 0.003000000026077032
			vertex -0.014143401756882668 0.08474680036306381 0
		endloop
	endfacet
	facet normal -0.675352835841879 -0.73749477769021 0
		outer loop
			vertex -0.012328027747571468 0.0833406150341034 0
			vertex -0.012328027747571468 0.0833406150341034 0.003000000026077032
			vertex -0.013177660293877125 0.08411865681409836 0.003000000026077032
		endloop
	endfacet
	facet normal -0.675352835841879 -0.73749477769021 0
		outer loop
			vertex -0.012328027747571468 0.0833406150341034 0
			vertex -0.013177660293877125 0.08411865681409836 0.003000000026077032
			vertex -0.013177660293877125 0.08411865681409836 0
		endloop
	endfacet
	facet normal -0.7871735535995132 -0.6167315433099836 0
		outer loop
			vertex -0.011617517098784447 0.08243374526500702 0
			vertex -0.012328027747571468 0.0833406150341034 0.003000000026077032
			vertex -0.012328027747571468 0.0833406150341034 0
		endloop
	endfacet
	facet normal -0.7871735535995132 -0.6167315433099836 0
		outer loop
			vertex -0.011617517098784447 0.08243374526500702 0
			vertex -0.011617517098784447 0.08243374526500702 0.003000000026077032
			vertex -0.012328027747571468 0.0833406150341034 0.003000000026077032
		endloop
	endfacet
	facet normal -0.8776678127761354 -0.47926945491733 0
		outer loop
			vertex -0.011065374128520489 0.08142262697219849 0
			vertex -0.011617517098784447 0.08243374526500702 0.003000000026077032
			vertex -0.011617517098784447 0.08243374526500702 0
		endloop
	endfacet
	facet normal -0.8776678127761354 -0.47926945491733 0
		outer loop
			vertex -0.011065374128520489 0.08142262697219849 0
			vertex -0.011065374128520489 0.08142262697219849 0.003000000026077032
			vertex -0.011617517098784447 0.08243374526500702 0.003000000026077032
		endloop
	endfacet
	facet normal -0.9443913965027765 -0.3288234940078576 0
		outer loop
			vertex -0.010686553083360195 0.08033464103937149 0
			vertex -0.010686553083360195 0.08033464103937149 0.003000000026077032
			vertex -0.011065374128520489 0.08142262697219849 0.003000000026077032
		endloop
	endfacet
	facet normal -0.9443913965027765 -0.3288234940078576 0
		outer loop
			vertex -0.010686553083360195 0.08033464103937149 0
			vertex -0.011065374128520489 0.08142262697219849 0.003000000026077032
			vertex -0.011065374128520489 0.08142262697219849 0
		endloop
	endfacet
	facet normal -0.9855356957380622 -0.16946796873183356 0
		outer loop
			vertex -0.010491316206753254 0.07919924706220627 0
			vertex -0.010491316206753254 0.07919924706220627 0.003000000026077032
			vertex -0.010686553083360195 0.08033464103937149 0.003000000026077032
		endloop
	endfacet
	facet normal -0.9855356957380622 -0.16946796873183356 0
		outer loop
			vertex -0.010491316206753254 0.07919924706220627 0
			vertex -0.010686553083360195 0.08033464103937149 0.003000000026077032
			vertex -0.010686553083360195 0.08033464103937149 0
		endloop
	endfacet
	facet normal -1 0 0
		outer loop
			vertex -0.011717429384589195 0.05325848236680031 0.003000000026077032
			vertex -0.011717429384589195 0.04180389270186424 0
			vertex -0.011717429384589195 0.04180389270186424 0.003000000026077032
		endloop
	endfacet
	facet normal -1 0 0
		outer loop
			vertex -0.011717429384589195 0.05325848236680031 0.003000000026077032
			vertex -0.011717429384589195 0.05325848236680031 0
			vertex -0.011717429384589195 0.04180389270186424 0
		endloop
	endfacet
	facet normal 0.9927085145108918 -0.12053964168512603 0
		outer loop
			vertex -0.023156702518463135 0.0537068210542202 0
			vertex -0.023211142048239708 0.05325848236680031 0.003000000026077032
			vertex -0.023211142048239708 0.05325848236680031 0
		endloop
	endfacet
	facet normal 0.9927085145108918 -0.12053964168512603 0
		outer loop
			vertex -0.023156702518463135 0.0537068210542202 0
			vertex -0.023156702518463135 0.0537068210542202 0.003000000026077032
			vertex -0.023211142048239708 0.05325848236680031 0.003000000026077032
		endloop
	endfacet
	facet normal 0.9350169543333563 -0.3546030105754524 0
		outer loop
			vertex -0.022996552288532257 0.05412910506129265 0
			vertex -0.022996552288532257 0.05412910506129265 0.003000000026077032
			vertex -0.023156702518463135 0.0537068210542202 0.003000000026077032
		endloop
	endfacet
	facet normal 0.9350169543333563 -0.3546030105754524 0
		outer loop
			vertex -0.022996552288532257 0.05412910506129265 0
			vertex -0.023156702518463135 0.0537068210542202 0.003000000026077032
			vertex -0.023156702518463135 0.0537068210542202 0
		endloop
	endfacet
	facet normal 0.8229839417083916 -0.5680646368945339 0
		outer loop
			vertex -0.022739995270967484 0.05450079217553139 0
			vertex -0.022739995270967484 0.05450079217553139 0.003000000026077032
			vertex -0.022996552288532257 0.05412910506129265 0.003000000026077032
		endloop
	endfacet
	facet normal 0.8229839417083916 -0.5680646368945339 0
		outer loop
			vertex -0.022739995270967484 0.05450079217553139 0
			vertex -0.022996552288532257 0.05412910506129265 0.003000000026077032
			vertex -0.022996552288532257 0.05412910506129265 0
		endloop
	endfacet
	facet normal 0.6631249790924737 -0.7485086920695085 0
		outer loop
			vertex -0.022401941940188408 0.054800283163785934 0
			vertex -0.022401941940188408 0.054800283163785934 0.003000000026077032
			vertex -0.022739995270967484 0.05450079217553139 0.003000000026077032
		endloop
	endfacet
	facet normal 0.6631249790924737 -0.7485086920695085 0
		outer loop
			vertex -0.022401941940188408 0.054800283163785934 0
			vertex -0.022739995270967484 0.05450079217553139 0.003000000026077032
			vertex -0.022739995270967484 0.05450079217553139 0
		endloop
	endfacet
	facet normal 0.46472113996734554 -0.8854570921662163 0
		outer loop
			vertex -0.022002041339874268 0.05501016601920128 0
			vertex -0.022002041339874268 0.05501016601920128 0.003000000026077032
			vertex -0.022401941940188408 0.054800283163785934 0.003000000026077032
		endloop
	endfacet
	facet normal 0.46472113996734554 -0.8854570921662163 0
		outer loop
			vertex -0.022002041339874268 0.05501016601920128 0
			vertex -0.022401941940188408 0.054800283163785934 0.003000000026077032
			vertex -0.022401941940188408 0.054800283163785934 0
		endloop
	endfacet
	facet normal 0.23931253665490984 -0.97094258831292 0
		outer loop
			vertex -0.02156352996826172 0.055118247866630554 0
			vertex -0.02156352996826172 0.055118247866630554 0.003000000026077032
			vertex -0.022002041339874268 0.05501016601920128 0.003000000026077032
		endloop
	endfacet
	facet normal 0.23931253665490984 -0.97094258831292 0
		outer loop
			vertex -0.02156352996826172 0.055118247866630554 0
			vertex -0.022002041339874268 0.05501016601920128 0.003000000026077032
			vertex -0.022002041339874268 0.05501016601920128 0
		endloop
	endfacet
	facet normal 0 -1 0
		outer loop
			vertex -0.021111896261572838 0.055118247866630554 0
			vertex -0.021111896261572838 0.055118247866630554 0.003000000026077032
			vertex -0.02156352996826172 0.055118247866630554 0.003000000026077032
		endloop
	endfacet
	facet normal 0 -1 0
		outer loop
			vertex -0.021111896261572838 0.055118247866630554 0
			vertex -0.02156352996826172 0.055118247866630554 0.003000000026077032
			vertex -0.02156352996826172 0.055118247866630554 0
		endloop
	endfacet
	facet normal -0.23931349495935778 -0.9709423521148604 0
		outer loop
			vertex -0.020673386752605438 0.05501016601920128 0
			vertex -0.020673386752605438 0.05501016601920128 0.003000000026077032
			vertex -0.021111896261572838 0.055118247866630554 0.003000000026077032
		endloop
	endfacet
	facet normal -0.23931349495935778 -0.9709423521148604 0
		outer loop
			vertex -0.020673386752605438 0.05501016601920128 0
			vertex -0.021111896261572838 0.055118247866630554 0.003000000026077032
			vertex -0.021111896261572838 0.055118247866630554 0
		endloop
	endfacet
	facet normal -0.46472113996734554 -0.8854570921662163 0
		outer loop
			vertex -0.020273486152291298 0.054800283163785934 0
			vertex -0.020273486152291298 0.054800283163785934 0.003000000026077032
			vertex -0.020673386752605438 0.05501016601920128 0.003000000026077032
		endloop
	endfacet
	facet normal -0.46472113996734554 -0.8854570921662163 0
		outer loop
			vertex -0.020273486152291298 0.054800283163785934 0
			vertex -0.020673386752605438 0.05501016601920128 0.003000000026077032
			vertex -0.020673386752605438 0.05501016601920128 0
		endloop
	endfacet
	facet normal -0.6631249790924737 -0.7485086920695085 0
		outer loop
			vertex -0.019935432821512222 0.05450079217553139 0
			vertex -0.019935432821512222 0.05450079217553139 0.003000000026077032
			vertex -0.020273486152291298 0.054800283163785934 0.003000000026077032
		endloop
	endfacet
	facet normal -0.6631249790924737 -0.7485086920695085 0
		outer loop
			vertex -0.019935432821512222 0.05450079217553139 0
			vertex -0.020273486152291298 0.054800283163785934 0.003000000026077032
			vertex -0.020273486152291298 0.054800283163785934 0
		endloop
	endfacet
	facet normal -0.8229839417083916 -0.5680646368945339 0
		outer loop
			vertex -0.01967887580394745 0.05412910506129265 0
			vertex -0.01967887580394745 0.05412910506129265 0.003000000026077032
			vertex -0.019935432821512222 0.05450079217553139 0.003000000026077032
		endloop
	endfacet
	facet normal -0.8229839417083916 -0.5680646368945339 0
		outer loop
			vertex -0.01967887580394745 0.05412910506129265 0
			vertex -0.019935432821512222 0.05450079217553139 0.003000000026077032
			vertex -0.019935432821512222 0.05450079217553139 0
		endloop
	endfacet
	facet normal -0.9350155868928048 -0.3546066162207128 0
		outer loop
			vertex -0.019518723711371422 0.0537068210542202 0
			vertex -0.019518723711371422 0.0537068210542202 0.003000000026077032
			vertex -0.01967887580394745 0.05412910506129265 0.003000000026077032
		endloop
	endfacet
	facet normal -0.9350155868928048 -0.3546066162207128 0
		outer loop
			vertex -0.019518723711371422 0.0537068210542202 0
			vertex -0.01967887580394745 0.05412910506129265 0.003000000026077032
			vertex -0.01967887580394745 0.05412910506129265 0
		endloop
	endfacet
	facet normal -0.9927090080143426 -0.1205355773503414 0
		outer loop
			vertex -0.019464286044239998 0.05325848236680031 0
			vertex -0.019464286044239998 0.05325848236680031 0.003000000026077032
			vertex -0.019518723711371422 0.0537068210542202 0.003000000026077032
		endloop
	endfacet
	facet normal -0.9927090080143426 -0.1205355773503414 0
		outer loop
			vertex -0.019464286044239998 0.05325848236680031 0
			vertex -0.019518723711371422 0.0537068210542202 0.003000000026077032
			vertex -0.019518723711371422 0.0537068210542202 0
		endloop
	endfacet
	facet normal 0 0 1
		outer loop
			vertex 0.0031676494982093573 0.0817948654294014 0.003000000026077032
			vertex 0.0029872036539018154 0.081954725086689 0.003000000026077032
			vertex 0.0009346617734991014 0.07943202555179596 0.003000000026077032
		endloop
	endfacet
	facet normal 0 0 1
		outer loop
			vertex 0.002850258257240057 0.08215312659740448 0.003000000026077032
			vertex -0.000041454422898823395 0.08024697005748749 0.003000000026077032
			vertex 0.0009346617734991014 0.07943202555179596 0.003000000026077032
		endloop
	endfacet
	facet normal 0 0 1
		outer loop
			vertex 0.002850258257240057 0.08215312659740448 0.003000000026077032
			vertex 0.0009346617734991014 0.07943202555179596 0.003000000026077032
			vertex 0.0029872036539018154 0.081954725086689 0.003000000026077032
		endloop
	endfacet
	facet normal 0 0 1
		outer loop
			vertex 0.003381109330803156 0.08168283104896545 0.003000000026077032
			vertex 0.0031676494982093573 0.0817948654294014 0.003000000026077032
			vertex 0.0009346617734991014 0.07943202555179596 0.003000000026077032
		endloop
	endfacet
	facet normal 0 0 1
		outer loop
			vertex -0.022401941940188408 0.04026208817958832 0.003000000026077032
			vertex -0.022739995270967484 0.040561579167842865 0.003000000026077032
			vertex -0.02946428582072258 0.030544642359018326 0.003000000026077032
		endloop
	endfacet
	facet normal 0 0 1
		outer loop
			vertex -0.022996552288532257 0.040933266282081604 0.003000000026077032
			vertex -0.02946428582072258 0.04436607286334038 0.003000000026077032
			vertex -0.02946428582072258 0.030544642359018326 0.003000000026077032
		endloop
	endfacet
	facet normal 0 0 1
		outer loop
			vertex -0.022996552288532257 0.040933266282081604 0.003000000026077032
			vertex -0.02946428582072258 0.030544642359018326 0.003000000026077032
			vertex -0.022739995270967484 0.040561579167842865 0.003000000026077032
		endloop
	endfacet
	facet normal 0 0 1
		outer loop
			vertex 0.003381109330803156 0.08168283104896545 0.003000000026077032
			vertex 0.0009346617734991014 0.07943202555179596 0.003000000026077032
			vertex 0.0017693220870569348 0.07847271114587784 0.003000000026077032
		endloop
	endfacet
	facet normal 0 0 1
		outer loop
			vertex 0.002764772390946746 0.08237853646278381 0.003000000026077032
			vertex -0.000041454422898823395 0.08024697005748749 0.003000000026077032
			vertex 0.002850258257240057 0.08215312659740448 0.003000000026077032
		endloop
	endfacet
	facet normal 0 0 1
		outer loop
			vertex 0.0036151777021586895 0.08162514120340347 0.003000000026077032
			vertex 0.003381109330803156 0.08168283104896545 0.003000000026077032
			vertex 0.0017693220870569348 0.07847271114587784 0.003000000026077032
		endloop
	endfacet
	facet normal 0 0 1
		outer loop
			vertex 0.0027357141952961683 0.082617849111557 0.003000000026077032
			vertex -0.000041454422898823395 0.08024697005748749 0.003000000026077032
			vertex 0.002764772390946746 0.08237853646278381 0.003000000026077032
		endloop
	endfacet
	facet normal 0 0 1
		outer loop
			vertex -0.022002041339874268 0.040052205324172974 0.003000000026077032
			vertex -0.022401941940188408 0.04026208817958832 0.003000000026077032
			vertex -0.02946428582072258 0.030544642359018326 0.003000000026077032
		endloop
	endfacet
	facet normal 0 0 1
		outer loop
			vertex -0.023156702518463135 0.04135555028915405 0.003000000026077032
			vertex -0.02946428582072258 0.04436607286334038 0.003000000026077032
			vertex -0.022996552288532257 0.040933266282081604 0.003000000026077032
		endloop
	endfacet
	facet normal 0 0 1
		outer loop
			vertex -0.02156352996826172 0.0399441234767437 0.003000000026077032
			vertex -0.022002041339874268 0.040052205324172974 0.003000000026077032
			vertex -0.02946428582072258 0.030544642359018326 0.003000000026077032
		endloop
	endfacet
	facet normal 0 0 1
		outer loop
			vertex -0.023211142048239708 0.04180389270186424 0.003000000026077032
			vertex -0.02946428582072258 0.04436607286334038 0.003000000026077032
			vertex -0.023156702518463135 0.04135555028915405 0.003000000026077032
		endloop
	endfacet
	facet normal 0 0 1
		outer loop
			vertex 0.0027357141952961683 0.082617849111557 0.003000000026077032
			vertex -0.0011343652149662375 0.08089696615934372 0.003000000026077032
			vertex -0.000041454422898823395 0.08024697005748749 0.003000000026077032
		endloop
	endfacet
	facet normal 0 0 1
		outer loop
			vertex 0.0038562510162591934 0.08162514120340347 0.003000000026077032
			vertex 0.0036151777021586895 0.08162514120340347 0.003000000026077032
			vertex 0.0017693220870569348 0.07847271114587784 0.003000000026077032
		endloop
	endfacet
	facet normal 0 0 1
		outer loop
			vertex 0.0038562510162591934 0.08162514120340347 0.003000000026077032
			vertex 0.0017693220870569348 0.07847271114587784 0.003000000026077032
			vertex 0.002441439079120755 0.07739326357841492 0.003000000026077032
		endloop
	endfacet
	facet normal 0 0 1
		outer loop
			vertex 0.002764772390946746 0.0828571692109108 0.003000000026077032
			vertex -0.0011343652149662375 0.08089696615934372 0.003000000026077032
			vertex 0.0027357141952961683 0.082617849111557 0.003000000026077032
		endloop
	endfacet
	facet normal 0 0 1
		outer loop
			vertex -0.021111896261572838 0.0399441234767437 0.003000000026077032
			vertex -0.02156352996826172 0.0399441234767437 0.003000000026077032
			vertex -0.02946428582072258 0.030544642359018326 0.003000000026077032
		endloop
	endfacet
	facet normal 0 0 1
		outer loop
			vertex -0.020673386752605438 0.040052205324172974 0.003000000026077032
			vertex -0.021111896261572838 0.0399441234767437 0.003000000026077032
			vertex -0.02946428582072258 0.030544642359018326 0.003000000026077032
		endloop
	endfacet
	facet normal 0 0 1
		outer loop
			vertex 0.004090319387614727 0.08168283104896545 0.003000000026077032
			vertex 0.0038562510162591934 0.08162514120340347 0.003000000026077032
			vertex 0.002441439079120755 0.07739326357841492 0.003000000026077032
		endloop
	endfacet
	facet normal 0 0 1
		outer loop
			vertex 0.002850258257240057 0.08308257162570953 0.003000000026077032
			vertex -0.002316458383575082 0.08136557787656784 0.003000000026077032
			vertex -0.0011343652149662375 0.08089696615934372 0.003000000026077032
		endloop
	endfacet
	facet normal 0 0 1
		outer loop
			vertex 0.002850258257240057 0.08308257162570953 0.003000000026077032
			vertex -0.0011343652149662375 0.08089696615934372 0.003000000026077032
			vertex 0.002764772390946746 0.0828571692109108 0.003000000026077032
		endloop
	endfacet
	facet normal 0 0 1
		outer loop
			vertex 0.004303778987377882 0.0817948654294014 0.003000000026077032
			vertex 0.004090319387614727 0.08168283104896545 0.003000000026077032
			vertex 0.002441439079120755 0.07739326357841492 0.003000000026077032
		endloop
	endfacet
	facet normal 0 0 1
		outer loop
			vertex 0.004303778987377882 0.0817948654294014 0.003000000026077032
			vertex 0.002441439079120755 0.07739326357841492 0.003000000026077032
			vertex 0.0029340318869799376 0.07622095942497253 0.003000000026077032
		endloop
	endfacet
	facet normal 0 0 1
		outer loop
			vertex 0.0029872036539018154 0.08328097313642502 0.003000000026077032
			vertex -0.002316458383575082 0.08136557787656784 0.003000000026077032
			vertex 0.002850258257240057 0.08308257162570953 0.003000000026077032
		endloop
	endfacet
	facet normal 0 0 1
		outer loop
			vertex -0.03923235088586807 0.0639948695898056 0.003000000026077032
			vertex -0.03941279649734497 0.0641547292470932 0.003000000026077032
			vertex -0.04546428471803665 0.06054464355111122 0.003000000026077032
		endloop
	endfacet
	facet normal 0 0 1
		outer loop
			vertex -0.03954974189400673 0.06435313075780869 0.003000000026077032
			vertex -0.04546428471803665 0.06054464355111122 0.003000000026077032
			vertex -0.03941279649734497 0.0641547292470932 0.003000000026077032
		endloop
	endfacet
	facet normal 0 0 1
		outer loop
			vertex -0.039018891751766205 0.06388283520936966 0.003000000026077032
			vertex -0.03923235088586807 0.0639948695898056 0.003000000026077032
			vertex -0.04546428471803665 0.06054464355111122 0.003000000026077032
		endloop
	endfacet
	facet normal 0 0 1
		outer loop
			vertex -0.039635226130485535 0.06457853317260742 0.003000000026077032
			vertex -0.04546428471803665 0.06054464355111122 0.003000000026077032
			vertex -0.03954974189400673 0.06435313075780869 0.003000000026077032
		endloop
	endfacet
	facet normal 0 0 1
		outer loop
			vertex -0.03878482058644295 0.06382514536380768 0.003000000026077032
			vertex -0.039018891751766205 0.06388283520936966 0.003000000026077032
			vertex -0.04546428471803665 0.06054464355111122 0.003000000026077032
		endloop
	endfacet
	facet normal 0 0 1
		outer loop
			vertex -0.039664287120103836 0.06481785327196121 0.003000000026077032
			vertex -0.04546428471803665 0.06054464355111122 0.003000000026077032
			vertex -0.039635226130485535 0.06457853317260742 0.003000000026077032
		endloop
	endfacet
	facet normal 0 0 1
		outer loop
			vertex -0.03854374960064888 0.06382514536380768 0.003000000026077032
			vertex -0.03878482058644295 0.06382514536380768 0.003000000026077032
			vertex -0.04546428471803665 0.06054464355111122 0.003000000026077032
		endloop
	endfacet
	facet normal 0 0 1
		outer loop
			vertex -0.03854374960064888 0.06382514536380768 0.003000000026077032
			vertex -0.04546428471803665 0.06054464355111122 0.003000000026077032
			vertex -0.02946428582072258 0.04436607286334038 0.003000000026077032
		endloop
	endfacet
	facet normal 0 0 1
		outer loop
			vertex -0.039635226130485535 0.0650571659207344 0.003000000026077032
			vertex -0.04546428471803665 0.06054464355111122 0.003000000026077032
			vertex -0.039664287120103836 0.06481785327196121 0.003000000026077032
		endloop
	endfacet
	facet normal 0 0 1
		outer loop
			vertex -0.03830968216061592 0.06388283520936966 0.003000000026077032
			vertex -0.03854374960064888 0.06382514536380768 0.003000000026077032
			vertex -0.02946428582072258 0.04436607286334038 0.003000000026077032
		endloop
	endfacet
	facet normal 0 0 1
		outer loop
			vertex -0.01465508621186018 0.04026208817958832 0.003000000026077032
			vertex -0.019935432821512222 0.040561579167842865 0.003000000026077032
			vertex -0.020273486152291298 0.04026208817958832 0.003000000026077032
		endloop
	endfacet
	facet normal 0 0 1
		outer loop
			vertex -0.01465508621186018 0.04026208817958832 0.003000000026077032
			vertex -0.014993138611316681 0.040561579167842865 0.003000000026077032
			vertex -0.019935432821512222 0.040561579167842865 0.003000000026077032
		endloop
	endfacet
	facet normal 0 0 1
		outer loop
			vertex -0.015249695628881454 0.040933266282081604 0.003000000026077032
			vertex -0.01967887580394745 0.040933266282081604 0.003000000026077032
			vertex -0.019935432821512222 0.040561579167842865 0.003000000026077032
		endloop
	endfacet
	facet normal 0 0 1
		outer loop
			vertex -0.015249695628881454 0.040933266282081604 0.003000000026077032
			vertex -0.019935432821512222 0.040561579167842865 0.003000000026077032
			vertex -0.014993138611316681 0.040561579167842865 0.003000000026077032
		endloop
	endfacet
	facet normal 0 0 1
		outer loop
			vertex -0.03954974189400673 0.06528257578611374 0.003000000026077032
			vertex -0.04546428471803665 0.06054464355111122 0.003000000026077032
			vertex -0.039635226130485535 0.0650571659207344 0.003000000026077032
		endloop
	endfacet
	facet normal 0 0 1
		outer loop
			vertex -0.014255184680223465 0.040052205324172974 0.003000000026077032
			vertex -0.02946428582072258 0.030544642359018326 0.003000000026077032
			vertex -0.005464285612106323 0.030544642359018326 0.003000000026077032
		endloop
	endfacet
	facet normal 0 0 1
		outer loop
			vertex -0.014255184680223465 0.040052205324172974 0.003000000026077032
			vertex -0.01465508621186018 0.04026208817958832 0.003000000026077032
			vertex -0.020273486152291298 0.04026208817958832 0.003000000026077032
		endloop
	endfacet
	facet normal 0 0 1
		outer loop
			vertex -0.014255184680223465 0.040052205324172974 0.003000000026077032
			vertex -0.020273486152291298 0.04026208817958832 0.003000000026077032
			vertex -0.020673386752605438 0.040052205324172974 0.003000000026077032
		endloop
	endfacet
	facet normal 0 0 1
		outer loop
			vertex -0.014255184680223465 0.040052205324172974 0.003000000026077032
			vertex -0.020673386752605438 0.040052205324172974 0.003000000026077032
			vertex -0.02946428582072258 0.030544642359018326 0.003000000026077032
		endloop
	endfacet
	facet normal 0 0 1
		outer loop
			vertex -0.015409847721457481 0.04135555028915405 0.003000000026077032
			vertex -0.01967887580394745 0.040933266282081604 0.003000000026077032
			vertex -0.015249695628881454 0.040933266282081604 0.003000000026077032
		endloop
	endfacet
	facet normal 0 0 1
		outer loop
			vertex -0.015409847721457481 0.04135555028915405 0.003000000026077032
			vertex -0.019518723711371422 0.04135555028915405 0.003000000026077032
			vertex -0.01967887580394745 0.040933266282081604 0.003000000026077032
		endloop
	endfacet
	facet normal 0 0 1
		outer loop
			vertex -0.01381667423993349 0.0399441234767437 0.003000000026077032
			vertex -0.014255184680223465 0.040052205324172974 0.003000000026077032
			vertex -0.005464285612106323 0.030544642359018326 0.003000000026077032
		endloop
	endfacet
	facet normal 0 0 1
		outer loop
			vertex -0.015464285388588905 0.04180389270186424 0.003000000026077032
			vertex -0.019464286044239998 0.04180389270186424 0.003000000026077032
			vertex -0.019518723711371422 0.04135555028915405 0.003000000026077032
		endloop
	endfacet
	facet normal 0 0 1
		outer loop
			vertex -0.015464285388588905 0.04180389270186424 0.003000000026077032
			vertex -0.019518723711371422 0.04135555028915405 0.003000000026077032
			vertex -0.015409847721457481 0.04135555028915405 0.003000000026077032
		endloop
	endfacet
	facet normal 0 0 1
		outer loop
			vertex -0.0014642857713624835 0.09254464507102966 0.003000000026077032
			vertex 0.004090319387614727 0.08355286717414856 0.003000000026077032
			vertex 0.004303778987377882 0.08344083279371262 0.003000000026077032
		endloop
	endfacet
	facet normal 0 0 1
		outer loop
			vertex -0.0014642857713624835 0.09254464507102966 0.003000000026077032
			vertex 0.0038562510162591934 0.08361055701971054 0.003000000026077032
			vertex 0.004090319387614727 0.08355286717414856 0.003000000026077032
		endloop
	endfacet
	facet normal 0 0 1
		outer loop
			vertex -0.0014642857713624835 0.09254464507102966 0.003000000026077032
			vertex 0.0036151777021586895 0.08361055701971054 0.003000000026077032
			vertex 0.0038562510162591934 0.08361055701971054 0.003000000026077032
		endloop
	endfacet
	facet normal 0 0 1
		outer loop
			vertex -0.0014642857713624835 0.09254464507102966 0.003000000026077032
			vertex 0.003381109330803156 0.08355286717414856 0.003000000026077032
			vertex 0.0036151777021586895 0.08361055701971054 0.003000000026077032
		endloop
	endfacet
	facet normal 0 0 1
		outer loop
			vertex -0.0014642857713624835 0.09254464507102966 0.003000000026077032
			vertex 0.0031676494982093573 0.08344083279371262 0.003000000026077032
			vertex 0.003381109330803156 0.08355286717414856 0.003000000026077032
		endloop
	endfacet
	facet normal 0 0 1
		outer loop
			vertex -0.0014642857713624835 0.09254464507102966 0.003000000026077032
			vertex -0.012328027747571468 0.0833406150341034 0.003000000026077032
			vertex -0.006092479452490807 0.08158933371305466 0.003000000026077032
		endloop
	endfacet
	facet normal 0 0 1
		outer loop
			vertex -0.0014642857713624835 0.09254464507102966 0.003000000026077032
			vertex 0.0029872036539018154 0.08328097313642502 0.003000000026077032
			vertex 0.0031676494982093573 0.08344083279371262 0.003000000026077032
		endloop
	endfacet
	facet normal 0 0 1
		outer loop
			vertex -0.0014642857713624835 0.09254464507102966 0.003000000026077032
			vertex -0.013177660293877125 0.08411865681409836 0.003000000026077032
			vertex -0.012328027747571468 0.0833406150341034 0.003000000026077032
		endloop
	endfacet
	facet normal 0 0 1
		outer loop
			vertex -0.0014642857713624835 0.09254464507102966 0.003000000026077032
			vertex -0.014143401756882668 0.08474680036306381 0.003000000026077032
			vertex -0.013177660293877125 0.08411865681409836 0.003000000026077032
		endloop
	endfacet
	facet normal 0 0 1
		outer loop
			vertex -0.0014642857713624835 0.09254464507102966 0.003000000026077032
			vertex -0.015199093148112297 0.08520804345607758 0.003000000026077032
			vertex -0.014143401756882668 0.08474680036306381 0.003000000026077032
		endloop
	endfacet
	facet normal 0 0 1
		outer loop
			vertex -0.0014642857713624835 0.09254464507102966 0.003000000026077032
			vertex -0.016316140070557594 0.08548988401889801 0.003000000026077032
			vertex -0.015199093148112297 0.08520804345607758 0.003000000026077032
		endloop
	endfacet
	facet normal 0 0 1
		outer loop
			vertex -0.0014642857713624835 0.09254464507102966 0.003000000026077032
			vertex -0.01746428571641445 0.08558468520641327 0.003000000026077032
			vertex -0.016316140070557594 0.08548988401889801 0.003000000026077032
		endloop
	endfacet
	facet normal 0 0 1
		outer loop
			vertex -0.0014642857713624835 0.09254464507102966 0.003000000026077032
			vertex -0.03346428647637367 0.09254464507102966 0.003000000026077032
			vertex -0.01746428571641445 0.08558468520641327 0.003000000026077032
		endloop
	endfacet
	facet normal 0 0 1
		outer loop
			vertex -0.0014642857713624835 0.09254464507102966 0.003000000026077032
			vertex -0.002316458383575082 0.08136557787656784 0.003000000026077032
			vertex 0.0029872036539018154 0.08328097313642502 0.003000000026077032
		endloop
	endfacet
	facet normal 0 0 1
		outer loop
			vertex -0.0014642857713624835 0.09254464507102966 0.003000000026077032
			vertex -0.003557868767529726 0.08164097368717194 0.003000000026077032
			vertex -0.002316458383575082 0.08136557787656784 0.003000000026077032
		endloop
	endfacet
	facet normal 0 0 1
		outer loop
			vertex -0.0014642857713624835 0.09254464507102966 0.003000000026077032
			vertex -0.00482723256573081 0.08171619474887848 0.003000000026077032
			vertex -0.003557868767529726 0.08164097368717194 0.003000000026077032
		endloop
	endfacet
	facet normal 0 0 1
		outer loop
			vertex -0.0014642857713624835 0.09254464507102966 0.003000000026077032
			vertex -0.006092479452490807 0.08158933371305466 0.003000000026077032
			vertex -0.00482723256573081 0.08171619474887848 0.003000000026077032
		endloop
	endfacet
	facet normal 0 0 1
		outer loop
			vertex 0.010535714216530323 0.08054464310407639 0.003000000026077032
			vertex 0.0044842250645160675 0.08328097313642502 0.003000000026077032
			vertex 0.004621170461177826 0.08308257162570953 0.003000000026077032
		endloop
	endfacet
	facet normal 0 0 1
		outer loop
			vertex 0.010535714216530323 0.08054464310407639 0.003000000026077032
			vertex 0.004303778987377882 0.08344083279371262 0.003000000026077032
			vertex 0.0044842250645160675 0.08328097313642502 0.003000000026077032
		endloop
	endfacet
	facet normal 0 0 1
		outer loop
			vertex 0.010535714216530323 0.08054464310407639 0.003000000026077032
			vertex 0.003234655363485217 0.07245028018951416 0.003000000026077032
			vertex 0.004621170461177826 0.06528257578611374 0.003000000026077032
		endloop
	endfacet
	facet normal 0 0 1
		outer loop
			vertex 0.010535714216530323 0.08054464310407639 0.003000000026077032
			vertex 0.004303778987377882 0.0817948654294014 0.003000000026077032
			vertex 0.0029340318869799376 0.07622095942497253 0.003000000026077032
		endloop
	endfacet
	facet normal 0 0 1
		outer loop
			vertex 0.010535714216530323 0.08054464310407639 0.003000000026077032
			vertex 0.003335714340209961 0.07371784746646881 0.003000000026077032
			vertex 0.003234655363485217 0.07245028018951416 0.003000000026077032
		endloop
	endfacet
	facet normal 0 0 1
		outer loop
			vertex 0.010535714216530323 0.08054464310407639 0.003000000026077032
			vertex 0.003234655363485217 0.07498542219400406 0.003000000026077032
			vertex 0.003335714340209961 0.07371784746646881 0.003000000026077032
		endloop
	endfacet
	facet normal 0 0 1
		outer loop
			vertex -0.01336504053324461 0.0399441234767437 0.003000000026077032
			vertex -0.01381667423993349 0.0399441234767437 0.003000000026077032
			vertex -0.005464285612106323 0.030544642359018326 0.003000000026077032
		endloop
	endfacet
	facet normal 0 0 1
		outer loop
			vertex 0.010535714216530323 0.08054464310407639 0.003000000026077032
			vertex 0.0029340318869799376 0.07622095942497253 0.003000000026077032
			vertex 0.003234655363485217 0.07498542219400406 0.003000000026077032
		endloop
	endfacet
	facet normal 0 0 1
		outer loop
			vertex 0.010535714216530323 0.08054464310407639 0.003000000026077032
			vertex -0.0014642857713624835 0.09254464507102966 0.003000000026077032
			vertex 0.004303778987377882 0.08344083279371262 0.003000000026077032
		endloop
	endfacet
	facet normal 0 0 1
		outer loop
			vertex 0.010535714216530323 0.08054464310407639 0.003000000026077032
			vertex 0.004621170461177826 0.06528257578611374 0.003000000026077032
			vertex 0.010535714216530323 0.06054464355111122 0.003000000026077032
		endloop
	endfacet
	facet normal 0 0 1
		outer loop
			vertex 0.010535714216530323 0.08054464310407639 0.003000000026077032
			vertex 0.0044842250645160675 0.081954725086689 0.003000000026077032
			vertex 0.004303778987377882 0.0817948654294014 0.003000000026077032
		endloop
	endfacet
	facet normal 0 0 1
		outer loop
			vertex 0.010535714216530323 0.08054464310407639 0.003000000026077032
			vertex 0.004621170461177826 0.08215312659740448 0.003000000026077032
			vertex 0.0044842250645160675 0.081954725086689 0.003000000026077032
		endloop
	endfacet
	facet normal 0 0 1
		outer loop
			vertex 0.010535714216530323 0.08054464310407639 0.003000000026077032
			vertex 0.004706656094640493 0.08237853646278381 0.003000000026077032
			vertex 0.004621170461177826 0.08215312659740448 0.003000000026077032
		endloop
	endfacet
	facet normal 0 0 1
		outer loop
			vertex 0.010535714216530323 0.08054464310407639 0.003000000026077032
			vertex 0.004735714290291071 0.082617849111557 0.003000000026077032
			vertex 0.004706656094640493 0.08237853646278381 0.003000000026077032
		endloop
	endfacet
	facet normal 0 0 1
		outer loop
			vertex 0.010535714216530323 0.08054464310407639 0.003000000026077032
			vertex 0.004706656094640493 0.0828571692109108 0.003000000026077032
			vertex 0.004735714290291071 0.082617849111557 0.003000000026077032
		endloop
	endfacet
	facet normal 0 0 1
		outer loop
			vertex 0.010535714216530323 0.08054464310407639 0.003000000026077032
			vertex 0.004621170461177826 0.08308257162570953 0.003000000026077032
			vertex 0.004706656094640493 0.0828571692109108 0.003000000026077032
		endloop
	endfacet
	facet normal 0 0 1
		outer loop
			vertex -0.01292653102427721 0.040052205324172974 0.003000000026077032
			vertex -0.01336504053324461 0.0399441234767437 0.003000000026077032
			vertex -0.005464285612106323 0.030544642359018326 0.003000000026077032
		endloop
	endfacet
	facet normal 0 0 1
		outer loop
			vertex -0.012526629492640495 0.04026208817958832 0.003000000026077032
			vertex -0.01292653102427721 0.040052205324172974 0.003000000026077032
			vertex -0.005464285612106323 0.030544642359018326 0.003000000026077032
		endloop
	endfacet
	facet normal 0 0 1
		outer loop
			vertex -0.012188577093183994 0.040561579167842865 0.003000000026077032
			vertex -0.012526629492640495 0.04026208817958832 0.003000000026077032
			vertex -0.005464285612106323 0.030544642359018326 0.003000000026077032
		endloop
	endfacet
	facet normal 0 0 1
		outer loop
			vertex -0.01193202007561922 0.040933266282081604 0.003000000026077032
			vertex -0.012188577093183994 0.040561579167842865 0.003000000026077032
			vertex -0.005464285612106323 0.030544642359018326 0.003000000026077032
		endloop
	endfacet
	facet normal 0 0 1
		outer loop
			vertex -0.023211142048239708 0.05325848236680031 0.003000000026077032
			vertex -0.03830968216061592 0.06388283520936966 0.003000000026077032
			vertex -0.02946428582072258 0.04436607286334038 0.003000000026077032
		endloop
	endfacet
	facet normal 0 0 1
		outer loop
			vertex -0.023211142048239708 0.05325848236680031 0.003000000026077032
			vertex -0.02946428582072258 0.04436607286334038 0.003000000026077032
			vertex -0.023211142048239708 0.04180389270186424 0.003000000026077032
		endloop
	endfacet
	facet normal 0 0 1
		outer loop
			vertex -0.023156702518463135 0.0537068210542202 0.003000000026077032
			vertex -0.038096219301223755 0.0639948695898056 0.003000000026077032
			vertex -0.03830968216061592 0.06388283520936966 0.003000000026077032
		endloop
	endfacet
	facet normal 0 0 1
		outer loop
			vertex -0.023156702518463135 0.0537068210542202 0.003000000026077032
			vertex -0.03830968216061592 0.06388283520936966 0.003000000026077032
			vertex -0.023211142048239708 0.05325848236680031 0.003000000026077032
		endloop
	endfacet
	facet normal 0 0 1
		outer loop
			vertex -0.035863231867551804 0.06800367683172226 0.003000000026077032
			vertex -0.03791577368974686 0.06548096984624863 0.003000000026077032
			vertex -0.0377788282930851 0.06528257578611374 0.003000000026077032
		endloop
	endfacet
	facet normal 0 0 1
		outer loop
			vertex -0.035863231867551804 0.06800367683172226 0.003000000026077032
			vertex -0.038096219301223755 0.06564083695411682 0.003000000026077032
			vertex -0.03791577368974686 0.06548096984624863 0.003000000026077032
		endloop
	endfacet
	facet normal 0 0 1
		outer loop
			vertex -0.035863231867551804 0.06800367683172226 0.003000000026077032
			vertex -0.03830968216061592 0.06575286388397217 0.003000000026077032
			vertex -0.038096219301223755 0.06564083695411682 0.003000000026077032
		endloop
	endfacet
	facet normal 0 0 1
		outer loop
			vertex -0.03669789433479309 0.06896299123764038 0.003000000026077032
			vertex -0.03830968216061592 0.06575286388397217 0.003000000026077032
			vertex -0.035863231867551804 0.06800367683172226 0.003000000026077032
		endloop
	endfacet
	facet normal 0 0 1
		outer loop
			vertex -0.03669789433479309 0.06896299123764038 0.003000000026077032
			vertex -0.03854374960064888 0.06581056118011475 0.003000000026077032
			vertex -0.03830968216061592 0.06575286388397217 0.003000000026077032
		endloop
	endfacet
	facet normal 0 0 1
		outer loop
			vertex -0.03669789433479309 0.06896299123764038 0.003000000026077032
			vertex -0.03878482058644295 0.06581056118011475 0.003000000026077032
			vertex -0.03854374960064888 0.06581056118011475 0.003000000026077032
		endloop
	endfacet
	facet normal 0 0 1
		outer loop
			vertex -0.03488711640238762 0.06718873232603073 0.003000000026077032
			vertex -0.035863231867551804 0.06800367683172226 0.003000000026077032
			vertex -0.0377788282930851 0.06528257578611374 0.003000000026077032
		endloop
	endfacet
	facet normal 0 0 1
		outer loop
			vertex -0.03488711640238762 0.06718873232603073 0.003000000026077032
			vertex -0.03769334405660629 0.0650571659207344 0.003000000026077032
			vertex -0.03766428679227829 0.06481785327196121 0.003000000026077032
		endloop
	endfacet
	facet normal 0 0 1
		outer loop
			vertex -0.03488711640238762 0.06718873232603073 0.003000000026077032
			vertex -0.0377788282930851 0.06528257578611374 0.003000000026077032
			vertex -0.03769334405660629 0.0650571659207344 0.003000000026077032
		endloop
	endfacet
	facet normal 0 0 1
		outer loop
			vertex -0.03737001121044159 0.0700424388051033 0.003000000026077032
			vertex -0.03878482058644295 0.06581056118011475 0.003000000026077032
			vertex -0.03669789433479309 0.06896299123764038 0.003000000026077032
		endloop
	endfacet
	facet normal 0 0 1
		outer loop
			vertex -0.03737001121044159 0.0700424388051033 0.003000000026077032
			vertex -0.039018891751766205 0.06575286388397217 0.003000000026077032
			vertex -0.03878482058644295 0.06581056118011475 0.003000000026077032
		endloop
	endfacet
	facet normal 0 0 1
		outer loop
			vertex -0.03737001121044159 0.0700424388051033 0.003000000026077032
			vertex -0.03923235088586807 0.06564083695411682 0.003000000026077032
			vertex -0.039018891751766205 0.06575286388397217 0.003000000026077032
		endloop
	endfacet
	facet normal 0 0 1
		outer loop
			vertex -0.033794205635786057 0.0665387362241745 0.003000000026077032
			vertex -0.03488711640238762 0.06718873232603073 0.003000000026077032
			vertex -0.03766428679227829 0.06481785327196121 0.003000000026077032
		endloop
	endfacet
	facet normal 0 0 1
		outer loop
			vertex -0.033794205635786057 0.0665387362241745 0.003000000026077032
			vertex -0.03769334405660629 0.06457853317260742 0.003000000026077032
			vertex -0.0377788282930851 0.06435313075780869 0.003000000026077032
		endloop
	endfacet
	facet normal 0 0 1
		outer loop
			vertex -0.033794205635786057 0.0665387362241745 0.003000000026077032
			vertex -0.03766428679227829 0.06481785327196121 0.003000000026077032
			vertex -0.03769334405660629 0.06457853317260742 0.003000000026077032
		endloop
	endfacet
	facet normal 0 0 1
		outer loop
			vertex -0.03786260262131691 0.07121473550796509 0.003000000026077032
			vertex -0.03923235088586807 0.06564083695411682 0.003000000026077032
			vertex -0.03737001121044159 0.0700424388051033 0.003000000026077032
		endloop
	endfacet
	facet normal 0 0 1
		outer loop
			vertex -0.03786260262131691 0.07121473550796509 0.003000000026077032
			vertex -0.03941279649734497 0.06548096984624863 0.003000000026077032
			vertex -0.03923235088586807 0.06564083695411682 0.003000000026077032
		endloop
	endfacet
	facet normal 0 0 1
		outer loop
			vertex -0.032612111419439316 0.06607012450695038 0.003000000026077032
			vertex -0.033794205635786057 0.0665387362241745 0.003000000026077032
			vertex -0.0377788282930851 0.06435313075780869 0.003000000026077032
		endloop
	endfacet
	facet normal 0 0 1
		outer loop
			vertex -0.032612111419439316 0.06607012450695038 0.003000000026077032
			vertex -0.0377788282930851 0.06435313075780869 0.003000000026077032
			vertex -0.03791577368974686 0.0641547292470932 0.003000000026077032
		endloop
	endfacet
	facet normal 0 0 1
		outer loop
			vertex -0.03816322609782219 0.07245028018951416 0.003000000026077032
			vertex -0.03954974189400673 0.06528257578611374 0.003000000026077032
			vertex -0.03941279649734497 0.06548096984624863 0.003000000026077032
		endloop
	endfacet
	facet normal 0 0 1
		outer loop
			vertex -0.03816322609782219 0.07245028018951416 0.003000000026077032
			vertex -0.03941279649734497 0.06548096984624863 0.003000000026077032
			vertex -0.03786260262131691 0.07121473550796509 0.003000000026077032
		endloop
	endfacet
	facet normal 0 0 1
		outer loop
			vertex -0.031370703130960464 0.06579472869634628 0.003000000026077032
			vertex -0.032612111419439316 0.06607012450695038 0.003000000026077032
			vertex -0.03791577368974686 0.0641547292470932 0.003000000026077032
		endloop
	endfacet
	facet normal 0 0 1
		outer loop
			vertex -0.031370703130960464 0.06579472869634628 0.003000000026077032
			vertex -0.023156702518463135 0.0537068210542202 0.003000000026077032
			vertex -0.022996552288532257 0.05412910506129265 0.003000000026077032
		endloop
	endfacet
	facet normal 0 0 1
		outer loop
			vertex -0.031370703130960464 0.06579472869634628 0.003000000026077032
			vertex -0.03791577368974686 0.0641547292470932 0.003000000026077032
			vertex -0.038096219301223755 0.0639948695898056 0.003000000026077032
		endloop
	endfacet
	facet normal 0 0 1
		outer loop
			vertex -0.031370703130960464 0.06579472869634628 0.003000000026077032
			vertex -0.038096219301223755 0.0639948695898056 0.003000000026077032
			vertex -0.023156702518463135 0.0537068210542202 0.003000000026077032
		endloop
	endfacet
	facet normal 0 0 1
		outer loop
			vertex -0.04546428471803665 0.08054464310407639 0.003000000026077032
			vertex -0.04546428471803665 0.06054464355111122 0.003000000026077032
			vertex -0.03954974189400673 0.06528257578611374 0.003000000026077032
		endloop
	endfacet
	facet normal 0 0 1
		outer loop
			vertex -0.04546428471803665 0.08054464310407639 0.003000000026077032
			vertex -0.03954974189400673 0.06528257578611374 0.003000000026077032
			vertex -0.03816322609782219 0.07245028018951416 0.003000000026077032
		endloop
	endfacet
	facet normal 0 0 1
		outer loop
			vertex -0.038264285773038864 0.07371784746646881 0.003000000026077032
			vertex -0.04546428471803665 0.08054464310407639 0.003000000026077032
			vertex -0.03816322609782219 0.07245028018951416 0.003000000026077032
		endloop
	endfacet
	facet normal 0 0 1
		outer loop
			vertex -0.030101338401436806 0.06571950763463974 0.003000000026077032
			vertex -0.031370703130960464 0.06579472869634628 0.003000000026077032
			vertex -0.022996552288532257 0.05412910506129265 0.003000000026077032
		endloop
	endfacet
	facet normal 0 0 1
		outer loop
			vertex -0.030101338401436806 0.06571950763463974 0.003000000026077032
			vertex -0.022996552288532257 0.05412910506129265 0.003000000026077032
			vertex -0.022739995270967484 0.05450079217553139 0.003000000026077032
		endloop
	endfacet
	facet normal 0 0 1
		outer loop
			vertex -0.03816322609782219 0.07498542219400406 0.003000000026077032
			vertex -0.04546428471803665 0.08054464310407639 0.003000000026077032
			vertex -0.038264285773038864 0.07371784746646881 0.003000000026077032
		endloop
	endfacet
	facet normal 0 0 1
		outer loop
			vertex -0.028836091980338097 0.06584636867046356 0.003000000026077032
			vertex -0.030101338401436806 0.06571950763463974 0.003000000026077032
			vertex -0.022739995270967484 0.05450079217553139 0.003000000026077032
		endloop
	endfacet
	facet normal 0 0 1
		outer loop
			vertex -0.015464285388588905 0.05325848236680031 0.003000000026077032
			vertex -0.019464286044239998 0.05325848236680031 0.003000000026077032
			vertex -0.019464286044239998 0.04180389270186424 0.003000000026077032
		endloop
	endfacet
	facet normal 0 0 1
		outer loop
			vertex -0.015464285388588905 0.05325848236680031 0.003000000026077032
			vertex -0.019464286044239998 0.04180389270186424 0.003000000026077032
			vertex -0.015464285388588905 0.04180389270186424 0.003000000026077032
		endloop
	endfacet
	facet normal 0 0 1
		outer loop
			vertex -0.015409847721457481 0.0537068210542202 0.003000000026077032
			vertex -0.019464286044239998 0.05325848236680031 0.003000000026077032
			vertex -0.015464285388588905 0.05325848236680031 0.003000000026077032
		endloop
	endfacet
	facet normal 0 0 1
		outer loop
			vertex -0.015409847721457481 0.0537068210542202 0.003000000026077032
			vertex -0.019518723711371422 0.0537068210542202 0.003000000026077032
			vertex -0.019464286044239998 0.05325848236680031 0.003000000026077032
		endloop
	endfacet
	facet normal 0 0 1
		outer loop
			vertex -0.03786260262131691 0.07622095942497253 0.003000000026077032
			vertex -0.04546428471803665 0.08054464310407639 0.003000000026077032
			vertex -0.03816322609782219 0.07498542219400406 0.003000000026077032
		endloop
	endfacet
	facet normal 0 0 1
		outer loop
			vertex -0.015249695628881454 0.05412910506129265 0.003000000026077032
			vertex -0.019518723711371422 0.0537068210542202 0.003000000026077032
			vertex -0.015409847721457481 0.0537068210542202 0.003000000026077032
		endloop
	endfacet
	facet normal 0 0 1
		outer loop
			vertex -0.015249695628881454 0.05412910506129265 0.003000000026077032
			vertex -0.01967887580394745 0.05412910506129265 0.003000000026077032
			vertex -0.019518723711371422 0.0537068210542202 0.003000000026077032
		endloop
	endfacet
	facet normal 0 0 1
		outer loop
			vertex -0.005464285612106323 0.04436607286334038 0.003000000026077032
			vertex -0.011771867983043194 0.04135555028915405 0.003000000026077032
			vertex -0.01193202007561922 0.040933266282081604 0.003000000026077032
		endloop
	endfacet
	facet normal 0 0 1
		outer loop
			vertex -0.005464285612106323 0.04436607286334038 0.003000000026077032
			vertex -0.011717429384589195 0.04180389270186424 0.003000000026077032
			vertex -0.011771867983043194 0.04135555028915405 0.003000000026077032
		endloop
	endfacet
	facet normal 0 0 1
		outer loop
			vertex -0.005464285612106323 0.04436607286334038 0.003000000026077032
			vertex -0.01193202007561922 0.040933266282081604 0.003000000026077032
			vertex -0.005464285612106323 0.030544642359018326 0.003000000026077032
		endloop
	endfacet
	facet normal 0 0 1
		outer loop
			vertex -0.014993138611316681 0.05450079217553139 0.003000000026077032
			vertex -0.01967887580394745 0.05412910506129265 0.003000000026077032
			vertex -0.015249695628881454 0.05412910506129265 0.003000000026077032
		endloop
	endfacet
	facet normal 0 0 1
		outer loop
			vertex -0.014993138611316681 0.05450079217553139 0.003000000026077032
			vertex -0.019935432821512222 0.05450079217553139 0.003000000026077032
			vertex -0.01967887580394745 0.05412910506129265 0.003000000026077032
		endloop
	endfacet
	facet normal 0 0 1
		outer loop
			vertex -0.01465508621186018 0.054800283163785934 0.003000000026077032
			vertex -0.019935432821512222 0.05450079217553139 0.003000000026077032
			vertex -0.014993138611316681 0.05450079217553139 0.003000000026077032
		endloop
	endfacet
	facet normal 0 0 1
		outer loop
			vertex -0.01465508621186018 0.054800283163785934 0.003000000026077032
			vertex -0.020273486152291298 0.054800283163785934 0.003000000026077032
			vertex -0.019935432821512222 0.05450079217553139 0.003000000026077032
		endloop
	endfacet
	facet normal 0 0 1
		outer loop
			vertex -0.02260054275393486 0.06409508734941483 0.003000000026077032
			vertex -0.028836091980338097 0.06584636867046356 0.003000000026077032
			vertex -0.022739995270967484 0.05450079217553139 0.003000000026077032
		endloop
	endfacet
	facet normal 0 0 1
		outer loop
			vertex -0.02260054275393486 0.06409508734941483 0.003000000026077032
			vertex -0.022739995270967484 0.05450079217553139 0.003000000026077032
			vertex -0.022401941940188408 0.054800283163785934 0.003000000026077032
		endloop
	endfacet
	facet normal 0 0 1
		outer loop
			vertex -0.02260054275393486 0.06409508734941483 0.003000000026077032
			vertex -0.02760692872107029 0.06617209315299988 0.003000000026077032
			vertex -0.028836091980338097 0.06584636867046356 0.003000000026077032
		endloop
	endfacet
	facet normal 0 0 1
		outer loop
			vertex -0.011717429384589195 0.05325848236680031 0.003000000026077032
			vertex -0.011717429384589195 0.04180389270186424 0.003000000026077032
			vertex -0.005464285612106323 0.04436607286334038 0.003000000026077032
		endloop
	endfacet
	facet normal 0 0 1
		outer loop
			vertex -0.021750912070274353 0.06331704556941986 0.003000000026077032
			vertex -0.02260054275393486 0.06409508734941483 0.003000000026077032
			vertex -0.022401941940188408 0.054800283163785934 0.003000000026077032
		endloop
	endfacet
	facet normal 0 0 1
		outer loop
			vertex -0.021750912070274353 0.06331704556941986 0.003000000026077032
			vertex -0.022401941940188408 0.054800283163785934 0.003000000026077032
			vertex -0.022002041339874268 0.05501016601920128 0.003000000026077032
		endloop
	endfacet
	facet normal 0 0 1
		outer loop
			vertex -0.023311054334044456 0.0650019571185112 0.003000000026077032
			vertex -0.02760692872107029 0.06617209315299988 0.003000000026077032
			vertex -0.02260054275393486 0.06409508734941483 0.003000000026077032
		endloop
	endfacet
	facet normal 0 0 1
		outer loop
			vertex -0.023311054334044456 0.0650019571185112 0.003000000026077032
			vertex -0.026444900780916214 0.06668846309185028 0.003000000026077032
			vertex -0.02760692872107029 0.06617209315299988 0.003000000026077032
		endloop
	endfacet
	facet normal 0 0 1
		outer loop
			vertex -0.020785169675946236 0.0626889020204544 0.003000000026077032
			vertex -0.022002041339874268 0.05501016601920128 0.003000000026077032
			vertex -0.02156352996826172 0.055118247866630554 0.003000000026077032
		endloop
	endfacet
	facet normal 0 0 1
		outer loop
			vertex -0.020785169675946236 0.0626889020204544 0.003000000026077032
			vertex -0.021750912070274353 0.06331704556941986 0.003000000026077032
			vertex -0.022002041339874268 0.05501016601920128 0.003000000026077032
		endloop
	endfacet
	facet normal 0 0 1
		outer loop
			vertex -0.02386319823563099 0.06601307541131973 0.003000000026077032
			vertex -0.026444900780916214 0.06668846309185028 0.003000000026077032
			vertex -0.023311054334044456 0.0650019571185112 0.003000000026077032
		endloop
	endfacet
	facet normal 0 0 1
		outer loop
			vertex -0.02386319823563099 0.06601307541131973 0.003000000026077032
			vertex -0.025379370898008347 0.06738242506980896 0.003000000026077032
			vertex -0.026444900780916214 0.06668846309185028 0.003000000026077032
		endloop
	endfacet
	facet normal 0 0 1
		outer loop
			vertex -0.019729478284716606 0.06222765892744064 0.003000000026077032
			vertex -0.020785169675946236 0.0626889020204544 0.003000000026077032
			vertex -0.02156352996826172 0.055118247866630554 0.003000000026077032
		endloop
	endfacet
	facet normal 0 0 1
		outer loop
			vertex -0.019729478284716606 0.06222765892744064 0.003000000026077032
			vertex -0.02156352996826172 0.055118247866630554 0.003000000026077032
			vertex -0.021111896261572838 0.055118247866630554 0.003000000026077032
		endloop
	endfacet
	facet normal 0 0 1
		outer loop
			vertex -0.03923235088586807 0.0817948654294014 0.003000000026077032
			vertex -0.04546428471803665 0.08054464310407639 0.003000000026077032
			vertex -0.03786260262131691 0.07622095942497253 0.003000000026077032
		endloop
	endfacet
	facet normal 0 0 1
		outer loop
			vertex -0.03923235088586807 0.0817948654294014 0.003000000026077032
			vertex -0.03786260262131691 0.07622095942497253 0.003000000026077032
			vertex -0.03737001121044159 0.07739326357841492 0.003000000026077032
		endloop
	endfacet
	facet normal 0 0 1
		outer loop
			vertex -0.03923235088586807 0.0817948654294014 0.003000000026077032
			vertex -0.03941279649734497 0.081954725086689 0.003000000026077032
			vertex -0.04546428471803665 0.08054464310407639 0.003000000026077032
		endloop
	endfacet
	facet normal 0 0 1
		outer loop
			vertex -0.03954974189400673 0.08215312659740448 0.003000000026077032
			vertex -0.04546428471803665 0.08054464310407639 0.003000000026077032
			vertex -0.03941279649734497 0.081954725086689 0.003000000026077032
		endloop
	endfacet
	facet normal 0 0 1
		outer loop
			vertex -0.039018891751766205 0.08168283104896545 0.003000000026077032
			vertex -0.03923235088586807 0.0817948654294014 0.003000000026077032
			vertex -0.03737001121044159 0.07739326357841492 0.003000000026077032
		endloop
	endfacet
	facet normal 0 0 1
		outer loop
			vertex -0.039635226130485535 0.08237853646278381 0.003000000026077032
			vertex -0.04546428471803665 0.08054464310407639 0.003000000026077032
			vertex -0.03954974189400673 0.08215312659740448 0.003000000026077032
		endloop
	endfacet
	facet normal 0 0 1
		outer loop
			vertex -0.03878482058644295 0.08162514120340347 0.003000000026077032
			vertex -0.03737001121044159 0.07739326357841492 0.003000000026077032
			vertex -0.03669789433479309 0.07847271114587784 0.003000000026077032
		endloop
	endfacet
	facet normal 0 0 1
		outer loop
			vertex -0.03878482058644295 0.08162514120340347 0.003000000026077032
			vertex -0.039018891751766205 0.08168283104896545 0.003000000026077032
			vertex -0.03737001121044159 0.07739326357841492 0.003000000026077032
		endloop
	endfacet
	facet normal 0 0 1
		outer loop
			vertex -0.024242017418146133 0.06710106134414673 0.003000000026077032
			vertex -0.025379370898008347 0.06738242506980896 0.003000000026077032
			vertex -0.02386319823563099 0.06601307541131973 0.003000000026077032
		endloop
	endfacet
	facet normal 0 0 1
		outer loop
			vertex -0.039664287120103836 0.082617849111557 0.003000000026077032
			vertex -0.04546428471803665 0.08054464310407639 0.003000000026077032
			vertex -0.039635226130485535 0.08237853646278381 0.003000000026077032
		endloop
	endfacet
	facet normal 0 0 1
		outer loop
			vertex -0.03854374960064888 0.08162514120340347 0.003000000026077032
			vertex -0.03878482058644295 0.08162514120340347 0.003000000026077032
			vertex -0.03669789433479309 0.07847271114587784 0.003000000026077032
		endloop
	endfacet
	facet normal 0 0 1
		outer loop
			vertex -0.039635226130485535 0.0828571692109108 0.003000000026077032
			vertex -0.04546428471803665 0.08054464310407639 0.003000000026077032
			vertex -0.039664287120103836 0.082617849111557 0.003000000026077032
		endloop
	endfacet
	facet normal 0 0 1
		outer loop
			vertex -0.01861243136227131 0.06194582208991051 0.003000000026077032
			vertex -0.019729478284716606 0.06222765892744064 0.003000000026077032
			vertex -0.021111896261572838 0.055118247866630554 0.003000000026077032
		endloop
	endfacet
	facet normal 0 0 1
		outer loop
			vertex -0.01861243136227131 0.06194582208991051 0.003000000026077032
			vertex -0.021111896261572838 0.055118247866630554 0.003000000026077032
			vertex -0.020673386752605438 0.05501016601920128 0.003000000026077032
		endloop
	endfacet
	facet normal 0 0 1
		outer loop
			vertex -0.01861243136227131 0.06194582208991051 0.003000000026077032
			vertex -0.020673386752605438 0.05501016601920128 0.003000000026077032
			vertex -0.020273486152291298 0.054800283163785934 0.003000000026077032
		endloop
	endfacet
	facet normal 0 0 1
		outer loop
			vertex -0.03830968216061592 0.08168283104896545 0.003000000026077032
			vertex -0.03854374960064888 0.08162514120340347 0.003000000026077032
			vertex -0.03669789433479309 0.07847271114587784 0.003000000026077032
		endloop
	endfacet
	facet normal 0 0 1
		outer loop
			vertex -0.03954974189400673 0.08308257162570953 0.003000000026077032
			vertex -0.04546428471803665 0.08054464310407639 0.003000000026077032
			vertex -0.039635226130485535 0.0828571692109108 0.003000000026077032
		endloop
	endfacet
	facet normal 0 0 1
		outer loop
			vertex -0.035863231867551804 0.07943202555179596 0.003000000026077032
			vertex -0.03830968216061592 0.08168283104896545 0.003000000026077032
			vertex -0.03669789433479309 0.07847271114587784 0.003000000026077032
		endloop
	endfacet
	facet normal 0 0 1
		outer loop
			vertex -0.038096219301223755 0.0817948654294014 0.003000000026077032
			vertex -0.03830968216061592 0.08168283104896545 0.003000000026077032
			vertex -0.035863231867551804 0.07943202555179596 0.003000000026077032
		endloop
	endfacet
	facet normal 0 0 1
		outer loop
			vertex -0.024437256157398224 0.06823645532131195 0.003000000026077032
			vertex -0.025379370898008347 0.06738242506980896 0.003000000026077032
			vertex -0.024242017418146133 0.06710106134414673 0.003000000026077032
		endloop
	endfacet
	facet normal 0 0 1
		outer loop
			vertex -0.03941279649734497 0.08328097313642502 0.003000000026077032
			vertex -0.04546428471803665 0.08054464310407639 0.003000000026077032
			vertex -0.03954974189400673 0.08308257162570953 0.003000000026077032
		endloop
	endfacet
	facet normal 0 0 1
		outer loop
			vertex -0.03791577368974686 0.081954725086689 0.003000000026077032
			vertex -0.038096219301223755 0.0817948654294014 0.003000000026077032
			vertex -0.035863231867551804 0.07943202555179596 0.003000000026077032
		endloop
	endfacet
	facet normal 0 0 1
		outer loop
			vertex -0.03923235088586807 0.08344083279371262 0.003000000026077032
			vertex -0.04546428471803665 0.08054464310407639 0.003000000026077032
			vertex -0.03941279649734497 0.08328097313642502 0.003000000026077032
		endloop
	endfacet
	facet normal 0 0 1
		outer loop
			vertex -0.0377788282930851 0.08215312659740448 0.003000000026077032
			vertex -0.03791577368974686 0.081954725086689 0.003000000026077032
			vertex -0.035863231867551804 0.07943202555179596 0.003000000026077032
		endloop
	endfacet
	facet normal 0 0 1
		outer loop
			vertex -0.01746428571641445 0.06185101717710495 0.003000000026077032
			vertex -0.020273486152291298 0.054800283163785934 0.003000000026077032
			vertex -0.01465508621186018 0.054800283163785934 0.003000000026077032
		endloop
	endfacet
	facet normal 0 0 1
		outer loop
			vertex -0.01746428571641445 0.06185101717710495 0.003000000026077032
			vertex -0.01861243136227131 0.06194582208991051 0.003000000026077032
			vertex -0.020273486152291298 0.054800283163785934 0.003000000026077032
		endloop
	endfacet
	facet normal 0 0 1
		outer loop
			vertex -0.03488711640238762 0.08024697005748749 0.003000000026077032
			vertex -0.0377788282930851 0.08215312659740448 0.003000000026077032
			vertex -0.035863231867551804 0.07943202555179596 0.003000000026077032
		endloop
	endfacet
	facet normal 0 0 1
		outer loop
			vertex -0.03488711640238762 0.08024697005748749 0.003000000026077032
			vertex -0.03766428679227829 0.082617849111557 0.003000000026077032
			vertex -0.03769334405660629 0.08237853646278381 0.003000000026077032
		endloop
	endfacet
	facet normal 0 0 1
		outer loop
			vertex -0.03488711640238762 0.08024697005748749 0.003000000026077032
			vertex -0.03769334405660629 0.08237853646278381 0.003000000026077032
			vertex -0.0377788282930851 0.08215312659740448 0.003000000026077032
		endloop
	endfacet
	facet normal 0 0 1
		outer loop
			vertex -0.016316140070557594 0.06194582208991051 0.003000000026077032
			vertex -0.014255184680223465 0.05501016601920128 0.003000000026077032
			vertex -0.01381667423993349 0.055118247866630554 0.003000000026077032
		endloop
	endfacet
	facet normal 0 0 1
		outer loop
			vertex -0.016316140070557594 0.06194582208991051 0.003000000026077032
			vertex -0.01465508621186018 0.054800283163785934 0.003000000026077032
			vertex -0.014255184680223465 0.05501016601920128 0.003000000026077032
		endloop
	endfacet
	facet normal 0 0 1
		outer loop
			vertex -0.016316140070557594 0.06194582208991051 0.003000000026077032
			vertex -0.01746428571641445 0.06185101717710495 0.003000000026077032
			vertex -0.01465508621186018 0.054800283163785934 0.003000000026077032
		endloop
	endfacet
	facet normal 0 0 1
		outer loop
			vertex -0.015199093148112297 0.06222765892744064 0.003000000026077032
			vertex -0.016316140070557594 0.06194582208991051 0.003000000026077032
			vertex -0.01381667423993349 0.055118247866630554 0.003000000026077032
		endloop
	endfacet
	facet normal 0 0 1
		outer loop
			vertex -0.015199093148112297 0.06222765892744064 0.003000000026077032
			vertex -0.01381667423993349 0.055118247866630554 0.003000000026077032
			vertex -0.01336504053324461 0.055118247866630554 0.003000000026077032
		endloop
	endfacet
	facet normal 0 0 1
		outer loop
			vertex -0.033794205635786057 0.08089696615934372 0.003000000026077032
			vertex -0.0377788282930851 0.08308257162570953 0.003000000026077032
			vertex -0.03769334405660629 0.0828571692109108 0.003000000026077032
		endloop
	endfacet
	facet normal 0 0 1
		outer loop
			vertex -0.033794205635786057 0.08089696615934372 0.003000000026077032
			vertex -0.03769334405660629 0.0828571692109108 0.003000000026077032
			vertex -0.03766428679227829 0.082617849111557 0.003000000026077032
		endloop
	endfacet
	facet normal 0 0 1
		outer loop
			vertex -0.033794205635786057 0.08089696615934372 0.003000000026077032
			vertex -0.03766428679227829 0.082617849111557 0.003000000026077032
			vertex -0.03488711640238762 0.08024697005748749 0.003000000026077032
		endloop
	endfacet
	facet normal 0 0 1
		outer loop
			vertex -0.014143401756882668 0.0626889020204544 0.003000000026077032
			vertex -0.01336504053324461 0.055118247866630554 0.003000000026077032
			vertex -0.01292653102427721 0.05501016601920128 0.003000000026077032
		endloop
	endfacet
	facet normal 0 0 1
		outer loop
			vertex -0.014143401756882668 0.0626889020204544 0.003000000026077032
			vertex -0.015199093148112297 0.06222765892744064 0.003000000026077032
			vertex -0.01336504053324461 0.055118247866630554 0.003000000026077032
		endloop
	endfacet
	facet normal 0 0 1
		outer loop
			vertex -0.032612111419439316 0.08136557787656784 0.003000000026077032
			vertex -0.0377788282930851 0.08308257162570953 0.003000000026077032
			vertex -0.033794205635786057 0.08089696615934372 0.003000000026077032
		endloop
	endfacet
	facet normal 0 0 1
		outer loop
			vertex -0.032612111419439316 0.08136557787656784 0.003000000026077032
			vertex -0.03791577368974686 0.08328097313642502 0.003000000026077032
			vertex -0.0377788282930851 0.08308257162570953 0.003000000026077032
		endloop
	endfacet
	facet normal 0 0 1
		outer loop
			vertex -0.013177660293877125 0.06331704556941986 0.003000000026077032
			vertex -0.01292653102427721 0.05501016601920128 0.003000000026077032
			vertex -0.012526629492640495 0.054800283163785934 0.003000000026077032
		endloop
	endfacet
	facet normal 0 0 1
		outer loop
			vertex -0.013177660293877125 0.06331704556941986 0.003000000026077032
			vertex -0.014143401756882668 0.0626889020204544 0.003000000026077032
			vertex -0.01292653102427721 0.05501016601920128 0.003000000026077032
		endloop
	endfacet
	facet normal 0 0 1
		outer loop
			vertex -0.012328027747571468 0.06409508734941483 0.003000000026077032
			vertex -0.012526629492640495 0.054800283163785934 0.003000000026077032
			vertex -0.012188577093183994 0.05450079217553139 0.003000000026077032
		endloop
	endfacet
	facet normal 0 0 1
		outer loop
			vertex -0.012328027747571468 0.06409508734941483 0.003000000026077032
			vertex -0.013177660293877125 0.06331704556941986 0.003000000026077032
			vertex -0.012526629492640495 0.054800283163785934 0.003000000026077032
		endloop
	endfacet
	facet normal 0 0 1
		outer loop
			vertex -0.024242017418146133 0.08033464103937149 0.003000000026077032
			vertex -0.025379370898008347 0.08005327731370926 0.003000000026077032
			vertex -0.024437256157398224 0.07919924706220627 0.003000000026077032
		endloop
	endfacet
	facet normal 0 0 1
		outer loop
			vertex -0.02386319823563099 0.08142262697219849 0.003000000026077032
			vertex -0.026444900780916214 0.08074723929166794 0.003000000026077032
			vertex -0.025379370898008347 0.08005327731370926 0.003000000026077032
		endloop
	endfacet
	facet normal 0 0 1
		outer loop
			vertex -0.02386319823563099 0.08142262697219849 0.003000000026077032
			vertex -0.025379370898008347 0.08005327731370926 0.003000000026077032
			vertex -0.024242017418146133 0.08033464103937149 0.003000000026077032
		endloop
	endfacet
	facet normal 0 0 1
		outer loop
			vertex -0.009549200534820557 0.06738242506980896 0.003000000026077032
			vertex -0.010491316206753254 0.06823645532131195 0.003000000026077032
			vertex -0.010686553083360195 0.06710106134414673 0.003000000026077032
		endloop
	endfacet
	facet normal 0 0 1
		outer loop
			vertex -0.009549200534820557 0.06738242506980896 0.003000000026077032
			vertex -0.010686553083360195 0.06710106134414673 0.003000000026077032
			vertex -0.011065374128520489 0.06601307541131973 0.003000000026077032
		endloop
	endfacet
	facet normal 0 0 1
		outer loop
			vertex -0.008483669720590115 0.06668846309185028 0.003000000026077032
			vertex -0.011065374128520489 0.06601307541131973 0.003000000026077032
			vertex -0.011617517098784447 0.0650019571185112 0.003000000026077032
		endloop
	endfacet
	facet normal 0 0 1
		outer loop
			vertex -0.008483669720590115 0.06668846309185028 0.003000000026077032
			vertex -0.009549200534820557 0.06738242506980896 0.003000000026077032
			vertex -0.011065374128520489 0.06601307541131973 0.003000000026077032
		endloop
	endfacet
	facet normal 0 0 1
		outer loop
			vertex -0.007321643643081188 0.06617209315299988 0.003000000026077032
			vertex -0.011617517098784447 0.0650019571185112 0.003000000026077032
			vertex -0.012328027747571468 0.06409508734941483 0.003000000026077032
		endloop
	endfacet
	facet normal 0 0 1
		outer loop
			vertex -0.007321643643081188 0.06617209315299988 0.003000000026077032
			vertex -0.008483669720590115 0.06668846309185028 0.003000000026077032
			vertex -0.011617517098784447 0.0650019571185112 0.003000000026077032
		endloop
	endfacet
	facet normal 0 0 1
		outer loop
			vertex -0.03346428647637367 0.09254464507102966 0.003000000026077032
			vertex -0.030101338401436806 0.08171619474887848 0.003000000026077032
			vertex -0.028836091980338097 0.08158933371305466 0.003000000026077032
		endloop
	endfacet
	facet normal 0 0 1
		outer loop
			vertex -0.03346428647637367 0.09254464507102966 0.003000000026077032
			vertex -0.031370703130960464 0.08164097368717194 0.003000000026077032
			vertex -0.030101338401436806 0.08171619474887848 0.003000000026077032
		endloop
	endfacet
	facet normal 0 0 1
		outer loop
			vertex -0.03346428647637367 0.09254464507102966 0.003000000026077032
			vertex -0.032612111419439316 0.08136557787656784 0.003000000026077032
			vertex -0.031370703130960464 0.08164097368717194 0.003000000026077032
		endloop
	endfacet
	facet normal 0 0 1
		outer loop
			vertex -0.03346428647637367 0.09254464507102966 0.003000000026077032
			vertex -0.04546428471803665 0.08054464310407639 0.003000000026077032
			vertex -0.03923235088586807 0.08344083279371262 0.003000000026077032
		endloop
	endfacet
	facet normal 0 0 1
		outer loop
			vertex -0.03346428647637367 0.09254464507102966 0.003000000026077032
			vertex -0.03923235088586807 0.08344083279371262 0.003000000026077032
			vertex -0.039018891751766205 0.08355286717414856 0.003000000026077032
		endloop
	endfacet
	facet normal 0 0 1
		outer loop
			vertex -0.03346428647637367 0.09254464507102966 0.003000000026077032
			vertex -0.039018891751766205 0.08355286717414856 0.003000000026077032
			vertex -0.03878482058644295 0.08361055701971054 0.003000000026077032
		endloop
	endfacet
	facet normal 0 0 1
		outer loop
			vertex -0.03346428647637367 0.09254464507102966 0.003000000026077032
			vertex -0.03878482058644295 0.08361055701971054 0.003000000026077032
			vertex -0.03854374960064888 0.08361055701971054 0.003000000026077032
		endloop
	endfacet
	facet normal 0 0 1
		outer loop
			vertex -0.03346428647637367 0.09254464507102966 0.003000000026077032
			vertex -0.03854374960064888 0.08361055701971054 0.003000000026077032
			vertex -0.03830968216061592 0.08355286717414856 0.003000000026077032
		endloop
	endfacet
	facet normal 0 0 1
		outer loop
			vertex -0.03346428647637367 0.09254464507102966 0.003000000026077032
			vertex -0.03830968216061592 0.08355286717414856 0.003000000026077032
			vertex -0.038096219301223755 0.08344083279371262 0.003000000026077032
		endloop
	endfacet
	facet normal 0 0 1
		outer loop
			vertex -0.03346428647637367 0.09254464507102966 0.003000000026077032
			vertex -0.038096219301223755 0.08344083279371262 0.003000000026077032
			vertex -0.03791577368974686 0.08328097313642502 0.003000000026077032
		endloop
	endfacet
	facet normal 0 0 1
		outer loop
			vertex -0.03346428647637367 0.09254464507102966 0.003000000026077032
			vertex -0.03791577368974686 0.08328097313642502 0.003000000026077032
			vertex -0.032612111419439316 0.08136557787656784 0.003000000026077032
		endloop
	endfacet
	facet normal 0 0 1
		outer loop
			vertex -0.023311054334044456 0.08243374526500702 0.003000000026077032
			vertex -0.02760692872107029 0.08126360923051834 0.003000000026077032
			vertex -0.026444900780916214 0.08074723929166794 0.003000000026077032
		endloop
	endfacet
	facet normal 0 0 1
		outer loop
			vertex -0.023311054334044456 0.08243374526500702 0.003000000026077032
			vertex -0.026444900780916214 0.08074723929166794 0.003000000026077032
			vertex -0.02386319823563099 0.08142262697219849 0.003000000026077032
		endloop
	endfacet
	facet normal 0 0 1
		outer loop
			vertex -0.006092479452490807 0.06584636867046356 0.003000000026077032
			vertex -0.012328027747571468 0.06409508734941483 0.003000000026077032
			vertex -0.012188577093183994 0.05450079217553139 0.003000000026077032
		endloop
	endfacet
	facet normal 0 0 1
		outer loop
			vertex -0.006092479452490807 0.06584636867046356 0.003000000026077032
			vertex -0.007321643643081188 0.06617209315299988 0.003000000026077032
			vertex -0.012328027747571468 0.06409508734941483 0.003000000026077032
		endloop
	endfacet
	facet normal 0 0 1
		outer loop
			vertex -0.02260054275393486 0.0833406150341034 0.003000000026077032
			vertex -0.028836091980338097 0.08158933371305466 0.003000000026077032
			vertex -0.02760692872107029 0.08126360923051834 0.003000000026077032
		endloop
	endfacet
	facet normal 0 0 1
		outer loop
			vertex -0.02260054275393486 0.0833406150341034 0.003000000026077032
			vertex -0.03346428647637367 0.09254464507102966 0.003000000026077032
			vertex -0.028836091980338097 0.08158933371305466 0.003000000026077032
		endloop
	endfacet
	facet normal 0 0 1
		outer loop
			vertex -0.02260054275393486 0.0833406150341034 0.003000000026077032
			vertex -0.02760692872107029 0.08126360923051834 0.003000000026077032
			vertex -0.023311054334044456 0.08243374526500702 0.003000000026077032
		endloop
	endfacet
	facet normal 0 0 1
		outer loop
			vertex -0.00482723256573081 0.06571950763463974 0.003000000026077032
			vertex -0.012188577093183994 0.05450079217553139 0.003000000026077032
			vertex -0.01193202007561922 0.05412910506129265 0.003000000026077032
		endloop
	endfacet
	facet normal 0 0 1
		outer loop
			vertex -0.00482723256573081 0.06571950763463974 0.003000000026077032
			vertex -0.006092479452490807 0.06584636867046356 0.003000000026077032
			vertex -0.012188577093183994 0.05450079217553139 0.003000000026077032
		endloop
	endfacet
	facet normal 0 0 1
		outer loop
			vertex -0.003557868767529726 0.06579472869634628 0.003000000026077032
			vertex -0.00482723256573081 0.06571950763463974 0.003000000026077032
			vertex -0.01193202007561922 0.05412910506129265 0.003000000026077032
		endloop
	endfacet
	facet normal 0 0 1
		outer loop
			vertex -0.003557868767529726 0.06579472869634628 0.003000000026077032
			vertex -0.01193202007561922 0.05412910506129265 0.003000000026077032
			vertex -0.011771867983043194 0.0537068210542202 0.003000000026077032
		endloop
	endfacet
	facet normal 0 0 1
		outer loop
			vertex -0.021750912070274353 0.08411865681409836 0.003000000026077032
			vertex -0.03346428647637367 0.09254464507102966 0.003000000026077032
			vertex -0.02260054275393486 0.0833406150341034 0.003000000026077032
		endloop
	endfacet
	facet normal 0 0 1
		outer loop
			vertex -0.020785169675946236 0.08474680036306381 0.003000000026077032
			vertex -0.03346428647637367 0.09254464507102966 0.003000000026077032
			vertex -0.021750912070274353 0.08411865681409836 0.003000000026077032
		endloop
	endfacet
	facet normal 0 0 1
		outer loop
			vertex -0.019729478284716606 0.08520804345607758 0.003000000026077032
			vertex -0.03346428647637367 0.09254464507102966 0.003000000026077032
			vertex -0.020785169675946236 0.08474680036306381 0.003000000026077032
		endloop
	endfacet
	facet normal 0 0 1
		outer loop
			vertex -0.01861243136227131 0.08548988401889801 0.003000000026077032
			vertex -0.03346428647637367 0.09254464507102966 0.003000000026077032
			vertex -0.019729478284716606 0.08520804345607758 0.003000000026077032
		endloop
	endfacet
	facet normal 0 0 1
		outer loop
			vertex 0.0029872036539018154 0.0641547292470932 0.003000000026077032
			vertex -0.002316458383575082 0.06607012450695038 0.003000000026077032
			vertex -0.003557868767529726 0.06579472869634628 0.003000000026077032
		endloop
	endfacet
	facet normal 0 0 1
		outer loop
			vertex 0.0031676494982093573 0.0639948695898056 0.003000000026077032
			vertex 0.0029872036539018154 0.0641547292470932 0.003000000026077032
			vertex -0.003557868767529726 0.06579472869634628 0.003000000026077032
		endloop
	endfacet
	facet normal 0 0 1
		outer loop
			vertex 0.0031676494982093573 0.0639948695898056 0.003000000026077032
			vertex -0.003557868767529726 0.06579472869634628 0.003000000026077032
			vertex -0.011771867983043194 0.0537068210542202 0.003000000026077032
		endloop
	endfacet
	facet normal 0 0 1
		outer loop
			vertex 0.002850258257240057 0.06435313075780869 0.003000000026077032
			vertex -0.002316458383575082 0.06607012450695038 0.003000000026077032
			vertex 0.0029872036539018154 0.0641547292470932 0.003000000026077032
		endloop
	endfacet
	facet normal 0 0 1
		outer loop
			vertex 0.002850258257240057 0.06435313075780869 0.003000000026077032
			vertex -0.0011343652149662375 0.0665387362241745 0.003000000026077032
			vertex -0.002316458383575082 0.06607012450695038 0.003000000026077032
		endloop
	endfacet
	facet normal 0 0 1
		outer loop
			vertex 0.003381109330803156 0.06388283520936966 0.003000000026077032
			vertex -0.011771867983043194 0.0537068210542202 0.003000000026077032
			vertex -0.011717429384589195 0.05325848236680031 0.003000000026077032
		endloop
	endfacet
	facet normal 0 0 1
		outer loop
			vertex 0.003381109330803156 0.06388283520936966 0.003000000026077032
			vertex 0.0031676494982093573 0.0639948695898056 0.003000000026077032
			vertex -0.011771867983043194 0.0537068210542202 0.003000000026077032
		endloop
	endfacet
	facet normal 0 0 1
		outer loop
			vertex 0.003381109330803156 0.06388283520936966 0.003000000026077032
			vertex -0.011717429384589195 0.05325848236680031 0.003000000026077032
			vertex -0.005464285612106323 0.04436607286334038 0.003000000026077032
		endloop
	endfacet
	facet normal 0 0 1
		outer loop
			vertex 0.002764772390946746 0.06457853317260742 0.003000000026077032
			vertex -0.0011343652149662375 0.0665387362241745 0.003000000026077032
			vertex 0.002850258257240057 0.06435313075780869 0.003000000026077032
		endloop
	endfacet
	facet normal 0 0 1
		outer loop
			vertex 0.0036151777021586895 0.06382514536380768 0.003000000026077032
			vertex 0.003381109330803156 0.06388283520936966 0.003000000026077032
			vertex -0.005464285612106323 0.04436607286334038 0.003000000026077032
		endloop
	endfacet
	facet normal 0 0 1
		outer loop
			vertex 0.0027357141952961683 0.06481785327196121 0.003000000026077032
			vertex -0.0011343652149662375 0.0665387362241745 0.003000000026077032
			vertex 0.002764772390946746 0.06457853317260742 0.003000000026077032
		endloop
	endfacet
	facet normal 0 0 1
		outer loop
			vertex 0.0027357141952961683 0.06481785327196121 0.003000000026077032
			vertex -0.000041454422898823395 0.06718873232603073 0.003000000026077032
			vertex -0.0011343652149662375 0.0665387362241745 0.003000000026077032
		endloop
	endfacet
	facet normal 0 0 1
		outer loop
			vertex 0.002764772390946746 0.0650571659207344 0.003000000026077032
			vertex -0.000041454422898823395 0.06718873232603073 0.003000000026077032
			vertex 0.0027357141952961683 0.06481785327196121 0.003000000026077032
		endloop
	endfacet
	facet normal 0 0 1
		outer loop
			vertex -0.01746428571641445 0.08558468520641327 0.003000000026077032
			vertex -0.03346428647637367 0.09254464507102966 0.003000000026077032
			vertex -0.01861243136227131 0.08548988401889801 0.003000000026077032
		endloop
	endfacet
	facet normal 0 0 1
		outer loop
			vertex 0.002850258257240057 0.06528257578611374 0.003000000026077032
			vertex -0.000041454422898823395 0.06718873232603073 0.003000000026077032
			vertex 0.002764772390946746 0.0650571659207344 0.003000000026077032
		endloop
	endfacet
	facet normal 0 0 1
		outer loop
			vertex 0.0009346617734991014 0.06800367683172226 0.003000000026077032
			vertex 0.002850258257240057 0.06528257578611374 0.003000000026077032
			vertex 0.0029872036539018154 0.06548096984624863 0.003000000026077032
		endloop
	endfacet
	facet normal 0 0 1
		outer loop
			vertex 0.0009346617734991014 0.06800367683172226 0.003000000026077032
			vertex 0.0029872036539018154 0.06548096984624863 0.003000000026077032
			vertex 0.0031676494982093573 0.06564083695411682 0.003000000026077032
		endloop
	endfacet
	facet normal 0 0 1
		outer loop
			vertex 0.0009346617734991014 0.06800367683172226 0.003000000026077032
			vertex -0.000041454422898823395 0.06718873232603073 0.003000000026077032
			vertex 0.002850258257240057 0.06528257578611374 0.003000000026077032
		endloop
	endfacet
	facet normal 0 0 1
		outer loop
			vertex 0.003381109330803156 0.06575286388397217 0.003000000026077032
			vertex 0.0009346617734991014 0.06800367683172226 0.003000000026077032
			vertex 0.0031676494982093573 0.06564083695411682 0.003000000026077032
		endloop
	endfacet
	facet normal 0 0 1
		outer loop
			vertex -0.009549200534820557 0.08005327731370926 0.003000000026077032
			vertex -0.010686553083360195 0.08033464103937149 0.003000000026077032
			vertex -0.010491316206753254 0.07919924706220627 0.003000000026077032
		endloop
	endfacet
	facet normal 0 0 1
		outer loop
			vertex -0.009549200534820557 0.08005327731370926 0.003000000026077032
			vertex -0.011065374128520489 0.08142262697219849 0.003000000026077032
			vertex -0.010686553083360195 0.08033464103937149 0.003000000026077032
		endloop
	endfacet
	facet normal 0 0 1
		outer loop
			vertex 0.0017693220870569348 0.06896299123764038 0.003000000026077032
			vertex 0.003381109330803156 0.06575286388397217 0.003000000026077032
			vertex 0.0036151777021586895 0.06581056118011475 0.003000000026077032
		endloop
	endfacet
	facet normal 0 0 1
		outer loop
			vertex 0.0017693220870569348 0.06896299123764038 0.003000000026077032
			vertex 0.0036151777021586895 0.06581056118011475 0.003000000026077032
			vertex 0.0038562510162591934 0.06581056118011475 0.003000000026077032
		endloop
	endfacet
	facet normal 0 0 1
		outer loop
			vertex 0.0017693220870569348 0.06896299123764038 0.003000000026077032
			vertex 0.0009346617734991014 0.06800367683172226 0.003000000026077032
			vertex 0.003381109330803156 0.06575286388397217 0.003000000026077032
		endloop
	endfacet
	facet normal 0 0 1
		outer loop
			vertex 0.010535714216530323 0.06054464355111122 0.003000000026077032
			vertex 0.004621170461177826 0.06528257578611374 0.003000000026077032
			vertex 0.004706656094640493 0.0650571659207344 0.003000000026077032
		endloop
	endfacet
	facet normal 0 0 1
		outer loop
			vertex 0.010535714216530323 0.06054464355111122 0.003000000026077032
			vertex 0.004706656094640493 0.0650571659207344 0.003000000026077032
			vertex 0.004735714290291071 0.06481785327196121 0.003000000026077032
		endloop
	endfacet
	facet normal 0 0 1
		outer loop
			vertex 0.010535714216530323 0.06054464355111122 0.003000000026077032
			vertex 0.004735714290291071 0.06481785327196121 0.003000000026077032
			vertex 0.004706656094640493 0.06457853317260742 0.003000000026077032
		endloop
	endfacet
	facet normal 0 0 1
		outer loop
			vertex 0.010535714216530323 0.06054464355111122 0.003000000026077032
			vertex 0.004706656094640493 0.06457853317260742 0.003000000026077032
			vertex 0.004621170461177826 0.06435313075780869 0.003000000026077032
		endloop
	endfacet
	facet normal 0 0 1
		outer loop
			vertex 0.010535714216530323 0.06054464355111122 0.003000000026077032
			vertex 0.0036151777021586895 0.06382514536380768 0.003000000026077032
			vertex -0.005464285612106323 0.04436607286334038 0.003000000026077032
		endloop
	endfacet
	facet normal 0 0 1
		outer loop
			vertex 0.010535714216530323 0.06054464355111122 0.003000000026077032
			vertex 0.004621170461177826 0.06435313075780869 0.003000000026077032
			vertex 0.0044842250645160675 0.0641547292470932 0.003000000026077032
		endloop
	endfacet
	facet normal 0 0 1
		outer loop
			vertex 0.010535714216530323 0.06054464355111122 0.003000000026077032
			vertex 0.0044842250645160675 0.0641547292470932 0.003000000026077032
			vertex 0.004303778987377882 0.0639948695898056 0.003000000026077032
		endloop
	endfacet
	facet normal 0 0 1
		outer loop
			vertex 0.010535714216530323 0.06054464355111122 0.003000000026077032
			vertex 0.004303778987377882 0.0639948695898056 0.003000000026077032
			vertex 0.004090319387614727 0.06388283520936966 0.003000000026077032
		endloop
	endfacet
	facet normal 0 0 1
		outer loop
			vertex 0.010535714216530323 0.06054464355111122 0.003000000026077032
			vertex 0.004090319387614727 0.06388283520936966 0.003000000026077032
			vertex 0.0038562510162591934 0.06382514536380768 0.003000000026077032
		endloop
	endfacet
	facet normal 0 0 1
		outer loop
			vertex 0.010535714216530323 0.06054464355111122 0.003000000026077032
			vertex 0.0038562510162591934 0.06382514536380768 0.003000000026077032
			vertex 0.0036151777021586895 0.06382514536380768 0.003000000026077032
		endloop
	endfacet
	facet normal 0 0 1
		outer loop
			vertex -0.008483669720590115 0.08074723929166794 0.003000000026077032
			vertex -0.011617517098784447 0.08243374526500702 0.003000000026077032
			vertex -0.011065374128520489 0.08142262697219849 0.003000000026077032
		endloop
	endfacet
	facet normal 0 0 1
		outer loop
			vertex -0.008483669720590115 0.08074723929166794 0.003000000026077032
			vertex -0.011065374128520489 0.08142262697219849 0.003000000026077032
			vertex -0.009549200534820557 0.08005327731370926 0.003000000026077032
		endloop
	endfacet
	facet normal 0 0 1
		outer loop
			vertex 0.002441439079120755 0.0700424388051033 0.003000000026077032
			vertex 0.0038562510162591934 0.06581056118011475 0.003000000026077032
			vertex 0.004090319387614727 0.06575286388397217 0.003000000026077032
		endloop
	endfacet
	facet normal 0 0 1
		outer loop
			vertex 0.002441439079120755 0.0700424388051033 0.003000000026077032
			vertex 0.004090319387614727 0.06575286388397217 0.003000000026077032
			vertex 0.004303778987377882 0.06564083695411682 0.003000000026077032
		endloop
	endfacet
	facet normal 0 0 1
		outer loop
			vertex 0.002441439079120755 0.0700424388051033 0.003000000026077032
			vertex 0.0017693220870569348 0.06896299123764038 0.003000000026077032
			vertex 0.0038562510162591934 0.06581056118011475 0.003000000026077032
		endloop
	endfacet
	facet normal 0 0 1
		outer loop
			vertex -0.007321643643081188 0.08126360923051834 0.003000000026077032
			vertex -0.012328027747571468 0.0833406150341034 0.003000000026077032
			vertex -0.011617517098784447 0.08243374526500702 0.003000000026077032
		endloop
	endfacet
	facet normal 0 0 1
		outer loop
			vertex -0.007321643643081188 0.08126360923051834 0.003000000026077032
			vertex -0.011617517098784447 0.08243374526500702 0.003000000026077032
			vertex -0.008483669720590115 0.08074723929166794 0.003000000026077032
		endloop
	endfacet
	facet normal 0 0 1
		outer loop
			vertex 0.0029340318869799376 0.07121473550796509 0.003000000026077032
			vertex 0.004303778987377882 0.06564083695411682 0.003000000026077032
			vertex 0.0044842250645160675 0.06548096984624863 0.003000000026077032
		endloop
	endfacet
	facet normal 0 0 1
		outer loop
			vertex 0.0029340318869799376 0.07121473550796509 0.003000000026077032
			vertex 0.002441439079120755 0.0700424388051033 0.003000000026077032
			vertex 0.004303778987377882 0.06564083695411682 0.003000000026077032
		endloop
	endfacet
	facet normal 0 0 1
		outer loop
			vertex -0.006092479452490807 0.08158933371305466 0.003000000026077032
			vertex -0.012328027747571468 0.0833406150341034 0.003000000026077032
			vertex -0.007321643643081188 0.08126360923051834 0.003000000026077032
		endloop
	endfacet
	facet normal 0 0 1
		outer loop
			vertex 0.003234655363485217 0.07245028018951416 0.003000000026077032
			vertex 0.0044842250645160675 0.06548096984624863 0.003000000026077032
			vertex 0.004621170461177826 0.06528257578611374 0.003000000026077032
		endloop
	endfacet
	facet normal 0 0 1
		outer loop
			vertex 0.003234655363485217 0.07245028018951416 0.003000000026077032
			vertex 0.0029340318869799376 0.07121473550796509 0.003000000026077032
			vertex 0.0044842250645160675 0.06548096984624863 0.003000000026077032
		endloop
	endfacet
	facet normal 0 1 0
		outer loop
			vertex -0.026458969339728355 0.027544643729925156 -0.011377234011888504
			vertex -0.02946428582072258 0.027544643729925156 -0.013000000268220901
			vertex -0.02946428582072258 0.027544643729925156 -0.003000000026077032
		endloop
	endfacet
	facet normal 0 1 0
		outer loop
			vertex -0.0266987606883049 0.027544643729925156 -0.011647902429103851
			vertex -0.02946428582072258 0.027544643729925156 -0.013000000268220901
			vertex -0.026458969339728355 0.027544643729925156 -0.011377234011888504
		endloop
	endfacet
	facet normal 0 1 0
		outer loop
			vertex -0.026161370798945427 0.027544643729925156 -0.011171815916895866
			vertex -0.026458969339728355 0.027544643729925156 -0.011377234011888504
			vertex -0.02946428582072258 0.027544643729925156 -0.003000000026077032
		endloop
	endfacet
	facet normal 0 1 0
		outer loop
			vertex -0.026866810396313667 0.027544643729925156 -0.011968092992901802
			vertex -0.02946428582072258 0.027544643729925156 -0.013000000268220901
			vertex -0.0266987606883049 0.027544643729925156 -0.011647902429103851
		endloop
	endfacet
	facet normal 0 1 0
		outer loop
			vertex -0.025823259726166725 0.027544643729925156 -0.011043587699532509
			vertex -0.026161370798945427 0.027544643729925156 -0.011171815916895866
			vertex -0.02946428582072258 0.027544643729925156 -0.003000000026077032
		endloop
	endfacet
	facet normal 0 1 0
		outer loop
			vertex -0.026953348889946938 0.027544643729925156 -0.012319195084273815
			vertex -0.02946428582072258 0.027544643729925156 -0.013000000268220901
			vertex -0.026866810396313667 0.027544643729925156 -0.011968092992901802
		endloop
	endfacet
	facet normal 0 1 0
		outer loop
			vertex -0.025464285165071487 0.027544643729925156 -0.010999999940395355
			vertex -0.025823259726166725 0.027544643729925156 -0.011043587699532509
			vertex -0.02946428582072258 0.027544643729925156 -0.003000000026077032
		endloop
	endfacet
	facet normal 0 1 0
		outer loop
			vertex -0.026953348889946938 0.027544643729925156 -0.012680805288255215
			vertex -0.02946428582072258 0.027544643729925156 -0.013000000268220901
			vertex -0.026953348889946938 0.027544643729925156 -0.012319195084273815
		endloop
	endfacet
	facet normal 0 1 0
		outer loop
			vertex -0.0251053124666214 0.027544643729925156 -0.011043587699532509
			vertex -0.025464285165071487 0.027544643729925156 -0.010999999940395355
			vertex -0.02946428582072258 0.027544643729925156 -0.003000000026077032
		endloop
	endfacet
	facet normal 0 1 0
		outer loop
			vertex -0.026866810396313667 0.027544643729925156 -0.013031907379627228
			vertex -0.029376791790127754 0.027544643729925156 -0.014446440152823925
			vertex -0.02946428582072258 0.027544643729925156 -0.013000000268220901
		endloop
	endfacet
	facet normal 0 1 0
		outer loop
			vertex -0.026866810396313667 0.027544643729925156 -0.013031907379627228
			vertex -0.02946428582072258 0.027544643729925156 -0.013000000268220901
			vertex -0.026953348889946938 0.027544643729925156 -0.012680805288255215
		endloop
	endfacet
	facet normal 0 1 0
		outer loop
			vertex -0.024767201393842697 0.027544643729925156 -0.011171815916895866
			vertex -0.0251053124666214 0.027544643729925156 -0.011043587699532509
			vertex -0.02946428582072258 0.027544643729925156 -0.003000000026077032
		endloop
	endfacet
	facet normal 0 1 0
		outer loop
			vertex -0.0266987606883049 0.027544643729925156 -0.013352097012102604
			vertex -0.029376791790127754 0.027544643729925156 -0.014446440152823925
			vertex -0.026866810396313667 0.027544643729925156 -0.013031907379627228
		endloop
	endfacet
	facet normal 0 1 0
		outer loop
			vertex -0.026458969339728355 0.027544643729925156 -0.013622766360640526
			vertex -0.02911558747291565 0.027544643729925156 -0.015871787443757057
			vertex -0.029376791790127754 0.027544643729925156 -0.014446440152823925
		endloop
	endfacet
	facet normal 0 1 0
		outer loop
			vertex -0.026458969339728355 0.027544643729925156 -0.013622766360640526
			vertex -0.029376791790127754 0.027544643729925156 -0.014446440152823925
			vertex -0.0266987606883049 0.027544643729925156 -0.013352097012102604
		endloop
	endfacet
	facet normal 0 1 0
		outer loop
			vertex -0.026161370798945427 0.027544643729925156 -0.013828184455633163
			vertex -0.02911558747291565 0.027544643729925156 -0.015871787443757057
			vertex -0.026458969339728355 0.027544643729925156 -0.013622766360640526
		endloop
	endfacet
	facet normal 0 1 0
		outer loop
			vertex -0.028684480115771294 0.027544643729925156 -0.017255257815122604
			vertex -0.02911558747291565 0.027544643729925156 -0.015871787443757057
			vertex -0.026161370798945427 0.027544643729925156 -0.013828184455633163
		endloop
	endfacet
	facet normal 0 1 0
		outer loop
			vertex -0.028684480115771294 0.027544643729925156 -0.017255257815122604
			vertex -0.025823259726166725 0.027544643729925156 -0.013956412672996521
			vertex -0.025464285165071487 0.027544643729925156 -0.014000000432133675
		endloop
	endfacet
	facet normal 0 1 0
		outer loop
			vertex -0.028684480115771294 0.027544643729925156 -0.017255257815122604
			vertex -0.026161370798945427 0.027544643729925156 -0.013828184455633163
			vertex -0.025823259726166725 0.027544643729925156 -0.013956412672996521
		endloop
	endfacet
	facet normal 0 1 0
		outer loop
			vertex -0.02808975800871849 0.027544643729925156 -0.01857667788863182
			vertex -0.028684480115771294 0.027544643729925156 -0.017255257815122604
			vertex -0.025464285165071487 0.027544643729925156 -0.014000000432133675
		endloop
	endfacet
	facet normal 0 1 0
		outer loop
			vertex -0.02808975800871849 0.027544643729925156 -0.01857667788863182
			vertex -0.025464285165071487 0.027544643729925156 -0.014000000432133675
			vertex -0.0251053124666214 0.027544643729925156 -0.013956412672996521
		endloop
	endfacet
	facet normal 0 1 0
		outer loop
			vertex -0.02734009176492691 0.027544643729925156 -0.019816776737570763
			vertex -0.02808975800871849 0.027544643729925156 -0.01857667788863182
			vertex -0.0251053124666214 0.027544643729925156 -0.013956412672996521
		endloop
	endfacet
	facet normal 0 1 0
		outer loop
			vertex -0.018698761239647865 0.027544643729925156 -0.011647902429103851
			vertex -0.02446960099041462 0.027544643729925156 -0.011377234011888504
			vertex -0.01845896989107132 0.027544643729925156 -0.011377234011888504
		endloop
	endfacet
	facet normal 0 1 0
		outer loop
			vertex -0.018698761239647865 0.027544643729925156 -0.011647902429103851
			vertex -0.024229809641838074 0.027544643729925156 -0.011647902429103851
			vertex -0.02446960099041462 0.027544643729925156 -0.011377234011888504
		endloop
	endfacet
	facet normal 0 1 0
		outer loop
			vertex -0.01816137135028839 0.027544643729925156 -0.011171815916895866
			vertex -0.024767201393842697 0.027544643729925156 -0.011171815916895866
			vertex -0.02946428582072258 0.027544643729925156 -0.003000000026077032
		endloop
	endfacet
	facet normal 0 1 0
		outer loop
			vertex -0.01816137135028839 0.027544643729925156 -0.011171815916895866
			vertex -0.01845896989107132 0.027544643729925156 -0.011377234011888504
			vertex -0.02446960099041462 0.027544643729925156 -0.011377234011888504
		endloop
	endfacet
	facet normal 0 1 0
		outer loop
			vertex -0.01816137135028839 0.027544643729925156 -0.011171815916895866
			vertex -0.02446960099041462 0.027544643729925156 -0.011377234011888504
			vertex -0.024767201393842697 0.027544643729925156 -0.011171815916895866
		endloop
	endfacet
	facet normal 0 1 0
		outer loop
			vertex -0.01886681094765663 0.027544643729925156 -0.011968092992901802
			vertex -0.024061761796474457 0.027544643729925156 -0.011968092992901802
			vertex -0.024229809641838074 0.027544643729925156 -0.011647902429103851
		endloop
	endfacet
	facet normal 0 1 0
		outer loop
			vertex -0.01886681094765663 0.027544643729925156 -0.011968092992901802
			vertex -0.024229809641838074 0.027544643729925156 -0.011647902429103851
			vertex -0.018698761239647865 0.027544643729925156 -0.011647902429103851
		endloop
	endfacet
	facet normal 0 1 0
		outer loop
			vertex -0.01782325841486454 0.027544643729925156 -0.011043587699532509
			vertex -0.01816137135028839 0.027544643729925156 -0.011171815916895866
			vertex -0.02946428582072258 0.027544643729925156 -0.003000000026077032
		endloop
	endfacet
	facet normal 0 1 0
		outer loop
			vertex -0.0189533494412899 0.027544643729925156 -0.012319195084273815
			vertex -0.023975223302841187 0.027544643729925156 -0.012319195084273815
			vertex -0.024061761796474457 0.027544643729925156 -0.011968092992901802
		endloop
	endfacet
	facet normal 0 1 0
		outer loop
			vertex -0.0189533494412899 0.027544643729925156 -0.012319195084273815
			vertex -0.024061761796474457 0.027544643729925156 -0.011968092992901802
			vertex -0.01886681094765663 0.027544643729925156 -0.011968092992901802
		endloop
	endfacet
	facet normal 0 1 0
		outer loop
			vertex -0.01746428571641445 0.027544643729925156 -0.010999999940395355
			vertex -0.01782325841486454 0.027544643729925156 -0.011043587699532509
			vertex -0.02946428582072258 0.027544643729925156 -0.003000000026077032
		endloop
	endfacet
	facet normal 0 1 0
		outer loop
			vertex -0.0189533494412899 0.027544643729925156 -0.012680805288255215
			vertex -0.023975223302841187 0.027544643729925156 -0.012319195084273815
			vertex -0.0189533494412899 0.027544643729925156 -0.012319195084273815
		endloop
	endfacet
	facet normal 0 1 0
		outer loop
			vertex -0.0189533494412899 0.027544643729925156 -0.012680805288255215
			vertex -0.023975223302841187 0.027544643729925156 -0.012680805288255215
			vertex -0.023975223302841187 0.027544643729925156 -0.012319195084273815
		endloop
	endfacet
	facet normal 0 1 0
		outer loop
			vertex -0.01886681094765663 0.027544643729925156 -0.013031907379627228
			vertex -0.024061761796474457 0.027544643729925156 -0.013031907379627228
			vertex -0.023975223302841187 0.027544643729925156 -0.012680805288255215
		endloop
	endfacet
	facet normal 0 1 0
		outer loop
			vertex -0.01886681094765663 0.027544643729925156 -0.013031907379627228
			vertex -0.023975223302841187 0.027544643729925156 -0.012680805288255215
			vertex -0.0189533494412899 0.027544643729925156 -0.012680805288255215
		endloop
	endfacet
	facet normal 0 1 0
		outer loop
			vertex -0.02644641511142254 0.027544643729925156 -0.020957471802830696
			vertex -0.02734009176492691 0.027544643729925156 -0.019816776737570763
			vertex -0.0251053124666214 0.027544643729925156 -0.013956412672996521
		endloop
	endfacet
	facet normal 0 1 0
		outer loop
			vertex -0.02644641511142254 0.027544643729925156 -0.020957471802830696
			vertex -0.0251053124666214 0.027544643729925156 -0.013956412672996521
			vertex -0.024767201393842697 0.027544643729925156 -0.013828184455633163
		endloop
	endfacet
	facet normal 0 1 0
		outer loop
			vertex -0.018698761239647865 0.027544643729925156 -0.013352097012102604
			vertex -0.024061761796474457 0.027544643729925156 -0.013031907379627228
			vertex -0.01886681094765663 0.027544643729925156 -0.013031907379627228
		endloop
	endfacet
	facet normal 0 1 0
		outer loop
			vertex -0.018698761239647865 0.027544643729925156 -0.013352097012102604
			vertex -0.024229809641838074 0.027544643729925156 -0.013352097012102604
			vertex -0.024061761796474457 0.027544643729925156 -0.013031907379627228
		endloop
	endfacet
	facet normal 0 1 0
		outer loop
			vertex -0.01845896989107132 0.027544643729925156 -0.013622766360640526
			vertex -0.02446960099041462 0.027544643729925156 -0.013622766360640526
			vertex -0.024229809641838074 0.027544643729925156 -0.013352097012102604
		endloop
	endfacet
	facet normal 0 1 0
		outer loop
			vertex -0.01845896989107132 0.027544643729925156 -0.013622766360640526
			vertex -0.024229809641838074 0.027544643729925156 -0.013352097012102604
			vertex -0.018698761239647865 0.027544643729925156 -0.013352097012102604
		endloop
	endfacet
	facet normal 0 1 0
		outer loop
			vertex -0.025421757251024246 0.027544643729925156 -0.02198212966322899
			vertex -0.024767201393842697 0.027544643729925156 -0.013828184455633163
			vertex -0.02446960099041462 0.027544643729925156 -0.013622766360640526
		endloop
	endfacet
	facet normal 0 1 0
		outer loop
			vertex -0.025421757251024246 0.027544643729925156 -0.02198212966322899
			vertex -0.02644641511142254 0.027544643729925156 -0.020957471802830696
			vertex -0.024767201393842697 0.027544643729925156 -0.013828184455633163
		endloop
	endfacet
	facet normal 0 1 0
		outer loop
			vertex -0.005464285612106323 0.027544643729925156 -0.003000000026077032
			vertex -0.01746428571641445 0.027544643729925156 -0.010999999940395355
			vertex -0.02946428582072258 0.027544643729925156 -0.003000000026077032
		endloop
	endfacet
	facet normal 0 1 0
		outer loop
			vertex -0.005464285612106323 0.027544643729925156 -0.003000000026077032
			vertex -0.017105313017964363 0.027544643729925156 -0.011043587699532509
			vertex -0.01746428571641445 0.027544643729925156 -0.010999999940395355
		endloop
	endfacet
	facet normal 0 1 0
		outer loop
			vertex -0.005464285612106323 0.027544643729925156 -0.003000000026077032
			vertex -0.016767200082540512 0.027544643729925156 -0.011171815916895866
			vertex -0.017105313017964363 0.027544643729925156 -0.011043587699532509
		endloop
	endfacet
	facet normal 0 1 0
		outer loop
			vertex -0.024281062185764313 0.027544643729925156 -0.02287580631673336
			vertex -0.02446960099041462 0.027544643729925156 -0.013622766360640526
			vertex -0.01845896989107132 0.027544643729925156 -0.013622766360640526
		endloop
	endfacet
	facet normal 0 1 0
		outer loop
			vertex -0.024281062185764313 0.027544643729925156 -0.02287580631673336
			vertex -0.025421757251024246 0.027544643729925156 -0.02198212966322899
			vertex -0.02446960099041462 0.027544643729925156 -0.013622766360640526
		endloop
	endfacet
	facet normal 0 1 0
		outer loop
			vertex -0.024281062185764313 0.027544643729925156 -0.02287580631673336
			vertex -0.01845896989107132 0.027544643729925156 -0.013622766360640526
			vertex -0.01816137135028839 0.027544643729925156 -0.013828184455633163
		endloop
	endfacet
	facet normal 0 1 0
		outer loop
			vertex -0.02304096333682537 0.027544643729925156 -0.02362547256052494
			vertex -0.024281062185764313 0.027544643729925156 -0.02287580631673336
			vertex -0.01816137135028839 0.027544643729925156 -0.013828184455633163
		endloop
	endfacet
	facet normal 0 1 0
		outer loop
			vertex -0.01069876179099083 0.027544643729925156 -0.011647902429103851
			vertex -0.016469601541757584 0.027544643729925156 -0.011377234011888504
			vertex -0.01045896951109171 0.027544643729925156 -0.011377234011888504
		endloop
	endfacet
	facet normal 0 1 0
		outer loop
			vertex -0.01069876179099083 0.027544643729925156 -0.011647902429103851
			vertex -0.016229810193181038 0.027544643729925156 -0.011647902429103851
			vertex -0.016469601541757584 0.027544643729925156 -0.011377234011888504
		endloop
	endfacet
	facet normal 0 1 0
		outer loop
			vertex -0.010161370038986206 0.027544643729925156 -0.011171815916895866
			vertex -0.01045896951109171 0.027544643729925156 -0.011377234011888504
			vertex -0.016469601541757584 0.027544643729925156 -0.011377234011888504
		endloop
	endfacet
	facet normal 0 1 0
		outer loop
			vertex -0.010161370038986206 0.027544643729925156 -0.011171815916895866
			vertex -0.016469601541757584 0.027544643729925156 -0.011377234011888504
			vertex -0.016767200082540512 0.027544643729925156 -0.011171815916895866
		endloop
	endfacet
	facet normal 0 1 0
		outer loop
			vertex -0.010161370038986206 0.027544643729925156 -0.011171815916895866
			vertex -0.016767200082540512 0.027544643729925156 -0.011171815916895866
			vertex -0.005464285612106323 0.027544643729925156 -0.003000000026077032
		endloop
	endfacet
	facet normal 0 1 0
		outer loop
			vertex -0.010866809636354446 0.027544643729925156 -0.011968092992901802
			vertex -0.016229810193181038 0.027544643729925156 -0.011647902429103851
			vertex -0.01069876179099083 0.027544643729925156 -0.011647902429103851
		endloop
	endfacet
	facet normal 0 1 0
		outer loop
			vertex -0.010866809636354446 0.027544643729925156 -0.011968092992901802
			vertex -0.01606176048517227 0.027544643729925156 -0.011968092992901802
			vertex -0.016229810193181038 0.027544643729925156 -0.011647902429103851
		endloop
	endfacet
	facet normal 0 1 0
		outer loop
			vertex -0.009823258966207504 0.027544643729925156 -0.011043587699532509
			vertex -0.010161370038986206 0.027544643729925156 -0.011171815916895866
			vertex -0.005464285612106323 0.027544643729925156 -0.003000000026077032
		endloop
	endfacet
	facet normal 0 1 0
		outer loop
			vertex -0.010953349061310291 0.027544643729925156 -0.012319195084273815
			vertex -0.01606176048517227 0.027544643729925156 -0.011968092992901802
			vertex -0.010866809636354446 0.027544643729925156 -0.011968092992901802
		endloop
	endfacet
	facet normal 0 1 0
		outer loop
			vertex -0.010953349061310291 0.027544643729925156 -0.012319195084273815
			vertex -0.015975221991539 0.027544643729925156 -0.012319195084273815
			vertex -0.01606176048517227 0.027544643729925156 -0.011968092992901802
		endloop
	endfacet
	facet normal 0 1 0
		outer loop
			vertex -0.009464285336434841 0.027544643729925156 -0.010999999940395355
			vertex -0.009823258966207504 0.027544643729925156 -0.011043587699532509
			vertex -0.005464285612106323 0.027544643729925156 -0.003000000026077032
		endloop
	endfacet
	facet normal 0 1 0
		outer loop
			vertex -0.010953349061310291 0.027544643729925156 -0.012680805288255215
			vertex -0.015975221991539 0.027544643729925156 -0.012680805288255215
			vertex -0.015975221991539 0.027544643729925156 -0.012319195084273815
		endloop
	endfacet
	facet normal 0 1 0
		outer loop
			vertex -0.010953349061310291 0.027544643729925156 -0.012680805288255215
			vertex -0.015975221991539 0.027544643729925156 -0.012319195084273815
			vertex -0.010953349061310291 0.027544643729925156 -0.012319195084273815
		endloop
	endfacet
	facet normal 0 1 0
		outer loop
			vertex -0.009105312637984753 0.027544643729925156 -0.011043587699532509
			vertex -0.009464285336434841 0.027544643729925156 -0.010999999940395355
			vertex -0.005464285612106323 0.027544643729925156 -0.003000000026077032
		endloop
	endfacet
	facet normal 0 1 0
		outer loop
			vertex -0.010866809636354446 0.027544643729925156 -0.013031907379627228
			vertex -0.01606176048517227 0.027544643729925156 -0.013031907379627228
			vertex -0.015975221991539 0.027544643729925156 -0.012680805288255215
		endloop
	endfacet
	facet normal 0 1 0
		outer loop
			vertex -0.010866809636354446 0.027544643729925156 -0.013031907379627228
			vertex -0.015975221991539 0.027544643729925156 -0.012680805288255215
			vertex -0.010953349061310291 0.027544643729925156 -0.012680805288255215
		endloop
	endfacet
	facet normal 0 1 0
		outer loop
			vertex -0.008767200633883476 0.027544643729925156 -0.011171815916895866
			vertex -0.009105312637984753 0.027544643729925156 -0.011043587699532509
			vertex -0.005464285612106323 0.027544643729925156 -0.003000000026077032
		endloop
	endfacet
	facet normal 0 1 0
		outer loop
			vertex -0.021719545125961304 0.027544643729925156 -0.024220194667577744
			vertex -0.02304096333682537 0.027544643729925156 -0.02362547256052494
			vertex -0.01816137135028839 0.027544643729925156 -0.013828184455633163
		endloop
	endfacet
	facet normal 0 1 0
		outer loop
			vertex -0.021719545125961304 0.027544643729925156 -0.024220194667577744
			vertex -0.01816137135028839 0.027544643729925156 -0.013828184455633163
			vertex -0.01782325841486454 0.027544643729925156 -0.013956412672996521
		endloop
	endfacet
	facet normal 0 1 0
		outer loop
			vertex -0.01069876179099083 0.027544643729925156 -0.013352097012102604
			vertex -0.016229810193181038 0.027544643729925156 -0.013352097012102604
			vertex -0.01606176048517227 0.027544643729925156 -0.013031907379627228
		endloop
	endfacet
	facet normal 0 1 0
		outer loop
			vertex -0.01069876179099083 0.027544643729925156 -0.013352097012102604
			vertex -0.01606176048517227 0.027544643729925156 -0.013031907379627228
			vertex -0.010866809636354446 0.027544643729925156 -0.013031907379627228
		endloop
	endfacet
	facet normal 0 1 0
		outer loop
			vertex -0.008469602093100548 0.027544643729925156 -0.011377234011888504
			vertex -0.008767200633883476 0.027544643729925156 -0.011171815916895866
			vertex -0.005464285612106323 0.027544643729925156 -0.003000000026077032
		endloop
	endfacet
	facet normal 0 1 0
		outer loop
			vertex -0.01045896951109171 0.027544643729925156 -0.013622766360640526
			vertex -0.016469601541757584 0.027544643729925156 -0.013622766360640526
			vertex -0.016229810193181038 0.027544643729925156 -0.013352097012102604
		endloop
	endfacet
	facet normal 0 1 0
		outer loop
			vertex -0.01045896951109171 0.027544643729925156 -0.013622766360640526
			vertex -0.016229810193181038 0.027544643729925156 -0.013352097012102604
			vertex -0.01069876179099083 0.027544643729925156 -0.013352097012102604
		endloop
	endfacet
	facet normal 0 1 0
		outer loop
			vertex -0.020336072891950607 0.027544643729925156 -0.0246513020247221
			vertex -0.021719545125961304 0.027544643729925156 -0.024220194667577744
			vertex -0.01782325841486454 0.027544643729925156 -0.013956412672996521
		endloop
	endfacet
	facet normal 0 1 0
		outer loop
			vertex -0.01891072653234005 0.027544643729925156 -0.024912506341934204
			vertex -0.020336072891950607 0.027544643729925156 -0.0246513020247221
			vertex -0.01782325841486454 0.027544643729925156 -0.013956412672996521
		endloop
	endfacet
	facet normal 0 1 0
		outer loop
			vertex -0.01891072653234005 0.027544643729925156 -0.024912506341934204
			vertex -0.01782325841486454 0.027544643729925156 -0.013956412672996521
			vertex -0.01746428571641445 0.027544643729925156 -0.014000000432133675
		endloop
	endfacet
	facet normal 0 1 0
		outer loop
			vertex -0.005464285612106323 0.027544643729925156 -0.013000000268220901
			vertex -0.008229809813201427 0.027544643729925156 -0.011647902429103851
			vertex -0.008469602093100548 0.027544643729925156 -0.011377234011888504
		endloop
	endfacet
	facet normal 0 1 0
		outer loop
			vertex -0.005464285612106323 0.027544643729925156 -0.013000000268220901
			vertex -0.008061761036515236 0.027544643729925156 -0.011968092992901802
			vertex -0.008229809813201427 0.027544643729925156 -0.011647902429103851
		endloop
	endfacet
	facet normal 0 1 0
		outer loop
			vertex -0.005464285612106323 0.027544643729925156 -0.013000000268220901
			vertex -0.007975222542881966 0.027544643729925156 -0.012319195084273815
			vertex -0.008061761036515236 0.027544643729925156 -0.011968092992901802
		endloop
	endfacet
	facet normal 0 1 0
		outer loop
			vertex -0.005464285612106323 0.027544643729925156 -0.013000000268220901
			vertex -0.007975222542881966 0.027544643729925156 -0.012680805288255215
			vertex -0.007975222542881966 0.027544643729925156 -0.012319195084273815
		endloop
	endfacet
	facet normal 0 1 0
		outer loop
			vertex -0.005464285612106323 0.027544643729925156 -0.013000000268220901
			vertex -0.008061761036515236 0.027544643729925156 -0.013031907379627228
			vertex -0.007975222542881966 0.027544643729925156 -0.012680805288255215
		endloop
	endfacet
	facet normal 0 1 0
		outer loop
			vertex -0.005464285612106323 0.027544643729925156 -0.013000000268220901
			vertex -0.008469602093100548 0.027544643729925156 -0.011377234011888504
			vertex -0.005464285612106323 0.027544643729925156 -0.003000000026077032
		endloop
	endfacet
	facet normal 0 1 0
		outer loop
			vertex -0.01746428571641445 0.027544643729925156 -0.02500000037252903
			vertex -0.01891072653234005 0.027544643729925156 -0.024912506341934204
			vertex -0.01746428571641445 0.027544643729925156 -0.014000000432133675
		endloop
	endfacet
	facet normal 0 1 0
		outer loop
			vertex -0.016017844900488853 0.027544643729925156 -0.024912506341934204
			vertex -0.01746428571641445 0.027544643729925156 -0.014000000432133675
			vertex -0.017105313017964363 0.027544643729925156 -0.013956412672996521
		endloop
	endfacet
	facet normal 0 1 0
		outer loop
			vertex -0.016017844900488853 0.027544643729925156 -0.024912506341934204
			vertex -0.01746428571641445 0.027544643729925156 -0.02500000037252903
			vertex -0.01746428571641445 0.027544643729925156 -0.014000000432133675
		endloop
	endfacet
	facet normal 0 1 0
		outer loop
			vertex -0.005551779177039862 0.027544643729925156 -0.014446440152823925
			vertex -0.008229809813201427 0.027544643729925156 -0.013352097012102604
			vertex -0.008061761036515236 0.027544643729925156 -0.013031907379627228
		endloop
	endfacet
	facet normal 0 1 0
		outer loop
			vertex -0.005551779177039862 0.027544643729925156 -0.014446440152823925
			vertex -0.008469602093100548 0.027544643729925156 -0.013622766360640526
			vertex -0.008229809813201427 0.027544643729925156 -0.013352097012102604
		endloop
	endfacet
	facet normal 0 1 0
		outer loop
			vertex -0.005551779177039862 0.027544643729925156 -0.014446440152823925
			vertex -0.008061761036515236 0.027544643729925156 -0.013031907379627228
			vertex -0.005464285612106323 0.027544643729925156 -0.013000000268220901
		endloop
	endfacet
	facet normal 0 1 0
		outer loop
			vertex -0.014592497609555721 0.027544643729925156 -0.0246513020247221
			vertex -0.016017844900488853 0.027544643729925156 -0.024912506341934204
			vertex -0.017105313017964363 0.027544643729925156 -0.013956412672996521
		endloop
	endfacet
	facet normal 0 1 0
		outer loop
			vertex -0.005812983959913254 0.027544643729925156 -0.015871787443757057
			vertex -0.008767200633883476 0.027544643729925156 -0.013828184455633163
			vertex -0.008469602093100548 0.027544643729925156 -0.013622766360640526
		endloop
	endfacet
	facet normal 0 1 0
		outer loop
			vertex -0.005812983959913254 0.027544643729925156 -0.015871787443757057
			vertex -0.008469602093100548 0.027544643729925156 -0.013622766360640526
			vertex -0.005551779177039862 0.027544643729925156 -0.014446440152823925
		endloop
	endfacet
	facet normal 0 1 0
		outer loop
			vertex -0.013209027238190174 0.027544643729925156 -0.024220194667577744
			vertex -0.017105313017964363 0.027544643729925156 -0.013956412672996521
			vertex -0.016767200082540512 0.027544643729925156 -0.013828184455633163
		endloop
	endfacet
	facet normal 0 1 0
		outer loop
			vertex -0.013209027238190174 0.027544643729925156 -0.024220194667577744
			vertex -0.014592497609555721 0.027544643729925156 -0.0246513020247221
			vertex -0.017105313017964363 0.027544643729925156 -0.013956412672996521
		endloop
	endfacet
	facet normal 0 1 0
		outer loop
			vertex -0.006244090851396322 0.027544643729925156 -0.017255257815122604
			vertex -0.008767200633883476 0.027544643729925156 -0.013828184455633163
			vertex -0.005812983959913254 0.027544643729925156 -0.015871787443757057
		endloop
	endfacet
	facet normal 0 1 0
		outer loop
			vertex -0.006244090851396322 0.027544643729925156 -0.017255257815122604
			vertex -0.009105312637984753 0.027544643729925156 -0.013956412672996521
			vertex -0.008767200633883476 0.027544643729925156 -0.013828184455633163
		endloop
	endfacet
	facet normal 0 1 0
		outer loop
			vertex -0.006244090851396322 0.027544643729925156 -0.017255257815122604
			vertex -0.009464285336434841 0.027544643729925156 -0.014000000432133675
			vertex -0.009105312637984753 0.027544643729925156 -0.013956412672996521
		endloop
	endfacet
	facet normal 0 1 0
		outer loop
			vertex -0.011887608096003532 0.027544643729925156 -0.02362547256052494
			vertex -0.013209027238190174 0.027544643729925156 -0.024220194667577744
			vertex -0.016767200082540512 0.027544643729925156 -0.013828184455633163
		endloop
	endfacet
	facet normal 0 1 0
		outer loop
			vertex -0.006838813424110413 0.027544643729925156 -0.01857667788863182
			vertex -0.009464285336434841 0.027544643729925156 -0.014000000432133675
			vertex -0.006244090851396322 0.027544643729925156 -0.017255257815122604
		endloop
	endfacet
	facet normal 0 1 0
		outer loop
			vertex -0.006838813424110413 0.027544643729925156 -0.01857667788863182
			vertex -0.009823258966207504 0.027544643729925156 -0.013956412672996521
			vertex -0.009464285336434841 0.027544643729925156 -0.014000000432133675
		endloop
	endfacet
	facet normal 0 1 0
		outer loop
			vertex -0.010647508315742016 0.027544643729925156 -0.02287580631673336
			vertex -0.016767200082540512 0.027544643729925156 -0.013828184455633163
			vertex -0.016469601541757584 0.027544643729925156 -0.013622766360640526
		endloop
	endfacet
	facet normal 0 1 0
		outer loop
			vertex -0.010647508315742016 0.027544643729925156 -0.02287580631673336
			vertex -0.011887608096003532 0.027544643729925156 -0.02362547256052494
			vertex -0.016767200082540512 0.027544643729925156 -0.013828184455633163
		endloop
	endfacet
	facet normal 0 1 0
		outer loop
			vertex -0.010647508315742016 0.027544643729925156 -0.02287580631673336
			vertex -0.016469601541757584 0.027544643729925156 -0.013622766360640526
			vertex -0.01045896951109171 0.027544643729925156 -0.013622766360640526
		endloop
	endfacet
	facet normal 0 1 0
		outer loop
			vertex -0.0075884792022407055 0.027544643729925156 -0.019816776737570763
			vertex -0.009823258966207504 0.027544643729925156 -0.013956412672996521
			vertex -0.006838813424110413 0.027544643729925156 -0.01857667788863182
		endloop
	endfacet
	facet normal 0 1 0
		outer loop
			vertex -0.009506814181804657 0.027544643729925156 -0.02198212966322899
			vertex -0.010647508315742016 0.027544643729925156 -0.02287580631673336
			vertex -0.01045896951109171 0.027544643729925156 -0.013622766360640526
		endloop
	endfacet
	facet normal 0 1 0
		outer loop
			vertex -0.009506814181804657 0.027544643729925156 -0.02198212966322899
			vertex -0.01045896951109171 0.027544643729925156 -0.013622766360640526
			vertex -0.010161370038986206 0.027544643729925156 -0.013828184455633163
		endloop
	endfacet
	facet normal 0 1 0
		outer loop
			vertex -0.008482156321406364 0.027544643729925156 -0.020957471802830696
			vertex -0.009823258966207504 0.027544643729925156 -0.013956412672996521
			vertex -0.0075884792022407055 0.027544643729925156 -0.019816776737570763
		endloop
	endfacet
	facet normal 0 1 0
		outer loop
			vertex -0.008482156321406364 0.027544643729925156 -0.020957471802830696
			vertex -0.009506814181804657 0.027544643729925156 -0.02198212966322899
			vertex -0.010161370038986206 0.027544643729925156 -0.013828184455633163
		endloop
	endfacet
	facet normal 0 1 0
		outer loop
			vertex -0.008482156321406364 0.027544643729925156 -0.020957471802830696
			vertex -0.010161370038986206 0.027544643729925156 -0.013828184455633163
			vertex -0.009823258966207504 0.027544643729925156 -0.013956412672996521
		endloop
	endfacet
	facet normal 0.06037882765125265 0 -0.9981755342480904
		outer loop
			vertex -0.016017844900488853 0.024544643238186836 -0.024912506341934204
			vertex -0.01746428571641445 0.024544643238186836 -0.02500000037252903
			vertex -0.01746428571641445 0.027544643729925156 -0.02500000037252903
		endloop
	endfacet
	facet normal 0.06037882765125265 0 -0.9981755342480904
		outer loop
			vertex -0.016017844900488853 0.024544643238186836 -0.024912506341934204
			vertex -0.01746428571641445 0.027544643729925156 -0.02500000037252903
			vertex -0.016017844900488853 0.027544643729925156 -0.024912506341934204
		endloop
	endfacet
	facet normal 0.1802548588618962 0 -0.9836199397412998
		outer loop
			vertex -0.014592497609555721 0.024544643238186836 -0.0246513020247221
			vertex -0.016017844900488853 0.027544643729925156 -0.024912506341934204
			vertex -0.014592497609555721 0.027544643729925156 -0.0246513020247221
		endloop
	endfacet
	facet normal 0.1802548588618962 0 -0.9836199397412998
		outer loop
			vertex -0.014592497609555721 0.024544643238186836 -0.0246513020247221
			vertex -0.016017844900488853 0.024544643238186836 -0.024912506341934204
			vertex -0.016017844900488853 0.027544643729925156 -0.024912506341934204
		endloop
	endfacet
	facet normal 0.29750340249699264 0 -0.9547207578673004
		outer loop
			vertex -0.013209027238190174 0.024544643238186836 -0.024220194667577744
			vertex -0.014592497609555721 0.027544643729925156 -0.0246513020247221
			vertex -0.013209027238190174 0.027544643729925156 -0.024220194667577744
		endloop
	endfacet
	facet normal 0.29750340249699264 0 -0.9547207578673004
		outer loop
			vertex -0.013209027238190174 0.024544643238186836 -0.024220194667577744
			vertex -0.014592497609555721 0.024544643238186836 -0.0246513020247221
			vertex -0.014592497609555721 0.027544643729925156 -0.0246513020247221
		endloop
	endfacet
	facet normal 0.41041259181097767 0 -0.9118999421444196
		outer loop
			vertex -0.011887608096003532 0.024544643238186836 -0.02362547256052494
			vertex -0.013209027238190174 0.027544643729925156 -0.024220194667577744
			vertex -0.011887608096003532 0.027544643729925156 -0.02362547256052494
		endloop
	endfacet
	facet normal 0.41041259181097767 0 -0.9118999421444196
		outer loop
			vertex -0.011887608096003532 0.024544643238186836 -0.02362547256052494
			vertex -0.013209027238190174 0.024544643238186836 -0.024220194667577744
			vertex -0.013209027238190174 0.027544643729925156 -0.024220194667577744
		endloop
	endfacet
	facet normal 0.5173377091930352 0 -0.855781335766855
		outer loop
			vertex -0.010647508315742016 0.024544643238186836 -0.02287580631673336
			vertex -0.011887608096003532 0.027544643729925156 -0.02362547256052494
			vertex -0.010647508315742016 0.027544643729925156 -0.02287580631673336
		endloop
	endfacet
	facet normal 0.5173377091930352 0 -0.855781335766855
		outer loop
			vertex -0.010647508315742016 0.024544643238186836 -0.02287580631673336
			vertex -0.011887608096003532 0.024544643238186836 -0.02362547256052494
			vertex -0.011887608096003532 0.027544643729925156 -0.02362547256052494
		endloop
	endfacet
	facet normal 0.6167188174086743 0 -0.7871835238710514
		outer loop
			vertex -0.009506814181804657 0.024544643238186836 -0.02198212966322899
			vertex -0.010647508315742016 0.027544643729925156 -0.02287580631673336
			vertex -0.009506814181804657 0.027544643729925156 -0.02198212966322899
		endloop
	endfacet
	facet normal 0.6167188174086743 0 -0.7871835238710514
		outer loop
			vertex -0.009506814181804657 0.024544643238186836 -0.02198212966322899
			vertex -0.010647508315742016 0.024544643238186836 -0.02287580631673336
			vertex -0.010647508315742016 0.027544643729925156 -0.02287580631673336
		endloop
	endfacet
	facet normal 0.7071067811865476 0 -0.7071067811865476
		outer loop
			vertex -0.008482156321406364 0.024544643238186836 -0.020957471802830696
			vertex -0.009506814181804657 0.027544643729925156 -0.02198212966322899
			vertex -0.008482156321406364 0.027544643729925156 -0.020957471802830696
		endloop
	endfacet
	facet normal 0.7071067811865476 0 -0.7071067811865476
		outer loop
			vertex -0.008482156321406364 0.024544643238186836 -0.020957471802830696
			vertex -0.009506814181804657 0.024544643238186836 -0.02198212966322899
			vertex -0.009506814181804657 0.027544643729925156 -0.02198212966322899
		endloop
	endfacet
	facet normal 0.7871836123104959 0 -0.6167187045240308
		outer loop
			vertex -0.0075884792022407055 0.024544643238186836 -0.019816776737570763
			vertex -0.008482156321406364 0.027544643729925156 -0.020957471802830696
			vertex -0.0075884792022407055 0.027544643729925156 -0.019816776737570763
		endloop
	endfacet
	facet normal 0.7871836123104959 0 -0.6167187045240308
		outer loop
			vertex -0.0075884792022407055 0.024544643238186836 -0.019816776737570763
			vertex -0.008482156321406364 0.024544643238186836 -0.020957471802830696
			vertex -0.008482156321406364 0.027544643729925156 -0.020957471802830696
		endloop
	endfacet
	facet normal 0.8557813060264584 0 -0.5173377583896708
		outer loop
			vertex -0.006838813424110413 0.024544643238186836 -0.01857667788863182
			vertex -0.0075884792022407055 0.027544643729925156 -0.019816776737570763
			vertex -0.006838813424110413 0.027544643729925156 -0.01857667788863182
		endloop
	endfacet
	facet normal 0.8557813060264584 0 -0.5173377583896708
		outer loop
			vertex -0.006838813424110413 0.024544643238186836 -0.01857667788863182
			vertex -0.0075884792022407055 0.024544643238186836 -0.019816776737570763
			vertex -0.0075884792022407055 0.027544643729925156 -0.019816776737570763
		endloop
	endfacet
	facet normal 0.911899930132978 0 -0.4104126184993219
		outer loop
			vertex -0.006244090851396322 0.024544643238186836 -0.017255257815122604
			vertex -0.006838813424110413 0.027544643729925156 -0.01857667788863182
			vertex -0.006244090851396322 0.027544643729925156 -0.017255257815122604
		endloop
	endfacet
	facet normal 0.911899930132978 0 -0.4104126184993219
		outer loop
			vertex -0.006244090851396322 0.024544643238186836 -0.017255257815122604
			vertex -0.006838813424110413 0.024544643238186836 -0.01857667788863182
			vertex -0.006838813424110413 0.027544643729925156 -0.01857667788863182
		endloop
	endfacet
	facet normal 0.9547208491408137 0 -0.29750310959020915
		outer loop
			vertex -0.005812983959913254 0.024544643238186836 -0.015871787443757057
			vertex -0.006244090851396322 0.027544643729925156 -0.017255257815122604
			vertex -0.005812983959913254 0.027544643729925156 -0.015871787443757057
		endloop
	endfacet
	facet normal 0.9547208491408137 0 -0.29750310959020915
		outer loop
			vertex -0.005812983959913254 0.024544643238186836 -0.015871787443757057
			vertex -0.006244090851396322 0.024544643238186836 -0.017255257815122604
			vertex -0.006244090851396322 0.027544643729925156 -0.017255257815122604
		endloop
	endfacet
	facet normal 0.9836198827653705 0 -0.18025516976952197
		outer loop
			vertex -0.005551779177039862 0.024544643238186836 -0.014446440152823925
			vertex -0.005812983959913254 0.027544643729925156 -0.015871787443757057
			vertex -0.005551779177039862 0.027544643729925156 -0.014446440152823925
		endloop
	endfacet
	facet normal 0.9836198827653705 0 -0.18025516976952197
		outer loop
			vertex -0.005551779177039862 0.024544643238186836 -0.014446440152823925
			vertex -0.005812983959913254 0.024544643238186836 -0.015871787443757057
			vertex -0.005812983959913254 0.027544643729925156 -0.015871787443757057
		endloop
	endfacet
	facet normal 0.9981755512722945 0 -0.06037854620849444
		outer loop
			vertex -0.005464285612106323 0.024544643238186836 -0.013000000268220901
			vertex -0.005551779177039862 0.027544643729925156 -0.014446440152823925
			vertex -0.005464285612106323 0.027544643729925156 -0.013000000268220901
		endloop
	endfacet
	facet normal 0.9981755512722945 0 -0.06037854620849444
		outer loop
			vertex -0.005464285612106323 0.024544643238186836 -0.013000000268220901
			vertex -0.005551779177039862 0.024544643238186836 -0.014446440152823925
			vertex -0.005551779177039862 0.027544643729925156 -0.014446440152823925
		endloop
	endfacet
	facet normal -0.9981755319050695 0 -0.060378866385779724
		outer loop
			vertex -0.029376791790127754 0.024544643238186836 -0.014446440152823925
			vertex -0.02946428582072258 0.024544643238186836 -0.013000000268220901
			vertex -0.02946428582072258 0.027544643729925156 -0.013000000268220901
		endloop
	endfacet
	facet normal -0.9981755319050695 0 -0.060378866385779724
		outer loop
			vertex -0.029376791790127754 0.024544643238186836 -0.014446440152823925
			vertex -0.02946428582072258 0.027544643729925156 -0.013000000268220901
			vertex -0.029376791790127754 0.027544643729925156 -0.014446440152823925
		endloop
	endfacet
	facet normal -0.9836199397412998 0 -0.1802548588618962
		outer loop
			vertex -0.02911558747291565 0.024544643238186836 -0.015871787443757057
			vertex -0.029376791790127754 0.027544643729925156 -0.014446440152823925
			vertex -0.02911558747291565 0.027544643729925156 -0.015871787443757057
		endloop
	endfacet
	facet normal -0.9836199397412998 0 -0.1802548588618962
		outer loop
			vertex -0.02911558747291565 0.024544643238186836 -0.015871787443757057
			vertex -0.029376791790127754 0.024544643238186836 -0.014446440152823925
			vertex -0.029376791790127754 0.027544643729925156 -0.014446440152823925
		endloop
	endfacet
	facet normal -0.9547207578673004 0 -0.29750340249699264
		outer loop
			vertex -0.028684480115771294 0.024544643238186836 -0.017255257815122604
			vertex -0.02911558747291565 0.027544643729925156 -0.015871787443757057
			vertex -0.028684480115771294 0.027544643729925156 -0.017255257815122604
		endloop
	endfacet
	facet normal -0.9547207578673004 0 -0.29750340249699264
		outer loop
			vertex -0.028684480115771294 0.024544643238186836 -0.017255257815122604
			vertex -0.02911558747291565 0.024544643238186836 -0.015871787443757057
			vertex -0.02911558747291565 0.027544643729925156 -0.015871787443757057
		endloop
	endfacet
	facet normal -0.9119000503993528 0 -0.41041235127814785
		outer loop
			vertex -0.02808975800871849 0.024544643238186836 -0.01857667788863182
			vertex -0.028684480115771294 0.027544643729925156 -0.017255257815122604
			vertex -0.02808975800871849 0.027544643729925156 -0.01857667788863182
		endloop
	endfacet
	facet normal -0.9119000503993528 0 -0.41041235127814785
		outer loop
			vertex -0.02808975800871849 0.024544643238186836 -0.01857667788863182
			vertex -0.028684480115771294 0.024544643238186836 -0.017255257815122604
			vertex -0.028684480115771294 0.027544643729925156 -0.017255257815122604
		endloop
	endfacet
	facet normal -0.8557811637563625 0 -0.5173379937331166
		outer loop
			vertex -0.02734009176492691 0.024544643238186836 -0.019816776737570763
			vertex -0.02808975800871849 0.027544643729925156 -0.01857667788863182
			vertex -0.02734009176492691 0.027544643729925156 -0.019816776737570763
		endloop
	endfacet
	facet normal -0.8557811637563625 0 -0.5173379937331166
		outer loop
			vertex -0.02734009176492691 0.024544643238186836 -0.019816776737570763
			vertex -0.02808975800871849 0.024544643238186836 -0.01857667788863182
			vertex -0.02808975800871849 0.027544643729925156 -0.01857667788863182
		endloop
	endfacet
	facet normal -0.7871837683159554 0 -0.6167185053976347
		outer loop
			vertex -0.02644641511142254 0.024544643238186836 -0.020957471802830696
			vertex -0.02734009176492691 0.027544643729925156 -0.019816776737570763
			vertex -0.02644641511142254 0.027544643729925156 -0.020957471802830696
		endloop
	endfacet
	facet normal -0.7871837683159554 0 -0.6167185053976347
		outer loop
			vertex -0.02644641511142254 0.024544643238186836 -0.020957471802830696
			vertex -0.02734009176492691 0.024544643238186836 -0.019816776737570763
			vertex -0.02734009176492691 0.027544643729925156 -0.019816776737570763
		endloop
	endfacet
	facet normal -0.7071067811865476 0 -0.7071067811865476
		outer loop
			vertex -0.025421757251024246 0.024544643238186836 -0.02198212966322899
			vertex -0.02644641511142254 0.027544643729925156 -0.020957471802830696
			vertex -0.025421757251024246 0.027544643729925156 -0.02198212966322899
		endloop
	endfacet
	facet normal -0.7071067811865476 0 -0.7071067811865476
		outer loop
			vertex -0.025421757251024246 0.024544643238186836 -0.02198212966322899
			vertex -0.02644641511142254 0.024544643238186836 -0.020957471802830696
			vertex -0.02644641511142254 0.027544643729925156 -0.020957471802830696
		endloop
	endfacet
	facet normal -0.6167185053976347 0 -0.7871837683159554
		outer loop
			vertex -0.024281062185764313 0.024544643238186836 -0.02287580631673336
			vertex -0.025421757251024246 0.027544643729925156 -0.02198212966322899
			vertex -0.024281062185764313 0.027544643729925156 -0.02287580631673336
		endloop
	endfacet
	facet normal -0.6167185053976347 0 -0.7871837683159554
		outer loop
			vertex -0.024281062185764313 0.024544643238186836 -0.02287580631673336
			vertex -0.025421757251024246 0.024544643238186836 -0.02198212966322899
			vertex -0.025421757251024246 0.027544643729925156 -0.02198212966322899
		endloop
	endfacet
	facet normal -0.5173379937331166 0 -0.8557811637563625
		outer loop
			vertex -0.02304096333682537 0.024544643238186836 -0.02362547256052494
			vertex -0.024281062185764313 0.027544643729925156 -0.02287580631673336
			vertex -0.02304096333682537 0.027544643729925156 -0.02362547256052494
		endloop
	endfacet
	facet normal -0.5173379937331166 0 -0.8557811637563625
		outer loop
			vertex -0.02304096333682537 0.024544643238186836 -0.02362547256052494
			vertex -0.024281062185764313 0.024544643238186836 -0.02287580631673336
			vertex -0.024281062185764313 0.027544643729925156 -0.02287580631673336
		endloop
	endfacet
	facet normal -0.41041283234406084 0 -0.9118998338892961
		outer loop
			vertex -0.021719545125961304 0.024544643238186836 -0.024220194667577744
			vertex -0.02304096333682537 0.027544643729925156 -0.02362547256052494
			vertex -0.021719545125961304 0.027544643729925156 -0.024220194667577744
		endloop
	endfacet
	facet normal -0.41041283234406084 0 -0.9118998338892961
		outer loop
			vertex -0.021719545125961304 0.024544643238186836 -0.024220194667577744
			vertex -0.02304096333682537 0.024544643238186836 -0.02362547256052494
			vertex -0.02304096333682537 0.027544643729925156 -0.02362547256052494
		endloop
	endfacet
	facet normal -0.2975030374032215 0 -0.9547208716351903
		outer loop
			vertex -0.020336072891950607 0.024544643238186836 -0.0246513020247221
			vertex -0.021719545125961304 0.027544643729925156 -0.024220194667577744
			vertex -0.020336072891950607 0.027544643729925156 -0.0246513020247221
		endloop
	endfacet
	facet normal -0.2975030374032215 0 -0.9547208716351903
		outer loop
			vertex -0.020336072891950607 0.024544643238186836 -0.0246513020247221
			vertex -0.021719545125961304 0.024544643238186836 -0.024220194667577744
			vertex -0.021719545125961304 0.027544643729925156 -0.024220194667577744
		endloop
	endfacet
	facet normal -0.180254972813734 0 -0.9836199188588651
		outer loop
			vertex -0.01891072653234005 0.024544643238186836 -0.024912506341934204
			vertex -0.020336072891950607 0.027544643729925156 -0.0246513020247221
			vertex -0.01891072653234005 0.027544643729925156 -0.024912506341934204
		endloop
	endfacet
	facet normal -0.180254972813734 0 -0.9836199188588651
		outer loop
			vertex -0.01891072653234005 0.024544643238186836 -0.024912506341934204
			vertex -0.020336072891950607 0.024544643238186836 -0.0246513020247221
			vertex -0.020336072891950607 0.027544643729925156 -0.0246513020247221
		endloop
	endfacet
	facet normal -0.06037882765125265 0 -0.9981755342480904
		outer loop
			vertex -0.01746428571641445 0.024544643238186836 -0.02500000037252903
			vertex -0.01891072653234005 0.027544643729925156 -0.024912506341934204
			vertex -0.01746428571641445 0.027544643729925156 -0.02500000037252903
		endloop
	endfacet
	facet normal -0.06037882765125265 0 -0.9981755342480904
		outer loop
			vertex -0.01746428571641445 0.024544643238186836 -0.02500000037252903
			vertex -0.01891072653234005 0.024544643238186836 -0.024912506341934204
			vertex -0.01891072653234005 0.027544643729925156 -0.024912506341934204
		endloop
	endfacet
	facet normal -0.12053826680259472 0 -0.9927086814550514
		outer loop
			vertex -0.017105313017964363 0.027544643729925156 -0.011043587699532509
			vertex -0.01746428571641445 0.024544643238186836 -0.010999999940395355
			vertex -0.01746428571641445 0.027544643729925156 -0.010999999940395355
		endloop
	endfacet
	facet normal -0.12053826680259472 0 -0.9927086814550514
		outer loop
			vertex -0.017105313017964363 0.027544643729925156 -0.011043587699532509
			vertex -0.017105313017964363 0.024544643238186836 -0.011043587699532509
			vertex -0.01746428571641445 0.024544643238186836 -0.010999999940395355
		endloop
	endfacet
	facet normal -0.35460221532636466 0 -0.9350172559293409
		outer loop
			vertex -0.016767200082540512 0.027544643729925156 -0.011171815916895866
			vertex -0.016767200082540512 0.024544643238186836 -0.011171815916895866
			vertex -0.017105313017964363 0.024544643238186836 -0.011043587699532509
		endloop
	endfacet
	facet normal -0.35460221532636466 0 -0.9350172559293409
		outer loop
			vertex -0.016767200082540512 0.027544643729925156 -0.011171815916895866
			vertex -0.017105313017964363 0.024544643238186836 -0.011043587699532509
			vertex -0.017105313017964363 0.027544643729925156 -0.011043587699532509
		endloop
	endfacet
	facet normal -0.5680659717153421 0 -0.8229830203467773
		outer loop
			vertex -0.016469601541757584 0.027544643729925156 -0.011377234011888504
			vertex -0.016469601541757584 0.024544643238186836 -0.011377234011888504
			vertex -0.016767200082540512 0.024544643238186836 -0.011171815916895866
		endloop
	endfacet
	facet normal -0.5680659717153421 0 -0.8229830203467773
		outer loop
			vertex -0.016469601541757584 0.027544643729925156 -0.011377234011888504
			vertex -0.016767200082540512 0.024544643238186836 -0.011171815916895866
			vertex -0.016767200082540512 0.027544643729925156 -0.011171815916895866
		endloop
	endfacet
	facet normal -0.7485106722471215 0 -0.6631227439412423
		outer loop
			vertex -0.016229810193181038 0.027544643729925156 -0.011647902429103851
			vertex -0.016229810193181038 0.024544643238186836 -0.011647902429103851
			vertex -0.016469601541757584 0.024544643238186836 -0.011377234011888504
		endloop
	endfacet
	facet normal -0.7485106722471215 0 -0.6631227439412423
		outer loop
			vertex -0.016229810193181038 0.027544643729925156 -0.011647902429103851
			vertex -0.016469601541757584 0.024544643238186836 -0.011377234011888504
			vertex -0.016469601541757584 0.027544643729925156 -0.011377234011888504
		endloop
	endfacet
	facet normal -0.885455187609563 0 -0.4647247687990319
		outer loop
			vertex -0.01606176048517227 0.027544643729925156 -0.011968092992901802
			vertex -0.01606176048517227 0.024544643238186836 -0.011968092992901802
			vertex -0.016229810193181038 0.024544643238186836 -0.011647902429103851
		endloop
	endfacet
	facet normal -0.885455187609563 0 -0.4647247687990319
		outer loop
			vertex -0.01606176048517227 0.027544643729925156 -0.011968092992901802
			vertex -0.016229810193181038 0.024544643238186836 -0.011647902429103851
			vertex -0.016229810193181038 0.027544643729925156 -0.011647902429103851
		endloop
	endfacet
	facet normal -0.9709420741692522 0 -0.23931462263704342
		outer loop
			vertex -0.015975221991539 0.027544643729925156 -0.012319195084273815
			vertex -0.015975221991539 0.024544643238186836 -0.012319195084273815
			vertex -0.01606176048517227 0.024544643238186836 -0.011968092992901802
		endloop
	endfacet
	facet normal -0.9709420741692522 0 -0.23931462263704342
		outer loop
			vertex -0.015975221991539 0.027544643729925156 -0.012319195084273815
			vertex -0.01606176048517227 0.024544643238186836 -0.011968092992901802
			vertex -0.01606176048517227 0.027544643729925156 -0.011968092992901802
		endloop
	endfacet
	facet normal -1 0 0
		outer loop
			vertex -0.015975221991539 0.027544643729925156 -0.012680805288255215
			vertex -0.015975221991539 0.024544643238186836 -0.012680805288255215
			vertex -0.015975221991539 0.024544643238186836 -0.012319195084273815
		endloop
	endfacet
	facet normal -1 0 0
		outer loop
			vertex -0.015975221991539 0.027544643729925156 -0.012680805288255215
			vertex -0.015975221991539 0.024544643238186836 -0.012319195084273815
			vertex -0.015975221991539 0.027544643729925156 -0.012319195084273815
		endloop
	endfacet
	facet normal -0.9709420741692522 0 0.23931462263704342
		outer loop
			vertex -0.01606176048517227 0.027544643729925156 -0.013031907379627228
			vertex -0.01606176048517227 0.024544643238186836 -0.013031907379627228
			vertex -0.015975221991539 0.024544643238186836 -0.012680805288255215
		endloop
	endfacet
	facet normal -0.9709420741692522 0 0.23931462263704342
		outer loop
			vertex -0.01606176048517227 0.027544643729925156 -0.013031907379627228
			vertex -0.015975221991539 0.024544643238186836 -0.012680805288255215
			vertex -0.015975221991539 0.027544643729925156 -0.012680805288255215
		endloop
	endfacet
	facet normal -0.885454631383527 0 0.46472582859301276
		outer loop
			vertex -0.016229810193181038 0.027544643729925156 -0.013352097012102604
			vertex -0.016229810193181038 0.024544643238186836 -0.013352097012102604
			vertex -0.01606176048517227 0.024544643238186836 -0.013031907379627228
		endloop
	endfacet
	facet normal -0.885454631383527 0 0.46472582859301276
		outer loop
			vertex -0.016229810193181038 0.027544643729925156 -0.013352097012102604
			vertex -0.01606176048517227 0.024544643238186836 -0.013031907379627228
			vertex -0.01606176048517227 0.027544643729925156 -0.013031907379627228
		endloop
	endfacet
	facet normal -0.748511804770394 0 0.6631214655848261
		outer loop
			vertex -0.016469601541757584 0.027544643729925156 -0.013622766360640526
			vertex -0.016469601541757584 0.024544643238186836 -0.013622766360640526
			vertex -0.016229810193181038 0.024544643238186836 -0.013352097012102604
		endloop
	endfacet
	facet normal -0.748511804770394 0 0.6631214655848261
		outer loop
			vertex -0.016469601541757584 0.027544643729925156 -0.013622766360640526
			vertex -0.016229810193181038 0.024544643238186836 -0.013352097012102604
			vertex -0.016229810193181038 0.027544643729925156 -0.013352097012102604
		endloop
	endfacet
	facet normal -0.5680659717153421 0 0.8229830203467773
		outer loop
			vertex -0.016767200082540512 0.027544643729925156 -0.013828184455633163
			vertex -0.016767200082540512 0.024544643238186836 -0.013828184455633163
			vertex -0.016469601541757584 0.024544643238186836 -0.013622766360640526
		endloop
	endfacet
	facet normal -0.5680659717153421 0 0.8229830203467773
		outer loop
			vertex -0.016767200082540512 0.027544643729925156 -0.013828184455633163
			vertex -0.016469601541757584 0.024544643238186836 -0.013622766360640526
			vertex -0.016469601541757584 0.027544643729925156 -0.013622766360640526
		endloop
	endfacet
	facet normal -0.35460221532636466 0 0.9350172559293409
		outer loop
			vertex -0.017105313017964363 0.027544643729925156 -0.013956412672996521
			vertex -0.017105313017964363 0.024544643238186836 -0.013956412672996521
			vertex -0.016767200082540512 0.024544643238186836 -0.013828184455633163
		endloop
	endfacet
	facet normal -0.35460221532636466 0 0.9350172559293409
		outer loop
			vertex -0.017105313017964363 0.027544643729925156 -0.013956412672996521
			vertex -0.016767200082540512 0.024544643238186836 -0.013828184455633163
			vertex -0.016767200082540512 0.027544643729925156 -0.013828184455633163
		endloop
	endfacet
	facet normal -0.12053826680259472 0 0.9927086814550514
		outer loop
			vertex -0.01746428571641445 0.027544643729925156 -0.014000000432133675
			vertex -0.01746428571641445 0.024544643238186836 -0.014000000432133675
			vertex -0.017105313017964363 0.024544643238186836 -0.013956412672996521
		endloop
	endfacet
	facet normal -0.12053826680259472 0 0.9927086814550514
		outer loop
			vertex -0.01746428571641445 0.027544643729925156 -0.014000000432133675
			vertex -0.017105313017964363 0.024544643238186836 -0.013956412672996521
			vertex -0.017105313017964363 0.027544643729925156 -0.013956412672996521
		endloop
	endfacet
	facet normal -0.12053826680259472 0 -0.9927086814550514
		outer loop
			vertex -0.0251053124666214 0.027544643729925156 -0.011043587699532509
			vertex -0.025464285165071487 0.024544643238186836 -0.010999999940395355
			vertex -0.025464285165071487 0.027544643729925156 -0.010999999940395355
		endloop
	endfacet
	facet normal -0.12053826680259472 0 -0.9927086814550514
		outer loop
			vertex -0.0251053124666214 0.027544643729925156 -0.011043587699532509
			vertex -0.0251053124666214 0.024544643238186836 -0.011043587699532509
			vertex -0.025464285165071487 0.024544643238186836 -0.010999999940395355
		endloop
	endfacet
	facet normal -0.3546039231812923 0 -0.9350166082291994
		outer loop
			vertex -0.024767201393842697 0.027544643729925156 -0.011171815916895866
			vertex -0.024767201393842697 0.024544643238186836 -0.011171815916895866
			vertex -0.0251053124666214 0.024544643238186836 -0.011043587699532509
		endloop
	endfacet
	facet normal -0.3546039231812923 0 -0.9350166082291994
		outer loop
			vertex -0.024767201393842697 0.027544643729925156 -0.011171815916895866
			vertex -0.0251053124666214 0.024544643238186836 -0.011043587699532509
			vertex -0.0251053124666214 0.027544643729925156 -0.011043587699532509
		endloop
	endfacet
	facet normal -0.5680635635935333 0 -0.8229846825533363
		outer loop
			vertex -0.02446960099041462 0.027544643729925156 -0.011377234011888504
			vertex -0.02446960099041462 0.024544643238186836 -0.011377234011888504
			vertex -0.024767201393842697 0.024544643238186836 -0.011171815916895866
		endloop
	endfacet
	facet normal -0.5680635635935333 0 -0.8229846825533363
		outer loop
			vertex -0.02446960099041462 0.027544643729925156 -0.011377234011888504
			vertex -0.024767201393842697 0.024544643238186836 -0.011171815916895866
			vertex -0.024767201393842697 0.027544643729925156 -0.011171815916895866
		endloop
	endfacet
	facet normal -0.7485106722471215 0 -0.6631227439412423
		outer loop
			vertex -0.024229809641838074 0.027544643729925156 -0.011647902429103851
			vertex -0.024229809641838074 0.024544643238186836 -0.011647902429103851
			vertex -0.02446960099041462 0.024544643238186836 -0.011377234011888504
		endloop
	endfacet
	facet normal -0.7485106722471215 0 -0.6631227439412423
		outer loop
			vertex -0.024229809641838074 0.027544643729925156 -0.011647902429103851
			vertex -0.02446960099041462 0.024544643238186836 -0.011377234011888504
			vertex -0.02446960099041462 0.027544643729925156 -0.011377234011888504
		endloop
	endfacet
	facet normal -0.885457307189221 0 -0.464720730272724
		outer loop
			vertex -0.024061761796474457 0.027544643729925156 -0.011968092992901802
			vertex -0.024061761796474457 0.024544643238186836 -0.011968092992901802
			vertex -0.024229809641838074 0.024544643238186836 -0.011647902429103851
		endloop
	endfacet
	facet normal -0.885457307189221 0 -0.464720730272724
		outer loop
			vertex -0.024061761796474457 0.027544643729925156 -0.011968092992901802
			vertex -0.024229809641838074 0.024544643238186836 -0.011647902429103851
			vertex -0.024229809641838074 0.027544643729925156 -0.011647902429103851
		endloop
	endfacet
	facet normal -0.9709420741692522 0 -0.23931462263704342
		outer loop
			vertex -0.023975223302841187 0.027544643729925156 -0.012319195084273815
			vertex -0.023975223302841187 0.024544643238186836 -0.012319195084273815
			vertex -0.024061761796474457 0.024544643238186836 -0.011968092992901802
		endloop
	endfacet
	facet normal -0.9709420741692522 0 -0.23931462263704342
		outer loop
			vertex -0.023975223302841187 0.027544643729925156 -0.012319195084273815
			vertex -0.024061761796474457 0.024544643238186836 -0.011968092992901802
			vertex -0.024061761796474457 0.027544643729925156 -0.011968092992901802
		endloop
	endfacet
	facet normal -1 0 0
		outer loop
			vertex -0.023975223302841187 0.027544643729925156 -0.012680805288255215
			vertex -0.023975223302841187 0.024544643238186836 -0.012680805288255215
			vertex -0.023975223302841187 0.024544643238186836 -0.012319195084273815
		endloop
	endfacet
	facet normal -1 0 0
		outer loop
			vertex -0.023975223302841187 0.027544643729925156 -0.012680805288255215
			vertex -0.023975223302841187 0.024544643238186836 -0.012319195084273815
			vertex -0.023975223302841187 0.027544643729925156 -0.012319195084273815
		endloop
	endfacet
	facet normal -0.9709420741692522 0 0.23931462263704342
		outer loop
			vertex -0.024061761796474457 0.027544643729925156 -0.013031907379627228
			vertex -0.024061761796474457 0.024544643238186836 -0.013031907379627228
			vertex -0.023975223302841187 0.024544643238186836 -0.012680805288255215
		endloop
	endfacet
	facet normal -0.9709420741692522 0 0.23931462263704342
		outer loop
			vertex -0.024061761796474457 0.027544643729925156 -0.013031907379627228
			vertex -0.023975223302841187 0.024544643238186836 -0.012680805288255215
			vertex -0.023975223302841187 0.027544643729925156 -0.012680805288255215
		endloop
	endfacet
	facet normal -0.8854567509715209 0 0.4647217900625688
		outer loop
			vertex -0.024229809641838074 0.027544643729925156 -0.013352097012102604
			vertex -0.024229809641838074 0.024544643238186836 -0.013352097012102604
			vertex -0.024061761796474457 0.024544643238186836 -0.013031907379627228
		endloop
	endfacet
	facet normal -0.8854567509715209 0 0.4647217900625688
		outer loop
			vertex -0.024229809641838074 0.027544643729925156 -0.013352097012102604
			vertex -0.024061761796474457 0.024544643238186836 -0.013031907379627228
			vertex -0.024061761796474457 0.027544643729925156 -0.013031907379627228
		endloop
	endfacet
	facet normal -0.748511804770394 0 0.6631214655848261
		outer loop
			vertex -0.02446960099041462 0.027544643729925156 -0.013622766360640526
			vertex -0.02446960099041462 0.024544643238186836 -0.013622766360640526
			vertex -0.024229809641838074 0.024544643238186836 -0.013352097012102604
		endloop
	endfacet
	facet normal -0.748511804770394 0 0.6631214655848261
		outer loop
			vertex -0.02446960099041462 0.027544643729925156 -0.013622766360640526
			vertex -0.024229809641838074 0.024544643238186836 -0.013352097012102604
			vertex -0.024229809641838074 0.027544643729925156 -0.013352097012102604
		endloop
	endfacet
	facet normal -0.5680635635935333 0 0.8229846825533363
		outer loop
			vertex -0.024767201393842697 0.027544643729925156 -0.013828184455633163
			vertex -0.024767201393842697 0.024544643238186836 -0.013828184455633163
			vertex -0.02446960099041462 0.024544643238186836 -0.013622766360640526
		endloop
	endfacet
	facet normal -0.5680635635935333 0 0.8229846825533363
		outer loop
			vertex -0.024767201393842697 0.027544643729925156 -0.013828184455633163
			vertex -0.02446960099041462 0.024544643238186836 -0.013622766360640526
			vertex -0.02446960099041462 0.027544643729925156 -0.013622766360640526
		endloop
	endfacet
	facet normal -0.3546039231812923 0 0.9350166082291994
		outer loop
			vertex -0.0251053124666214 0.027544643729925156 -0.013956412672996521
			vertex -0.0251053124666214 0.024544643238186836 -0.013956412672996521
			vertex -0.024767201393842697 0.024544643238186836 -0.013828184455633163
		endloop
	endfacet
	facet normal -0.3546039231812923 0 0.9350166082291994
		outer loop
			vertex -0.0251053124666214 0.027544643729925156 -0.013956412672996521
			vertex -0.024767201393842697 0.024544643238186836 -0.013828184455633163
			vertex -0.024767201393842697 0.027544643729925156 -0.013828184455633163
		endloop
	endfacet
	facet normal -0.12053826680259472 0 0.9927086814550514
		outer loop
			vertex -0.025464285165071487 0.027544643729925156 -0.014000000432133675
			vertex -0.025464285165071487 0.024544643238186836 -0.014000000432133675
			vertex -0.0251053124666214 0.024544643238186836 -0.013956412672996521
		endloop
	endfacet
	facet normal -0.12053826680259472 0 0.9927086814550514
		outer loop
			vertex -0.025464285165071487 0.027544643729925156 -0.014000000432133675
			vertex -0.0251053124666214 0.024544643238186836 -0.013956412672996521
			vertex -0.0251053124666214 0.027544643729925156 -0.013956412672996521
		endloop
	endfacet
	facet normal -0.12053826680259472 0 -0.9927086814550514
		outer loop
			vertex -0.009105312637984753 0.027544643729925156 -0.011043587699532509
			vertex -0.009464285336434841 0.024544643238186836 -0.010999999940395355
			vertex -0.009464285336434841 0.027544643729925156 -0.010999999940395355
		endloop
	endfacet
	facet normal -0.12053826680259472 0 -0.9927086814550514
		outer loop
			vertex -0.009105312637984753 0.027544643729925156 -0.011043587699532509
			vertex -0.009105312637984753 0.024544643238186836 -0.011043587699532509
			vertex -0.009464285336434841 0.024544643238186836 -0.010999999940395355
		endloop
	endfacet
	facet normal -0.35460306925192 0 -0.93501693208044
		outer loop
			vertex -0.008767200633883476 0.027544643729925156 -0.011171815916895866
			vertex -0.008767200633883476 0.024544643238186836 -0.011171815916895866
			vertex -0.009105312637984753 0.024544643238186836 -0.011043587699532509
		endloop
	endfacet
	facet normal -0.35460306925192 0 -0.93501693208044
		outer loop
			vertex -0.008767200633883476 0.027544643729925156 -0.011171815916895866
			vertex -0.009105312637984753 0.024544643238186836 -0.011043587699532509
			vertex -0.009105312637984753 0.027544643729925156 -0.011043587699532509
		endloop
	endfacet
	facet normal -0.5680659717153421 0 -0.8229830203467773
		outer loop
			vertex -0.008469602093100548 0.027544643729925156 -0.011377234011888504
			vertex -0.008469602093100548 0.024544643238186836 -0.011377234011888504
			vertex -0.008767200633883476 0.024544643238186836 -0.011171815916895866
		endloop
	endfacet
	facet normal -0.5680659717153421 0 -0.8229830203467773
		outer loop
			vertex -0.008469602093100548 0.027544643729925156 -0.011377234011888504
			vertex -0.008767200633883476 0.024544643238186836 -0.011171815916895866
			vertex -0.008767200633883476 0.027544643729925156 -0.011171815916895866
		endloop
	endfacet
	facet normal -0.7485093938900004 0 -0.6631241869050052
		outer loop
			vertex -0.008229809813201427 0.027544643729925156 -0.011647902429103851
			vertex -0.008229809813201427 0.024544643238186836 -0.011647902429103851
			vertex -0.008469602093100548 0.024544643238186836 -0.011377234011888504
		endloop
	endfacet
	facet normal -0.7485093938900004 0 -0.6631241869050052
		outer loop
			vertex -0.008229809813201427 0.027544643729925156 -0.011647902429103851
			vertex -0.008469602093100548 0.024544643238186836 -0.011377234011888504
			vertex -0.008469602093100548 0.027544643729925156 -0.011377234011888504
		endloop
	endfacet
	facet normal -0.8854562474004259 0 -0.46472274953950315
		outer loop
			vertex -0.008061761036515236 0.027544643729925156 -0.011968092992901802
			vertex -0.008061761036515236 0.024544643238186836 -0.011968092992901802
			vertex -0.008229809813201427 0.024544643238186836 -0.011647902429103851
		endloop
	endfacet
	facet normal -0.8854562474004259 0 -0.46472274953950315
		outer loop
			vertex -0.008061761036515236 0.027544643729925156 -0.011968092992901802
			vertex -0.008229809813201427 0.024544643238186836 -0.011647902429103851
			vertex -0.008229809813201427 0.027544643729925156 -0.011647902429103851
		endloop
	endfacet
	facet normal -0.9709420741692522 0 -0.23931462263704342
		outer loop
			vertex -0.007975222542881966 0.027544643729925156 -0.012319195084273815
			vertex -0.007975222542881966 0.024544643238186836 -0.012319195084273815
			vertex -0.008061761036515236 0.024544643238186836 -0.011968092992901802
		endloop
	endfacet
	facet normal -0.9709420741692522 0 -0.23931462263704342
		outer loop
			vertex -0.007975222542881966 0.027544643729925156 -0.012319195084273815
			vertex -0.008061761036515236 0.024544643238186836 -0.011968092992901802
			vertex -0.008061761036515236 0.027544643729925156 -0.011968092992901802
		endloop
	endfacet
	facet normal -1 0 0
		outer loop
			vertex -0.007975222542881966 0.027544643729925156 -0.012680805288255215
			vertex -0.007975222542881966 0.024544643238186836 -0.012680805288255215
			vertex -0.007975222542881966 0.024544643238186836 -0.012319195084273815
		endloop
	endfacet
	facet normal -1 0 0
		outer loop
			vertex -0.007975222542881966 0.027544643729925156 -0.012680805288255215
			vertex -0.007975222542881966 0.024544643238186836 -0.012319195084273815
			vertex -0.007975222542881966 0.027544643729925156 -0.012319195084273815
		endloop
	endfacet
	facet normal -0.9709420741692522 0 0.23931462263704342
		outer loop
			vertex -0.008061761036515236 0.027544643729925156 -0.013031907379627228
			vertex -0.008061761036515236 0.024544643238186836 -0.013031907379627228
			vertex -0.007975222542881966 0.024544643238186836 -0.012680805288255215
		endloop
	endfacet
	facet normal -0.9709420741692522 0 0.23931462263704342
		outer loop
			vertex -0.008061761036515236 0.027544643729925156 -0.013031907379627228
			vertex -0.007975222542881966 0.024544643238186836 -0.012680805288255215
			vertex -0.007975222542881966 0.027544643729925156 -0.012680805288255215
		endloop
	endfacet
	facet normal -0.8854556911785579 0 0.46472380933141605
		outer loop
			vertex -0.008229809813201427 0.027544643729925156 -0.013352097012102604
			vertex -0.008229809813201427 0.024544643238186836 -0.013352097012102604
			vertex -0.008061761036515236 0.024544643238186836 -0.013031907379627228
		endloop
	endfacet
	facet normal -0.8854556911785579 0 0.46472380933141605
		outer loop
			vertex -0.008229809813201427 0.027544643729925156 -0.013352097012102604
			vertex -0.008061761036515236 0.024544643238186836 -0.013031907379627228
			vertex -0.008061761036515236 0.027544643729925156 -0.013031907379627228
		endloop
	endfacet
	facet normal -0.7485105264162675 0 0.6631229085501739
		outer loop
			vertex -0.008469602093100548 0.027544643729925156 -0.013622766360640526
			vertex -0.008469602093100548 0.024544643238186836 -0.013622766360640526
			vertex -0.008229809813201427 0.024544643238186836 -0.013352097012102604
		endloop
	endfacet
	facet normal -0.7485105264162675 0 0.6631229085501739
		outer loop
			vertex -0.008469602093100548 0.027544643729925156 -0.013622766360640526
			vertex -0.008229809813201427 0.024544643238186836 -0.013352097012102604
			vertex -0.008229809813201427 0.027544643729925156 -0.013352097012102604
		endloop
	endfacet
	facet normal -0.5680659717153421 0 0.8229830203467773
		outer loop
			vertex -0.008767200633883476 0.027544643729925156 -0.013828184455633163
			vertex -0.008767200633883476 0.024544643238186836 -0.013828184455633163
			vertex -0.008469602093100548 0.024544643238186836 -0.013622766360640526
		endloop
	endfacet
	facet normal -0.5680659717153421 0 0.8229830203467773
		outer loop
			vertex -0.008767200633883476 0.027544643729925156 -0.013828184455633163
			vertex -0.008469602093100548 0.024544643238186836 -0.013622766360640526
			vertex -0.008469602093100548 0.027544643729925156 -0.013622766360640526
		endloop
	endfacet
	facet normal -0.35460306925192 0 0.93501693208044
		outer loop
			vertex -0.009105312637984753 0.027544643729925156 -0.013956412672996521
			vertex -0.009105312637984753 0.024544643238186836 -0.013956412672996521
			vertex -0.008767200633883476 0.024544643238186836 -0.013828184455633163
		endloop
	endfacet
	facet normal -0.35460306925192 0 0.93501693208044
		outer loop
			vertex -0.009105312637984753 0.027544643729925156 -0.013956412672996521
			vertex -0.008767200633883476 0.024544643238186836 -0.013828184455633163
			vertex -0.008767200633883476 0.027544643729925156 -0.013828184455633163
		endloop
	endfacet
	facet normal -0.12053826680259472 0 0.9927086814550514
		outer loop
			vertex -0.009464285336434841 0.027544643729925156 -0.014000000432133675
			vertex -0.009464285336434841 0.024544643238186836 -0.014000000432133675
			vertex -0.009105312637984753 0.024544643238186836 -0.013956412672996521
		endloop
	endfacet
	facet normal -0.12053826680259472 0 0.9927086814550514
		outer loop
			vertex -0.009464285336434841 0.027544643729925156 -0.014000000432133675
			vertex -0.009105312637984753 0.024544643238186836 -0.013956412672996521
			vertex -0.009105312637984753 0.027544643729925156 -0.013956412672996521
		endloop
	endfacet
	facet normal 0 0.9937123432768279 -0.11196329228490925
		outer loop
			vertex -0.02946428582072258 0.02761985920369625 -0.0023324370849877596
			vertex -0.005464285612106323 0.027544643729925156 -0.003000000026077032
			vertex -0.02946428582072258 0.027544643729925156 -0.003000000026077032
		endloop
	endfacet
	facet normal 0 0.9937123432768279 -0.11196329228490925
		outer loop
			vertex -0.02946428582072258 0.02761985920369625 -0.0023324370849877596
			vertex -0.005464285612106323 0.02761985920369625 -0.0023324370849877596
			vertex -0.005464285612106323 0.027544643729925156 -0.003000000026077032
		endloop
	endfacet
	facet normal 0 0.9438836384296522 -0.33027818139380916
		outer loop
			vertex -0.02946428582072258 0.027841735631227493 -0.001698348787613213
			vertex -0.005464285612106323 0.027841735631227493 -0.001698348787613213
			vertex -0.005464285612106323 0.02761985920369625 -0.0023324370849877596
		endloop
	endfacet
	facet normal 0 0.9438836384296522 -0.33027818139380916
		outer loop
			vertex -0.02946428582072258 0.027841735631227493 -0.001698348787613213
			vertex -0.005464285612106323 0.02761985920369625 -0.0023324370849877596
			vertex -0.02946428582072258 0.02761985920369625 -0.0023324370849877596
		endloop
	endfacet
	facet normal 0 0.846723186344349 -0.5320336885074789
		outer loop
			vertex -0.02946428582072258 0.028199149295687675 -0.0011295306030660868
			vertex -0.005464285612106323 0.028199149295687675 -0.0011295306030660868
			vertex -0.005464285612106323 0.027841735631227493 -0.001698348787613213
		endloop
	endfacet
	facet normal 0 0.846723186344349 -0.5320336885074789
		outer loop
			vertex -0.02946428582072258 0.028199149295687675 -0.0011295306030660868
			vertex -0.005464285612106323 0.027841735631227493 -0.001698348787613213
			vertex -0.02946428582072258 0.027841735631227493 -0.001698348787613213
		endloop
	endfacet
	facet normal 0 0.7071069544786209 -0.7071066078944318
		outer loop
			vertex -0.02946428582072258 0.0286741741001606 -0.0006545055657625198
			vertex -0.005464285612106323 0.0286741741001606 -0.0006545055657625198
			vertex -0.005464285612106323 0.028199149295687675 -0.0011295306030660868
		endloop
	endfacet
	facet normal 0 0.7071069544786209 -0.7071066078944318
		outer loop
			vertex -0.02946428582072258 0.0286741741001606 -0.0006545055657625198
			vertex -0.005464285612106323 0.028199149295687675 -0.0011295306030660868
			vertex -0.02946428582072258 0.028199149295687675 -0.0011295306030660868
		endloop
	endfacet
	facet normal 0 0.5320320263808326 -0.8467242307298788
		outer loop
			vertex -0.02946428582072258 0.029242992401123047 -0.00029709338559769094
			vertex -0.005464285612106323 0.029242992401123047 -0.00029709338559769094
			vertex -0.005464285612106323 0.0286741741001606 -0.0006545055657625198
		endloop
	endfacet
	facet normal 0 0.5320320263808326 -0.8467242307298788
		outer loop
			vertex -0.02946428582072258 0.029242992401123047 -0.00029709338559769094
			vertex -0.005464285612106323 0.0286741741001606 -0.0006545055657625198
			vertex -0.02946428582072258 0.0286741741001606 -0.0006545055657625198
		endloop
	endfacet
	facet normal 0 0.3302795842838356 -0.9438831475374994
		outer loop
			vertex -0.02946428582072258 0.029877079650759697 -0.00007521626685047522
			vertex -0.005464285612106323 0.029877079650759697 -0.00007521626685047522
			vertex -0.005464285612106323 0.029242992401123047 -0.00029709338559769094
		endloop
	endfacet
	facet normal 0 0.3302795842838356 -0.9438831475374994
		outer loop
			vertex -0.02946428582072258 0.029877079650759697 -0.00007521626685047522
			vertex -0.005464285612106323 0.029242992401123047 -0.00029709338559769094
			vertex -0.02946428582072258 0.029242992401123047 -0.00029709338559769094
		endloop
	endfacet
	facet normal 0 0.11196449659865301 -0.9937122075839717
		outer loop
			vertex -0.02946428582072258 0.030544642359018326 0
			vertex -0.005464285612106323 0.030544642359018326 0
			vertex -0.005464285612106323 0.029877079650759697 -0.00007521626685047522
		endloop
	endfacet
	facet normal 0 0.11196449659865301 -0.9937122075839717
		outer loop
			vertex -0.02946428582072258 0.030544642359018326 0
			vertex -0.005464285612106323 0.029877079650759697 -0.00007521626685047522
			vertex -0.02946428582072258 0.029877079650759697 -0.00007521626685047522
		endloop
	endfacet
	facet normal 0 -0.9961947999657722 0.0871545783143682
		outer loop
			vertex -0.02946428582072258 0.02463579550385475 -0.001958110835403204
			vertex -0.02946428582072258 0.024544643238186836 -0.003000000026077032
			vertex -0.005464285612106323 0.024544643238186836 -0.003000000026077032
		endloop
	endfacet
	facet normal 0 -0.9961947999657722 0.0871545783143682
		outer loop
			vertex -0.02946428582072258 0.02463579550385475 -0.001958110835403204
			vertex -0.005464285612106323 0.024544643238186836 -0.003000000026077032
			vertex -0.005464285612106323 0.02463579550385475 -0.001958110835403204
		endloop
	endfacet
	facet normal 0 -0.9659258244207191 0.2588190520752952
		outer loop
			vertex -0.02946428582072258 0.02490648627281189 -0.0009478791616857052
			vertex -0.005464285612106323 0.02463579550385475 -0.001958110835403204
			vertex -0.005464285612106323 0.02490648627281189 -0.0009478791616857052
		endloop
	endfacet
	facet normal 0 -0.9659258244207191 0.2588190520752952
		outer loop
			vertex -0.02946428582072258 0.02490648627281189 -0.0009478791616857052
			vertex -0.02946428582072258 0.02463579550385475 -0.001958110835403204
			vertex -0.005464285612106323 0.02463579550385475 -0.001958110835403204
		endloop
	endfacet
	facet normal -1.3708977909736306e-16 -0.906307596904943 0.42261866947922155
		outer loop
			vertex -0.02946428582072258 0.025348490104079247 4.336808689942018e-19
			vertex -0.005464285612106323 0.02490648627281189 -0.0009478791616857052
			vertex -0.005464285612106323 0.025348490104079247 8.239936510889834e-18
		endloop
	endfacet
	facet normal 0 -0.9063075969049418 0.42261866947922444
		outer loop
			vertex -0.02946428582072258 0.025348490104079247 4.336808689942018e-19
			vertex -0.02946428582072258 0.02490648627281189 -0.0009478791616857052
			vertex -0.005464285612106323 0.02490648627281189 -0.0009478791616857052
		endloop
	endfacet
	facet normal 0 -0.8191522309329448 0.5735761697957646
		outer loop
			vertex -0.02946428582072258 0.025948375463485718 0.0008567256736569107
			vertex -0.005464285612106323 0.025348490104079247 8.239936510889834e-18
			vertex -0.005464285612106323 0.025948375463485718 0.0008567256736569107
		endloop
	endfacet
	facet normal -1.8656175719188463e-16 -0.8191522309329471 0.573576169795761
		outer loop
			vertex -0.02946428582072258 0.025948375463485718 0.0008567256736569107
			vertex -0.02946428582072258 0.025348490104079247 4.336808689942018e-19
			vertex -0.005464285612106323 0.025348490104079247 8.239936510889834e-18
		endloop
	endfacet
	facet normal 0 -0.7071068090139666 0.7071067533591274
		outer loop
			vertex -0.02946428582072258 0.02668791636824608 0.0015962666366249323
			vertex -0.005464285612106323 0.025948375463485718 0.0008567256736569107
			vertex -0.005464285612106323 0.02668791636824608 0.0015962666366249323
		endloop
	endfacet
	facet normal 0 -0.7071068090139666 0.7071067533591274
		outer loop
			vertex -0.02946428582072258 0.02668791636824608 0.0015962666366249323
			vertex -0.02946428582072258 0.025948375463485718 0.0008567256736569107
			vertex -0.005464285612106323 0.025948375463485718 0.0008567256736569107
		endloop
	endfacet
	facet normal 0 -0.573575710228913 0.8191525527247037
		outer loop
			vertex -0.02946428582072258 0.027544643729925156 0.002196152461692691
			vertex -0.005464285612106323 0.02668791636824608 0.0015962666366249323
			vertex -0.005464285612106323 0.027544643729925156 0.002196152461692691
		endloop
	endfacet
	facet normal 0 -0.573575710228913 0.8191525527247037
		outer loop
			vertex -0.02946428582072258 0.027544643729925156 0.002196152461692691
			vertex -0.02946428582072258 0.02668791636824608 0.0015962666366249323
			vertex -0.005464285612106323 0.02668791636824608 0.0015962666366249323
		endloop
	endfacet
	facet normal 0 -0.42261881537255835 0.9063075288736686
		outer loop
			vertex -0.02946428582072258 0.028492521494627 0.0026381558272987604
			vertex -0.005464285612106323 0.027544643729925156 0.002196152461692691
			vertex -0.005464285612106323 0.028492521494627 0.0026381558272987604
		endloop
	endfacet
	facet normal 0 -0.42261881537255835 0.9063075288736686
		outer loop
			vertex -0.02946428582072258 0.028492521494627 0.0026381558272987604
			vertex -0.02946428582072258 0.027544643729925156 0.002196152461692691
			vertex -0.005464285612106323 0.027544643729925156 0.002196152461692691
		endloop
	endfacet
	facet normal 0 -0.2588190520752952 0.9659258244207191
		outer loop
			vertex -0.02946428582072258 0.029502753168344498 0.0029088465962558985
			vertex -0.005464285612106323 0.028492521494627 0.0026381558272987604
			vertex -0.005464285612106323 0.029502753168344498 0.0029088465962558985
		endloop
	endfacet
	facet normal 0 -0.2588190520752952 0.9659258244207191
		outer loop
			vertex -0.02946428582072258 0.029502753168344498 0.0029088465962558985
			vertex -0.02946428582072258 0.028492521494627 0.0026381558272987604
			vertex -0.005464285612106323 0.028492521494627 0.0026381558272987604
		endloop
	endfacet
	facet normal 0 -0.08715568295587765 0.9961947033228468
		outer loop
			vertex -0.02946428582072258 0.030544642359018326 0.003000000026077032
			vertex -0.005464285612106323 0.029502753168344498 0.0029088465962558985
			vertex -0.005464285612106323 0.030544642359018326 0.003000000026077032
		endloop
	endfacet
	facet normal 0 -0.08715568295587765 0.9961947033228468
		outer loop
			vertex -0.02946428582072258 0.030544642359018326 0.003000000026077032
			vertex -0.02946428582072258 0.029502753168344498 0.0029088465962558985
			vertex -0.005464285612106323 0.029502753168344498 0.0029088465962558985
		endloop
	endfacet
endsolid exported
